temperature_C,pCO2_bar,pH,wall_shear_stress_Pa,NaCl_wt_pct,corrosion_rate_dewaard1975_mmpy,corrosion_rate_dewaard1995_mmpy,corrosion_rate_target_mmpy,model_disagreement_ratio,regime
97.72,0.1189,4.33,3.06,14.73,0.81257,4.53993,1.92068,5.5871,conventional_oilfield_range
17.61,1.844,3.59,2.991,10.11,0.41376,5.80559,1.54988,14.0314,conventional_oilfield_range
99.23,4.3134,4.16,19.156,16.19,63.6548,180.90513,107.3102,2.842,conventional_oilfield_range
106.23,1.0489,3.97,121.055,6.73,135.22181,737.95632,315.89206,5.4574,conventional_oilfield_range
127.89,6.4741,5.92,38.722,10.72,319.99388,199.50372,252.66573,1.6039,conventional_oilfield_range
85.05,30.7761,5.36,75.016,11.55,385.39292,438.60958,411.14113,1.1381,high_pressure_gas_CO2
38.05,0.7382,3.74,3.211,2.02,0.60584,10.36164,2.5055,17.1029,conventional_oilfield_range
57.9,1.2899,4.13,3.81,18.73,1.17958,7.75856,3.0252,6.5774,conventional_oilfield_range
29.82,15.395,3.99,6.695,19.79,3.10743,19.91227,7.86613,6.4079,high_pressure_gas_CO2
104.27,33.7719,5.83,3.151,0.64,72.62954,61.35605,66.75524,1.1837,high_pressure_gas_CO2
35.59,67.4107,6.13,4.839,13.11,8.81583,13.66554,10.97603,1.5501,high_pressure_gas_CO2
71.53,0.6232,4.24,16.657,5.25,4.78654,35.15674,12.97224,7.3449,conventional_oilfield_range
62.91,0.4549,6.49,12.846,1.82,3.86742,4.57817,4.20781,1.1838,conventional_oilfield_range
95.98,23.7814,4.77,1.375,7.63,25.9562,37.53571,31.21353,1.4461,high_pressure_gas_CO2
145.81,38.2243,3.53,37.013,13.63,1033.29227,3754.02817,1969.51982,3.6331,high_pressure_gas_CO2
97.94,0.2161,4.8,9.713,19.08,3.43531,11.49169,6.28311,3.3452,conventional_oilfield_range
77.58,0.3435,6.24,78.402,5.97,15.76215,21.72943,18.50683,1.3786,conventional_oilfield_range
27.16,19.388,5.12,49.472,10.61,29.84216,68.85601,45.33004,2.3073,high_pressure_gas_CO2
7.82,61.2768,6.14,64.533,6.15,44.1069,45.39496,44.74629,1.0292,high_pressure_gas_CO2
142.31,0.1807,4.96,1.415,15.21,2.1322,5.55343,3.44108,2.6046,conventional_oilfield_range
73.92,4.4608,4.3,79.158,8.46,90.84141,450.29332,202.25054,4.9569,conventional_oilfield_range
110.84,0.4013,4.44,146.398,13.0,59.69296,354.7266,145.51522,5.9425,conventional_oilfield_range
22.55,0.4722,4.51,19.064,4.6,0.95707,9.12514,2.95524,9.5344,conventional_oilfield_range
96.51,0.4862,6.22,74.241,1.42,45.23714,68.18918,55.53993,1.5074,conventional_oilfield_range
36.06,0.2494,6.31,17.484,9.45,0.96979,1.3937,1.16258,1.4371,conventional_oilfield_range
32.61,0.1953,4.79,8.351,9.34,0.35629,2.13213,0.87158,5.9843,conventional_oilfield_range
147.7,0.1974,4.71,5.475,17.23,6.96131,26.33318,13.53933,3.7828,conventional_oilfield_range
70.05,1.8435,4.34,3.496,18.47,1.78466,13.97826,4.99465,7.8324,conventional_oilfield_range
84.8,0.1418,6.5,65.959,19.38,9.93239,7.99672,8.91215,1.2421,conventional_oilfield_range
29.12,2.8637,4.14,7.459,1.17,1.48199,24.94492,6.08013,16.8321,conventional_oilfield_range
43.45,22.5015,4.87,8.327,19.15,12.47776,26.3081,18.11811,2.1084,high_pressure_gas_CO2
109.17,0.2913,4.39,128.233,11.58,39.66867,243.03481,98.18792,6.1266,conventional_oilfield_range
13.29,5.6563,5.01,71.713,3.15,10.42042,41.96563,20.91171,4.0272,conventional_oilfield_range
31.94,6.0968,5.53,3.25,2.4,2.2487,4.26029,3.09518,1.8946,conventional_oilfield_range
91.21,7.2135,4.76,18.626,10.46,67.57906,135.10178,95.5513,1.9992,conventional_oilfield_range
108.85,0.5201,4.69,28.951,6.0,24.37351,128.55171,55.9755,5.2742,conventional_oilfield_range
15.52,2.3706,6.5,147.095,1.47,11.50824,19.97849,15.16302,1.736,conventional_oilfield_range
140.32,43.9129,6.14,6.37,3.15,433.88988,126.09873,233.90802,3.4409,high_pressure_gas_CO2
93.69,91.5586,5.46,1.04,16.34,27.05655,31.61565,29.2474,1.1685,dense_phase_supercritical_CO2
141.14,0.2529,3.85,1.71,11.06,3.3077,28.4717,9.70442,8.6077,conventional_oilfield_range
109.05,0.4081,5.4,3.754,9.77,5.52319,7.20402,6.30787,1.3043,conventional_oilfield_range
18.38,1.8652,4.33,1.018,15.42,0.1251,1.05527,0.36333,8.4356,conventional_oilfield_range
112.48,4.519,4.78,1.05,1.5,13.55245,16.98246,15.17083,1.2531,conventional_oilfield_range
84.11,31.8996,5.25,2.1,2.55,24.73797,52.35758,35.98917,2.1165,high_pressure_gas_CO2
120.44,38.2039,6.2,2.865,4.99,137.40637,60.03642,90.82613,2.2887,high_pressure_gas_CO2
133.2,1.6563,5.36,2.169,18.6,12.97852,9.54702,11.13132,1.3594,conventional_oilfield_range
122.56,44.0807,3.57,40.071,6.64,1318.01526,2986.77781,1984.09141,2.2661,high_pressure_gas_CO2
130.29,27.055,4.3,51.689,2.16,1504.81393,1880.26712,1682.09754,1.2495,high_pressure_gas_CO2
37.25,28.1682,4.88,4.614,15.91,6.36308,17.80858,10.64507,2.7987,high_pressure_gas_CO2
33.0,0.9656,6.09,127.069,5.58,9.53995,18.85831,13.41296,1.9768,conventional_oilfield_range
147.27,4.0611,6.32,1.782,19.41,23.9268,16.39419,19.80557,1.4595,conventional_oilfield_range
43.49,0.2114,4.8,38.493,6.27,1.88889,12.80384,4.91783,6.7785,conventional_oilfield_range
60.85,5.3674,4.26,34.864,0.03,48.93059,169.15215,90.97645,3.457,conventional_oilfield_range
109.32,16.8209,5.51,6.203,1.4,86.02074,80.23904,83.07961,1.0721,high_pressure_gas_CO2
50.52,34.9982,5.66,4.503,6.19,13.88381,21.98666,17.47165,1.5836,high_pressure_gas_CO2
47.87,0.2409,4.76,111.254,13.55,6.71111,29.93487,14.17379,4.4605,conventional_oilfield_range
48.64,4.4036,3.5,4.211,8.6,2.65154,29.10938,8.78548,10.9783,conventional_oilfield_range
72.42,2.1207,4.14,10.708,18.02,7.61944,36.55492,16.68916,4.7976,conventional_oilfield_range
17.3,3.5185,5.4,5.363,16.37,0.73017,1.86673,1.16749,2.5566,conventional_oilfield_range
37.57,0.3957,3.57,3.41,9.5,0.3686,5.44922,1.41724,14.7837,conventional_oilfield_range
65.09,7.7499,4.08,32.759,9.89,44.4225,277.04462,110.93699,6.2366,conventional_oilfield_range
5.8,17.9017,5.81,1.706,8.5,0.77822,2.01582,1.2525,2.5903,high_pressure_gas_CO2
80.1,0.1415,4.25,70.155,9.13,10.09371,55.96458,23.76742,5.5445,conventional_oilfield_range
148.24,6.1144,6.35,87.061,12.25,729.29577,306.65333,472.90694,2.3782,conventional_oilfield_range
125.43,4.4017,6.19,41.52,9.49,212.75027,164.9417,187.32696,1.2899,conventional_oilfield_range
97.46,19.8354,5.06,23.113,5.49,221.7012,306.39673,260.63101,1.382,high_pressure_gas_CO2
44.4,0.9102,5.12,2.0,4.63,0.54773,1.79623,0.99189,3.2794,conventional_oilfield_range
14.31,1.6703,5.13,8.031,4.14,0.54127,4.54084,1.56774,8.3892,conventional_oilfield_range
89.69,12.2059,6.07,46.345,7.61,218.37653,143.40154,176.96195,1.5228,high_pressure_gas_CO2
114.25,36.3366,6.36,8.163,14.95,120.49029,60.79339,85.58629,1.982,high_pressure_gas_CO2
36.98,0.4553,4.81,1.157,6.72,0.1593,0.88936,0.3764,5.5828,conventional_oilfield_range
28.93,2.5245,3.88,22.599,0.54,4.04993,56.5905,15.13894,13.9732,conventional_oilfield_range
8.93,8.4771,3.91,10.109,1.01,2.06318,25.30948,7.22621,12.2672,conventional_oilfield_range
52.39,19.2172,4.64,43.295,16.64,51.56041,166.61987,92.68759,3.2315,high_pressure_gas_CO2
7.81,4.152,6.5,5.775,13.0,0.64422,0.74097,0.6909,1.1502,conventional_oilfield_range
114.36,70.605,4.1,1.108,3.05,81.69932,182.52335,122.11484,2.2341,high_pressure_gas_CO2
86.78,0.4507,5.6,46.649,3.36,16.46994,35.87347,24.30708,2.1781,conventional_oilfield_range
21.61,28.7014,6.39,1.719,0.51,2.06027,2.91344,2.44999,1.4141,high_pressure_gas_CO2
143.94,1.5487,5.65,1.463,13.81,9.39266,10.61692,9.98604,1.1303,conventional_oilfield_range
117.01,35.5533,5.3,1.834,19.68,42.44018,33.76267,37.85358,1.257,high_pressure_gas_CO2
67.11,1.2933,5.02,5.528,16.99,2.82078,7.97976,4.74438,2.8289,conventional_oilfield_range
144.31,8.0678,5.99,34.607,8.71,423.9921,179.08355,275.55401,2.3676,conventional_oilfield_range
44.16,26.5826,5.11,11.275,8.71,20.18694,37.68694,27.58232,1.8669,high_pressure_gas_CO2
128.5,31.0594,3.76,82.891,4.88,1324.16517,5529.10403,2705.81725,4.1755,high_pressure_gas_CO2
59.95,0.1219,6.05,2.487,4.24,0.35338,0.66464,0.48464,1.8808,conventional_oilfield_range
132.65,12.6926,4.33,1.052,18.96,25.62596,53.1506,36.90576,2.0741,high_pressure_gas_CO2
75.84,18.8146,5.57,25.442,9.82,95.35927,101.40866,98.33746,1.0634,high_pressure_gas_CO2
37.13,11.8949,4.42,18.43,9.47,10.88974,57.56226,25.03673,5.2859,high_pressure_gas_CO2
113.16,0.9826,5.61,3.886,5.03,10.59303,15.77628,12.92744,1.4893,conventional_oilfield_range
22.34,4.0513,5.79,2.529,4.33,0.5928,1.83875,1.04404,3.1018,conventional_oilfield_range
146.61,3.749,4.35,1.655,3.88,28.37808,82.03091,48.24811,2.8906,conventional_oilfield_range
7.05,4.0032,4.32,131.873,11.07,7.23503,59.72653,20.78758,8.2552,conventional_oilfield_range
130.93,2.9692,6.12,17.751,9.39,86.03321,74.07522,79.83062,1.1614,conventional_oilfield_range
12.45,66.5565,4.93,61.517,8.01,47.57866,128.27706,78.1233,2.6961,high_pressure_gas_CO2
12.77,0.2803,5.19,4.583,19.88,0.10435,0.68179,0.26673,6.5335,conventional_oilfield_range
92.92,23.5626,4.18,13.714,9.01,82.09365,382.85489,177.28495,4.6636,high_pressure_gas_CO2
148.55,0.8244,5.36,21.214,14.8,66.79147,88.52531,76.89431,1.3254,conventional_oilfield_range
35.6,9.5782,3.97,2.389,1.5,3.10579,17.4993,7.37219,5.6344,conventional_oilfield_range
91.1,0.7478,4.19,34.546,14.06,14.86519,115.23098,41.38757,7.7517,conventional_oilfield_range
138.97,23.0932,5.38,27.466,18.67,390.10588,463.39444,425.17396,1.1879,high_pressure_gas_CO2
98.91,53.1171,5.98,1.43,3.32,40.21841,35.12949,37.58793,1.1449,high_pressure_gas_CO2
87.54,0.7342,3.87,31.523,13.99,19.49802,108.29398,45.95126,5.5541,conventional_oilfield_range
76.6,0.1743,3.62,8.712,6.45,1.934,26.34438,7.13793,13.6217,conventional_oilfield_range
144.48,32.2015,5.23,117.219,19.99,1915.85595,1631.29165,1767.8574,1.1744,high_pressure_gas_CO2
10.83,18.5698,4.91,26.166,18.32,5.96087,26.53642,12.57697,4.4518,high_pressure_gas_CO2
97.04,2.9866,3.77,5.717,6.67,14.45729,71.71175,32.19872,4.9602,conventional_oilfield_range
52.82,12.0509,4.36,113.98,16.27,69.82802,318.87897,149.22026,4.5666,high_pressure_gas_CO2
50.6,0.9329,6.41,7.577,10.29,2.51985,2.50611,2.51297,1.0055,conventional_oilfield_range
83.68,1.7368,4.06,6.127,15.13,5.30059,29.33091,12.46881,5.5335,conventional_oilfield_range
34.52,4.4428,6.28,8.982,13.97,4.23478,5.43307,4.79665,1.283,conventional_oilfield_range
93.29,0.5223,3.98,15.801,11.05,15.21976,89.38436,36.88371,5.8729,conventional_oilfield_range
137.37,2.4229,3.85,64.687,9.97,257.66709,958.23336,496.89557,3.7189,conventional_oilfield_range
44.65,31.928,6.44,3.391,11.03,6.25334,7.99703,7.07165,1.2788,high_pressure_gas_CO2
78.69,43.4489,6.09,3.992,15.8,23.47059,27.32989,25.32684,1.1644,high_pressure_gas_CO2
78.62,28.95,4.35,4.464,11.74,39.39328,88.20718,58.94718,2.2391,high_pressure_gas_CO2
26.55,4.128,4.54,15.886,10.87,3.0172,20.9144,7.94374,6.9317,conventional_oilfield_range
32.35,12.3736,5.22,3.223,15.51,3.01448,6.27519,4.34931,2.0817,high_pressure_gas_CO2
107.26,27.1786,4.66,27.813,16.41,324.87293,459.12909,386.21058,1.4133,high_pressure_gas_CO2
10.37,3.2127,5.27,78.081,17.48,3.28333,18.07137,7.70287,5.504,conventional_oilfield_range
71.25,14.7005,4.73,26.599,3.09,52.8663,227.22743,109.60234,4.2982,high_pressure_gas_CO2
54.09,11.9705,5.45,71.371,17.05,65.76968,87.32253,75.78374,1.3277,high_pressure_gas_CO2
50.92,14.3269,5.78,79.138,0.72,128.79965,149.22887,138.63847,1.1586,high_pressure_gas_CO2
138.53,98.2376,5.74,8.798,1.97,647.29223,319.296,454.61832,2.0272,dense_phase_supercritical_CO2
69.33,12.0782,6.21,1.259,15.92,3.97217,4.0108,3.99144,1.0097,high_pressure_gas_CO2
26.11,3.9219,5.2,53.039,3.4,14.71325,43.71466,25.36108,2.9711,conventional_oilfield_range
94.86,0.5278,6.24,2.049,9.22,2.06096,2.73916,2.37598,1.3291,conventional_oilfield_range
6.36,25.9358,6.2,29.822,3.16,8.12671,14.52798,10.86576,1.7877,high_pressure_gas_CO2
90.2,8.2569,4.77,3.501,16.91,14.44477,36.84773,23.0707,2.5509,conventional_oilfield_range
75.07,0.5148,5.22,17.817,19.85,3.79416,21.0904,8.94541,5.5587,conventional_oilfield_range
100.44,0.6659,5.2,31.072,14.89,26.47928,54.24595,37.89979,2.0486,conventional_oilfield_range
77.03,51.5782,4.36,54.751,12.14,281.54113,1007.35242,532.55154,3.578,high_pressure_gas_CO2
95.03,10.7968,5.66,27.192,16.77,74.58413,77.04058,75.80241,1.0329,high_pressure_gas_CO2
98.72,0.8449,4.82,18.248,14.65,17.50089,52.2005,30.22508,2.9827,conventional_oilfield_range
113.38,0.3364,3.9,14.921,19.43,6.0092,57.05645,18.51657,9.4949,conventional_oilfield_range
125.42,0.5901,5.97,11.183,16.13,15.76337,15.41729,15.58937,1.0224,conventional_oilfield_range
21.7,77.3891,3.92,126.821,17.2,79.53582,301.15624,154.76663,3.7864,dense_phase_liquid_CO2
145.25,25.9276,4.6,52.553,0.28,1413.09843,2507.98295,1882.55857,1.7748,high_pressure_gas_CO2
102.56,10.3997,5.25,61.611,18.81,232.89575,314.33699,270.56931,1.3497,high_pressure_gas_CO2
8.63,44.9474,5.18,98.103,4.43,52.581,123.39251,80.54875,2.3467,high_pressure_gas_CO2
136.86,0.8064,4.72,2.015,18.93,5.47853,19.43073,10.31755,3.5467,conventional_oilfield_range
19.09,45.8963,3.91,9.709,13.41,7.72186,33.63491,16.11596,4.3558,high_pressure_gas_CO2
65.77,16.858,3.96,7.995,1.98,25.07007,140.04251,59.25264,5.586,high_pressure_gas_CO2
142.97,0.1254,4.61,9.222,19.01,6.88387,24.74353,13.0511,3.5944,conventional_oilfield_range
104.42,4.2993,6.43,6.033,7.96,28.10967,18.75565,22.96117,1.4987,conventional_oilfield_range
127.96,2.3129,5.49,24.912,11.94,125.3943,123.47664,124.43178,1.0155,conventional_oilfield_range
40.32,0.2387,5.19,1.41,15.3,0.11985,0.63802,0.27652,5.3235,conventional_oilfield_range
131.11,0.9676,3.94,91.125,0.06,226.50931,981.09778,471.41042,4.3314,conventional_oilfield_range
23.85,0.5649,4.02,27.449,0.52,2.28808,21.67089,7.04165,9.4712,conventional_oilfield_range
39.5,0.9361,4.02,1.3,14.83,0.1989,2.43991,0.69663,12.2673,conventional_oilfield_range
74.06,21.58,5.04,1.727,10.08,11.7188,19.26781,15.0265,1.6442,high_pressure_gas_CO2
118.57,39.8972,5.06,9.925,19.28,218.99081,220.99593,219.99109,1.0092,high_pressure_gas_CO2
63.23,11.4365,4.97,95.41,1.47,194.17285,404.1769,280.14314,2.0815,high_pressure_gas_CO2
14.52,0.6684,5.4,15.605,6.5,0.8328,3.11558,1.61079,3.7411,conventional_oilfield_range
70.79,6.5506,3.8,33.662,17.06,32.24938,178.61317,75.89575,5.5385,conventional_oilfield_range
109.52,0.4416,4.85,3.142,6.78,3.48243,14.03126,6.9902,4.0292,conventional_oilfield_range
18.79,1.9067,5.5,6.524,3.05,0.94816,2.95104,1.67274,3.1124,conventional_oilfield_range
125.61,0.1904,3.79,40.522,16.24,16.60923,149.00302,49.74762,8.9711,conventional_oilfield_range
86.43,0.9749,3.87,5.881,13.31,4.99297,24.3994,11.03746,4.8867,conventional_oilfield_range
109.55,80.3889,5.3,5.824,11.56,207.09026,219.91154,213.40463,1.0619,dense_phase_supercritical_CO2
37.52,0.2112,6.04,6.307,15.25,0.23648,0.72708,0.41465,3.0746,conventional_oilfield_range
127.55,83.8764,5.96,21.637,12.85,1313.92755,437.04733,757.79187,3.0064,dense_phase_supercritical_CO2
125.27,0.6344,4.04,33.817,6.18,53.61659,283.75134,123.34415,5.2922,conventional_oilfield_range
131.13,4.9999,4.7,2.036,12.66,29.30533,47.28827,37.22631,1.6136,conventional_oilfield_range
36.19,1.8176,4.52,6.387,14.43,1.37003,6.2473,2.92557,4.56,conventional_oilfield_range
17.32,0.1438,3.97,22.104,13.48,0.28275,6.98312,1.40516,24.6971,conventional_oilfield_range
75.42,2.119,4.32,43.936,2.28,35.19486,199.66998,83.82934,5.6733,conventional_oilfield_range
103.38,2.8834,5.5,1.256,7.91,5.6597,8.09778,6.76986,1.4308,conventional_oilfield_range
48.71,0.4302,3.91,3.598,6.56,0.88418,7.28938,2.53872,8.2442,conventional_oilfield_range
30.48,1.3824,5.61,12.264,16.67,1.37882,3.60178,2.2285,2.6122,conventional_oilfield_range
129.96,0.1339,3.56,101.049,17.24,29.69502,319.81862,97.45266,10.7701,conventional_oilfield_range
107.88,1.7909,3.85,1.11,6.5,4.82798,19.40094,9.67819,4.0184,conventional_oilfield_range
125.64,57.4525,3.76,68.814,4.87,1697.48077,5120.10101,2948.0965,3.0163,high_pressure_gas_CO2
62.39,0.8528,4.52,5.306,3.36,2.31531,13.25651,5.54012,5.7256,conventional_oilfield_range
78.94,52.2117,4.55,38.269,16.38,241.9193,430.552,322.73649,1.7797,high_pressure_gas_CO2
26.23,0.3907,5.31,45.113,13.11,1.76164,9.73012,4.14016,5.5233,conventional_oilfield_range
76.65,18.3374,5.78,9.481,18.48,25.34211,28.8316,27.0306,1.1377,high_pressure_gas_CO2
95.56,39.1508,5.38,2.131,1.37,41.34903,51.68221,46.22779,1.2499,high_pressure_gas_CO2
44.83,0.1474,5.02,4.737,9.04,0.44163,2.09971,0.96297,4.7544,conventional_oilfield_range
16.13,39.1517,6.07,21.793,10.14,10.40714,17.86819,13.6366,1.7169,high_pressure_gas_CO2
119.81,48.7114,4.85,57.841,13.04,999.03306,1682.3011,1296.40827,1.6839,high_pressure_gas_CO2
26.87,0.1533,3.81,90.486,6.87,1.68498,26.13103,6.63553,15.5082,conventional_oilfield_range
30.02,0.5536,4.81,9.041,10.45,0.75345,5.02538,1.94586,6.6698,conventional_oilfield_range
46.02,1.6839,4.52,20.001,15.78,4.23558,22.88651,9.84569,5.4034,conventional_oilfield_range
18.7,10.8427,4.35,37.576,13.13,11.86977,43.48576,22.71928,3.6636,high_pressure_gas_CO2
53.34,5.6004,3.92,5.771,19.35,3.97761,23.0628,9.57782,5.7982,conventional_oilfield_range
91.28,65.1638,4.43,6.602,15.83,107.80108,154.32824,128.98353,1.4316,high_pressure_gas_CO2
125.2,16.456,5.56,13.979,12.92,167.39826,183.41687,175.22461,1.0957,high_pressure_gas_CO2
57.58,0.3474,4.14,115.402,9.73,11.76688,111.30713,36.1903,9.4594,conventional_oilfield_range
16.19,34.1417,3.8,47.588,16.7,18.65267,136.39873,50.44006,7.3126,high_pressure_gas_CO2
53.83,19.9032,3.89,6.604,3.24,21.33896,73.65802,39.64575,3.4518,high_pressure_gas_CO2
122.31,0.3138,4.81,7.835,13.53,7.99718,31.1093,15.77297,3.89,conventional_oilfield_range
46.31,17.6039,4.85,14.523,6.19,23.88035,50.49799,34.72621,2.1146,high_pressure_gas_CO2
126.09,1.2692,6.34,138.749,9.23,241.92227,222.31034,231.90908,1.0882,conventional_oilfield_range
81.48,79.2145,5.95,55.413,2.77,656.53274,545.17264,598.26724,1.2043,dense_phase_supercritical_CO2
131.75,4.6092,3.81,69.301,17.02,285.23055,1709.58304,698.30174,5.9937,conventional_oilfield_range
44.55,51.9899,3.94,8.953,18.93,20.08437,109.95696,46.99379,5.4748,high_pressure_gas_CO2
55.69,0.1202,3.66,12.371,4.72,1.21468,15.91742,4.39711,13.1042,conventional_oilfield_range
9.09,62.0123,6.02,25.964,15.83,13.31213,18.54967,15.71418,1.3934,high_pressure_gas_CO2
125.32,12.2523,3.92,34.301,8.97,397.83912,1228.2601,699.03499,3.0873,high_pressure_gas_CO2
42.11,31.9808,5.15,38.241,10.56,60.50307,121.06499,85.58506,2.001,high_pressure_gas_CO2
48.67,0.1391,4.76,53.407,9.14,3.34662,22.0658,8.59336,6.5935,conventional_oilfield_range
91.53,0.112,5.05,3.361,2.87,0.93036,5.16086,2.19122,5.5472,conventional_oilfield_range
39.88,1.7771,5.49,1.536,19.49,0.48971,1.1809,0.76046,2.4114,conventional_oilfield_range
78.56,92.256,5.16,7.074,9.4,76.95383,86.83715,81.74626,1.1284,dense_phase_supercritical_CO2
41.78,0.1119,5.87,5.628,14.66,0.18462,0.59579,0.33166,3.2271,conventional_oilfield_range
111.6,0.9944,3.63,15.423,16.27,23.34156,189.44059,66.49691,8.116,conventional_oilfield_range
72.37,12.1946,5.4,58.33,1.26,155.9716,186.02287,170.3358,1.1927,high_pressure_gas_CO2
47.55,0.1353,4.1,1.234,18.67,0.04879,0.93733,0.21386,19.2108,conventional_oilfield_range
83.74,0.5754,5.76,2.605,7.14,2.16057,2.53589,2.34072,1.1737,conventional_oilfield_range
53.13,0.2363,4.6,86.219,14.87,5.91408,31.29842,13.60519,5.2922,conventional_oilfield_range
146.19,3.0804,4.99,102.656,10.39,606.52039,692.3479,648.01475,1.1415,conventional_oilfield_range
16.44,6.4174,5.97,15.382,6.42,4.15572,7.2933,5.50535,1.755,conventional_oilfield_range
49.44,6.4249,4.78,31.695,7.03,33.02329,86.28868,53.38105,2.613,conventional_oilfield_range
56.12,98.7306,4.32,135.715,18.96,509.09892,1249.00247,797.41194,2.4534,dense_phase_supercritical_CO2
57.68,25.3098,5.54,118.401,2.86,197.19451,276.98075,233.70726,1.4046,high_pressure_gas_CO2
10.05,0.1591,5.84,6.269,7.66,0.0768,0.40066,0.17541,5.2172,conventional_oilfield_range
103.46,70.2216,4.62,45.766,11.48,657.57236,1210.41444,892.15194,1.8407,high_pressure_gas_CO2
99.19,0.5608,3.84,39.893,9.98,21.53874,215.97745,68.20472,10.0274,conventional_oilfield_range
42.96,0.6038,4.84,147.293,5.71,15.74299,62.53662,31.37696,3.9723,conventional_oilfield_range
22.78,36.1809,4.86,90.283,8.9,68.23715,195.22986,115.42066,2.861,high_pressure_gas_CO2
127.6,0.9094,4.54,1.385,10.84,6.53707,12.82305,9.15561,1.9616,conventional_oilfield_range
108.21,60.5304,5.41,53.353,10.18,1039.14298,879.91208,956.21884,1.181,high_pressure_gas_CO2
25.14,23.5028,3.58,16.055,7.38,12.71501,84.92889,32.86139,6.6794,high_pressure_gas_CO2
93.73,0.1814,4.43,149.696,14.38,19.0864,143.4685,52.32875,7.5168,conventional_oilfield_range
124.38,0.1664,6.42,24.991,9.0,14.66026,13.91075,14.28059,1.0539,conventional_oilfield_range
132.3,21.9174,5.42,2.489,19.33,39.18641,58.51861,47.88668,1.4933,high_pressure_gas_CO2
13.03,0.2358,3.96,2.282,6.45,0.06378,1.01442,0.25437,15.9042,conventional_oilfield_range
141.43,48.3925,6.04,3.51,12.7,180.25187,86.19716,124.6483,2.0912,high_pressure_gas_CO2
48.91,3.9851,5.01,2.328,18.83,1.62865,5.3879,2.96227,3.3082,conventional_oilfield_range
109.49,6.5376,6.03,16.846,16.5,75.93776,56.74877,65.64583,1.3381,conventional_oilfield_range
98.01,5.3742,5.45,46.663,8.33,117.00721,155.97025,135.09124,1.333,conventional_oilfield_range
95.94,0.7396,6.37,11.244,16.09,7.91789,7.10936,7.50274,1.1137,conventional_oilfield_range
15.58,0.1513,4.82,11.318,4.08,0.18885,1.85335,0.59161,9.814,conventional_oilfield_range
109.16,15.9441,6.08,132.588,2.62,862.28303,762.45901,810.83628,1.1309,high_pressure_gas_CO2
51.27,2.5085,4.3,3.463,1.94,2.45303,17.36058,6.5258,7.0772,conventional_oilfield_range
94.23,0.5557,6.1,2.226,6.55,2.10588,2.88309,2.46403,1.3691,conventional_oilfield_range
115.65,3.1246,5.04,12.172,6.17,83.78711,107.90789,95.0857,1.2879,conventional_oilfield_range
78.29,79.4438,4.15,5.86,1.01,70.80285,281.031,141.05955,3.9692,dense_phase_supercritical_CO2
99.87,2.5808,5.11,69.747,8.62,146.57438,196.49224,169.70777,1.3406,conventional_oilfield_range
115.76,1.2526,4.7,17.417,3.89,39.15044,117.17839,67.73172,2.993,conventional_oilfield_range
78.12,19.6432,4.34,142.021,13.61,521.70616,1522.92873,891.35924,2.9191,high_pressure_gas_CO2
62.12,24.2489,4.52,110.468,15.1,204.62914,674.9985,371.65086,3.2986,high_pressure_gas_CO2
77.51,0.1367,3.91,5.306,9.47,0.82671,11.62765,3.10044,14.0649,conventional_oilfield_range
79.75,0.9636,5.34,2.257,19.81,1.46481,2.97668,2.08813,2.0321,conventional_oilfield_range
53.77,30.5399,5.1,34.856,6.0,92.31311,139.46451,113.46543,1.5108,high_pressure_gas_CO2
102.7,87.035,5.25,54.177,14.51,908.84369,831.69102,869.41195,1.0928,dense_phase_supercritical_CO2
73.82,79.6548,5.85,48.865,11.55,352.6512,214.99619,275.35189,1.6403,dense_phase_supercritical_CO2
29.72,7.7104,5.36,67.679,2.96,23.68995,59.5051,37.54561,2.5118,conventional_oilfield_range
142.49,0.2136,3.56,4.815,3.03,8.37246,63.20695,23.00429,7.5494,conventional_oilfield_range
117.37,57.7514,6.12,39.925,1.25,1272.31917,602.20488,875.32669,2.1128,high_pressure_gas_CO2
52.13,9.698,5.08,4.817,3.46,9.46236,18.19691,13.12195,1.9231,conventional_oilfield_range
56.37,20.7,5.66,25.113,13.87,40.78743,52.80754,46.40995,1.2947,high_pressure_gas_CO2
40.75,4.7235,4.17,130.961,5.95,41.91973,304.76524,113.02954,7.2702,conventional_oilfield_range
107.22,0.8936,4.55,107.601,15.91,79.22272,319.03916,158.98161,4.0271,conventional_oilfield_range
103.11,1.3775,6.44,60.376,19.09,56.38169,36.437,45.32527,1.5474,conventional_oilfield_range
46.71,13.8811,4.54,9.176,5.13,12.13586,50.53724,24.76515,4.1643,high_pressure_gas_CO2
83.09,62.961,5.59,1.989,12.31,28.41684,26.08115,27.22395,1.0896,high_pressure_gas_CO2
102.13,3.9185,5.41,1.301,8.27,6.84588,9.33367,7.99357,1.3634,conventional_oilfield_range
116.76,0.1036,5.15,105.149,8.14,42.825,83.05729,59.63999,1.9395,conventional_oilfield_range
74.23,0.3966,6.39,4.999,12.92,1.76462,1.99867,1.878,1.1326,conventional_oilfield_range
88.25,4.0314,5.67,109.214,18.26,140.65941,216.11263,174.35101,1.5364,conventional_oilfield_range
30.49,57.399,6.49,7.31,9.91,20.54636,8.18428,12.96755,2.5105,high_pressure_gas_CO2
139.28,42.6805,3.53,17.216,2.15,948.24015,2681.42507,1594.56418,2.8278,high_pressure_gas_CO2
148.42,4.2648,4.98,110.254,17.02,549.34133,978.24633,733.06967,1.7808,conventional_oilfield_range
21.33,0.3072,4.88,3.629,3.72,0.17705,0.98774,0.41818,5.5789,conventional_oilfield_range
87.33,18.7003,4.03,72.955,17.94,261.89435,703.47103,429.22615,2.6861,high_pressure_gas_CO2
17.58,10.1805,4.05,2.023,6.47,0.9345,8.46408,2.81242,9.0573,high_pressure_gas_CO2
39.15,18.2503,6.36,4.54,14.46,6.88443,4.85829,5.7833,1.417,high_pressure_gas_CO2
105.45,0.1536,3.85,4.652,8.11,1.65534,20.94823,5.88868,12.6549,conventional_oilfield_range
107.02,0.8569,3.85,98.533,5.9,88.85913,566.74051,224.41049,6.378,conventional_oilfield_range
24.37,0.2881,5.74,20.804,8.32,0.59002,2.48156,1.21003,4.2059,conventional_oilfield_range
82.94,9.8239,4.16,3.455,15.09,13.67234,46.54126,25.22555,3.404,conventional_oilfield_range
69.78,12.9211,3.73,16.892,1.24,43.58812,279.46691,110.36955,6.4115,high_pressure_gas_CO2
88.04,0.2816,4.48,13.562,2.32,6.42677,40.57365,16.14799,6.3132,conventional_oilfield_range
18.19,3.3972,5.93,9.699,10.26,1.36677,3.256,2.10955,2.3822,conventional_oilfield_range
72.04,26.3479,5.67,7.271,16.33,30.61195,25.63827,28.01495,1.194,high_pressure_gas_CO2
11.57,1.0804,3.69,145.648,18.69,4.73675,65.96575,17.67662,13.9264,conventional_oilfield_range
9.6,1.685,5.81,46.399,19.57,1.36657,4.07919,2.36104,2.985,conventional_oilfield_range
148.96,1.4042,6.11,94.017,7.51,315.2663,216.05556,260.98858,1.4592,conventional_oilfield_range
83.2,9.1328,4.54,2.446,10.75,8.15417,29.06275,15.39424,3.5642,conventional_oilfield_range
37.29,0.1024,3.57,4.459,13.47,0.12551,3.06728,0.62046,24.4386,conventional_oilfield_range
124.39,0.5528,4.54,3.98,18.75,5.78043,19.31147,10.56545,3.3408,conventional_oilfield_range
122.37,1.8102,5.8,83.779,0.31,248.06271,287.12753,266.88131,1.1575,conventional_oilfield_range
9.87,6.2138,5.61,1.276,14.81,0.22468,0.76481,0.41453,3.404,conventional_oilfield_range
36.5,39.0113,3.67,12.489,5.79,25.78587,116.58326,54.82883,4.5212,high_pressure_gas_CO2
51.24,6.2195,5.52,4.987,6.04,6.70872,13.08002,9.36751,1.9497,conventional_oilfield_range
37.05,0.7971,3.68,115.896,17.59,8.85086,82.83536,27.077,9.359,conventional_oilfield_range
66.94,3.068,6.42,111.938,13.43,62.57901,47.00881,54.23803,1.3312,conventional_oilfield_range
65.37,0.2803,4.63,43.821,9.47,6.705,31.23234,14.4711,4.6581,conventional_oilfield_range
107.6,26.1414,6.24,16.742,19.36,141.22158,77.49075,104.61055,1.8224,high_pressure_gas_CO2
40.21,0.4074,5.44,101.589,16.94,6.07808,20.43408,11.1445,3.3619,conventional_oilfield_range
32.62,0.6388,5.52,20.512,17.47,1.44554,5.87403,2.91395,4.0636,conventional_oilfield_range
110.02,4.7484,4.94,77.993,6.66,279.87228,521.17137,381.91808,1.8622,conventional_oilfield_range
140.89,76.9543,3.85,149.679,9.58,5934.54651,17235.90187,10113.71649,2.9043,dense_phase_supercritical_CO2
34.65,55.639,5.16,48.707,7.61,64.60724,146.1057,97.15702,2.2614,high_pressure_gas_CO2
42.93,3.455,4.99,1.639,19.63,0.52777,2.70029,1.19378,5.1164,conventional_oilfield_range
137.58,1.2945,4.74,16.753,4.43,76.29152,191.67467,120.92622,2.5124,conventional_oilfield_range
140.54,5.463,4.75,2.146,6.6,28.07457,83.6548,48.46207,2.9797,conventional_oilfield_range
77.4,9.2008,5.55,3.631,16.43,13.32709,13.11917,13.22272,1.0158,conventional_oilfield_range
76.14,0.3197,5.88,2.335,14.41,0.52854,1.56044,0.90816,2.9524,conventional_oilfield_range
83.61,8.4223,3.68,1.185,16.93,6.12017,24.47523,12.23898,3.9991,conventional_oilfield_range
115.83,1.7265,6.03,3.189,14.14,12.35871,9.67403,10.93428,1.2775,conventional_oilfield_range
59.11,7.1368,5.5,21.958,9.66,24.16353,42.29967,31.97045,1.7506,conventional_oilfield_range
84.99,0.1085,5.09,3.962,19.55,0.88729,2.6945,1.54622,3.0368,conventional_oilfield_range
102.73,26.2122,6.23,1.71,1.93,39.67098,22.01514,29.55271,1.802,high_pressure_gas_CO2
81.34,27.9025,4.3,7.306,7.46,46.99423,183.13723,92.77064,3.897,high_pressure_gas_CO2
148.58,0.476,5.55,69.99,13.07,137.08654,131.97693,134.50747,1.0387,conventional_oilfield_range
18.56,1.3734,5.16,1.325,0.19,0.23429,1.2063,0.53162,5.1487,conventional_oilfield_range
67.92,22.5491,5.2,73.621,1.91,221.19495,375.48495,288.19329,1.6975,high_pressure_gas_CO2
35.66,40.2115,6.16,10.833,0.93,32.74477,25.8566,29.09757,1.2664,high_pressure_gas_CO2
135.4,4.9038,3.6,104.974,6.29,848.50212,3019.50726,1600.64309,3.5586,conventional_oilfield_range
114.08,13.7447,4.69,1.47,3.25,28.60077,74.20512,46.06868,2.5945,high_pressure_gas_CO2
61.43,48.9302,4.5,44.083,2.8,271.27016,516.59611,374.34891,1.9044,high_pressure_gas_CO2
77.61,83.7471,3.66,8.936,16.77,78.76328,474.15359,193.25086,6.02,dense_phase_supercritical_CO2
143.45,1.5492,5.82,1.16,5.47,12.82432,10.19318,11.43331,1.2581,conventional_oilfield_range
56.59,66.593,4.8,30.135,13.21,144.22822,268.29872,196.71362,1.8602,high_pressure_gas_CO2
120.72,13.7824,3.75,2.166,14.23,27.36167,101.66987,52.74331,3.7158,high_pressure_gas_CO2
50.92,0.2088,3.52,4.686,7.2,0.52754,9.77734,2.27111,18.5338,conventional_oilfield_range
32.17,2.2209,5.16,7.726,0.53,2.06884,8.43101,4.17641,4.0752,conventional_oilfield_range
91.72,0.9404,4.66,4.316,7.76,7.33082,23.43606,13.10747,3.1969,conventional_oilfield_range
136.26,86.0041,5.22,2.339,7.61,237.40598,191.80537,213.39106,1.2377,dense_phase_supercritical_CO2
76.5,0.1548,4.8,8.248,9.68,1.7606,8.46353,3.86017,4.8072,conventional_oilfield_range
40.76,7.5007,5.28,2.664,2.14,2.47536,10.50369,5.09907,4.2433,conventional_oilfield_range
53.17,7.254,5.91,5.213,6.69,7.96298,6.51595,7.20322,1.2221,conventional_oilfield_range
146.26,0.2561,4.46,115.177,4.02,113.5373,819.80932,305.0884,7.2206,conventional_oilfield_range
145.47,0.7488,5.58,11.708,11.52,36.22766,57.52515,45.65087,1.5879,conventional_oilfield_range
123.39,1.5094,3.84,16.865,11.84,34.75753,217.14764,86.87643,6.2475,conventional_oilfield_range
84.76,72.2793,4.88,34.791,8.77,375.61747,772.02781,538.50453,2.0554,high_pressure_gas_CO2
123.75,24.3765,4.73,12.205,12.67,223.95088,449.67558,317.34089,2.0079,high_pressure_gas_CO2
108.71,23.2933,3.72,143.171,9.58,958.72767,4896.44392,2166.64631,5.1072,high_pressure_gas_CO2
138.46,11.8885,5.13,52.563,7.19,876.22356,769.28466,821.01483,1.139,high_pressure_gas_CO2
97.54,0.1799,5.81,26.977,7.1,8.76529,16.74426,12.1148,1.9103,conventional_oilfield_range
147.62,10.775,4.7,43.442,19.31,478.80517,813.14055,623.96787,1.6983,high_pressure_gas_CO2
42.52,3.4043,5.06,18.334,11.5,5.57794,22.94106,11.31212,4.1128,conventional_oilfield_range
116.99,5.8314,5.0,5.632,0.49,61.65087,101.3964,79.06438,1.6447,conventional_oilfield_range
144.45,0.223,6.32,2.034,6.24,3.96549,4.36407,4.16001,1.1005,conventional_oilfield_range
75.02,2.6822,4.81,32.826,6.38,30.00467,138.14916,64.3826,4.6043,conventional_oilfield_range
21.69,35.2809,5.44,29.752,3.29,27.58331,47.8637,36.3351,1.7352,high_pressure_gas_CO2
30.3,0.3023,5.18,121.815,4.64,3.94466,24.4814,9.82704,6.2062,conventional_oilfield_range
97.87,1.9788,3.59,21.695,3.95,35.7641,266.5653,97.63949,7.4534,conventional_oilfield_range
107.19,0.4143,5.76,57.527,1.25,58.92529,88.42632,72.18412,1.5007,conventional_oilfield_range
32.11,0.9505,4.87,3.723,17.25,0.32874,2.16576,0.84379,6.588,conventional_oilfield_range
91.56,6.8222,5.26,5.716,16.91,14.51251,23.6592,18.52982,1.6303,conventional_oilfield_range
107.37,0.7804,5.34,1.529,2.68,4.016,7.91717,5.63873,1.9714,conventional_oilfield_range
31.54,12.0312,5.03,8.131,2.76,5.95026,20.96975,11.17029,3.5242,high_pressure_gas_CO2
97.15,12.0309,5.44,149.925,11.1,477.45124,639.42002,552.53225,1.3392,high_pressure_gas_CO2
50.61,2.2543,3.66,6.044,0.19,4.69908,47.01468,14.86357,10.0051,conventional_oilfield_range
144.76,3.2833,4.98,30.9,8.31,253.86382,314.04377,282.35501,1.2371,conventional_oilfield_range
16.99,0.1238,5.78,4.321,5.5,0.08004,0.39722,0.1783,4.9629,conventional_oilfield_range
71.31,16.8871,5.8,15.713,2.26,78.38456,79.17544,78.77901,1.0101,high_pressure_gas_CO2
124.38,1.2606,5.97,1.232,14.38,2.76543,4.0283,3.33766,1.4567,conventional_oilfield_range
19.85,30.9181,5.75,4.445,19.99,2.2509,4.59413,3.21573,2.041,high_pressure_gas_CO2
123.43,2.0759,6.48,48.735,4.74,174.04942,79.08492,117.323,2.2008,conventional_oilfield_range
55.84,13.5601,5.4,2.297,2.78,6.85638,12.70431,9.33304,1.8529,high_pressure_gas_CO2
13.61,1.1284,4.34,14.873,6.47,0.83767,7.4975,2.50608,8.9504,conventional_oilfield_range
43.76,37.5017,6.46,30.076,1.9,90.33701,43.06348,62.37168,2.0978,high_pressure_gas_CO2
138.22,94.9421,6.1,1.889,17.32,149.53215,76.53113,106.976,1.9539,dense_phase_supercritical_CO2
125.13,19.2496,5.53,11.617,11.55,190.11769,202.14691,196.04006,1.0633,high_pressure_gas_CO2
70.54,7.9595,6.14,1.594,10.31,4.3975,6.59501,5.38531,1.4997,conventional_oilfield_range
58.52,70.9189,4.48,1.012,15.48,7.74106,15.04855,10.79314,1.944,high_pressure_gas_CO2
71.48,9.8272,4.57,1.373,10.69,5.1337,17.79308,9.55742,3.4659,conventional_oilfield_range
35.72,0.6392,5.99,5.432,11.56,0.5107,1.31102,0.81825,2.5671,conventional_oilfield_range
54.84,11.1598,3.65,1.647,15.68,2.71541,21.35222,7.61446,7.8633,high_pressure_gas_CO2
129.36,2.1079,3.5,121.553,4.05,379.61567,2223.13423,918.66021,5.8563,conventional_oilfield_range
99.25,0.2999,6.3,3.947,13.09,2.41551,3.4022,2.86672,1.4085,conventional_oilfield_range
136.05,0.3137,4.69,4.622,13.99,7.29263,30.69971,14.96267,4.2097,conventional_oilfield_range
107.04,0.1008,4.93,1.944,4.52,1.03332,4.08428,2.05435,3.9526,conventional_oilfield_range
105.86,28.2701,6.46,8.298,2.64,173.20727,69.33281,109.58534,2.4982,high_pressure_gas_CO2
110.96,0.2029,4.44,82.625,2.74,40.66963,145.68393,76.97345,3.5821,conventional_oilfield_range
24.31,95.2402,3.93,14.27,0.17,28.14963,143.49497,63.55572,5.0976,dense_phase_liquid_CO2
109.75,7.6602,3.95,7.869,13.73,50.58352,174.43461,93.93358,3.4484,conventional_oilfield_range
19.57,18.0858,5.27,6.85,19.26,2.54371,7.75012,4.44005,3.0468,high_pressure_gas_CO2
45.16,0.179,5.16,20.215,12.15,1.13427,4.123,2.16255,3.6349,conventional_oilfield_range
127.94,9.4453,4.4,13.387,10.19,150.45322,302.88615,213.47176,2.0132,conventional_oilfield_range
12.91,49.4012,6.36,11.938,2.25,7.7815,10.24065,8.92679,1.316,high_pressure_gas_CO2
81.6,85.7217,6.46,107.722,2.64,1377.65659,420.45532,761.08018,3.2766,dense_phase_supercritical_CO2
57.98,11.1899,5.79,119.392,15.41,110.77541,132.78041,121.27986,1.1986,high_pressure_gas_CO2
43.02,0.1317,3.68,52.188,10.13,1.58306,27.11977,6.55227,17.1312,conventional_oilfield_range
65.24,12.7477,3.75,14.71,12.32,29.43047,202.40577,77.18093,6.8774,high_pressure_gas_CO2
79.14,0.407,5.92,14.697,7.81,4.32229,7.312,5.62179,1.6917,conventional_oilfield_range
103.75,0.1579,5.6,38.766,16.93,10.45818,22.37301,15.29644,2.1393,conventional_oilfield_range
68.0,2.2915,5.33,4.71,14.83,3.87768,7.92659,5.54408,2.0442,conventional_oilfield_range
107.65,12.7203,3.99,118.536,10.46,657.13252,1611.74281,1029.13974,2.4527,high_pressure_gas_CO2
29.21,0.2403,5.84,3.845,17.73,0.15101,0.47755,0.26854,3.1623,conventional_oilfield_range
122.03,0.6545,3.69,35.488,11.53,54.37378,342.99385,136.56453,6.3081,conventional_oilfield_range
57.22,3.1538,5.2,6.311,5.1,6.71132,16.38384,10.48605,2.4412,conventional_oilfield_range
109.8,0.4844,5.03,1.247,17.26,1.54883,5.16403,2.82811,3.3341,conventional_oilfield_range
60.53,0.282,6.29,73.446,11.06,9.67564,10.5361,10.09671,1.0889,conventional_oilfield_range
65.81,0.9234,4.75,36.933,5.43,15.70345,61.50793,31.07872,3.9168,conventional_oilfield_range
77.8,50.7952,4.04,56.275,19.63,279.15577,821.37504,478.844,2.9424,high_pressure_gas_CO2
72.44,0.7029,6.03,5.155,11.06,2.79966,3.81189,3.2668,1.3616,conventional_oilfield_range
86.75,0.8161,5.37,10.222,11.83,5.34954,16.50027,9.39515,3.0844,conventional_oilfield_range
33.34,50.2724,5.78,3.415,0.13,8.66814,13.06861,10.64333,1.5077,high_pressure_gas_CO2
55.23,33.0158,6.13,117.339,0.03,240.90221,178.80977,207.54679,1.3473,high_pressure_gas_CO2
110.45,0.205,5.09,3.298,9.84,4.31096,9.27522,6.32338,2.1515,conventional_oilfield_range
108.19,0.1901,6.26,89.656,10.4,28.5895,31.80877,30.15621,1.1126,conventional_oilfield_range
146.31,0.1798,3.79,1.952,16.4,3.52152,22.55273,8.91179,6.4043,conventional_oilfield_range
68.07,78.1007,4.21,3.698,6.3,48.16874,94.95874,67.63167,1.9714,dense_phase_supercritical_CO2
111.63,0.8999,4.32,1.454,4.05,4.29549,13.71965,7.67676,3.194,conventional_oilfield_range
27.53,0.3113,4.9,7.667,10.72,0.41042,2.40199,0.99288,5.8526,conventional_oilfield_range
49.7,0.6238,3.86,2.203,13.72,0.54447,3.9477,1.46608,7.2505,conventional_oilfield_range
10.85,32.1939,4.48,1.579,4.96,1.09277,7.41051,2.84569,6.7814,high_pressure_gas_CO2
103.19,0.6033,6.47,1.169,8.09,1.41929,1.82758,1.61054,1.2877,conventional_oilfield_range
41.23,2.4329,5.91,2.015,0.24,1.4725,1.32484,1.39672,1.1115,conventional_oilfield_range
23.95,29.5815,4.62,23.528,12.89,13.36255,54.30067,26.93688,4.0636,high_pressure_gas_CO2
122.85,0.1163,3.69,92.027,8.87,44.37639,419.48921,136.43833,9.453,conventional_oilfield_range
125.26,0.9878,3.63,10.073,3.36,22.02475,167.86826,60.80506,7.6218,conventional_oilfield_range
62.27,0.1226,5.55,2.377,4.29,0.37353,1.35331,0.71098,3.6231,conventional_oilfield_range
133.1,0.127,5.36,3.426,5.9,2.96641,9.57399,5.3292,3.2275,conventional_oilfield_range
13.84,0.6908,3.91,2.717,17.69,0.08951,1.66883,0.38649,18.6448,conventional_oilfield_range
121.31,24.2403,6.47,50.294,7.18,617.73005,289.11423,422.60448,2.1366,high_pressure_gas_CO2
137.34,3.215,4.67,2.462,6.38,28.31131,84.42909,48.89068,2.9822,conventional_oilfield_range
117.89,0.1499,6.47,14.194,15.34,10.56415,6.74179,8.43927,1.567,conventional_oilfield_range
19.52,9.3453,4.3,59.746,18.35,17.52137,78.88772,37.17823,4.5024,conventional_oilfield_range
36.81,34.635,5.89,5.917,16.78,8.9914,9.13298,9.06191,1.0157,high_pressure_gas_CO2
90.92,26.2199,5.59,97.477,0.56,604.05686,440.34811,515.74732,1.3718,high_pressure_gas_CO2
86.72,4.8902,4.06,141.251,17.63,139.16714,732.81599,319.34919,5.2657,conventional_oilfield_range
76.11,0.1865,4.2,2.993,10.53,1.13158,6.01638,2.60922,5.3168,conventional_oilfield_range
34.21,0.2463,5.65,99.851,16.89,2.5906,9.88978,5.06166,3.8176,conventional_oilfield_range
90.06,56.4511,5.82,69.506,17.21,630.58206,360.75858,476.95691,1.7479,high_pressure_gas_CO2
141.58,1.5374,3.8,4.536,2.73,40.21447,221.19411,94.31439,5.5004,conventional_oilfield_range
119.82,76.2055,5.45,2.394,19.37,79.72774,46.17678,60.67595,1.7266,dense_phase_supercritical_CO2
119.11,0.4674,5.27,2.408,6.14,4.41321,9.05093,6.3201,2.0509,conventional_oilfield_range
110.68,70.2044,6.35,7.115,19.89,168.13974,62.44915,102.4704,2.6924,high_pressure_gas_CO2
92.35,57.9582,6.4,3.025,11.31,63.00821,24.32525,39.14959,2.5902,high_pressure_gas_CO2
113.07,0.5176,6.45,2.319,17.71,3.60337,2.87172,3.21681,1.2548,conventional_oilfield_range
97.67,45.7047,4.84,3.777,4.99,92.37813,129.55172,109.39719,1.4024,high_pressure_gas_CO2
20.67,0.1009,4.66,39.28,19.38,0.40487,3.29195,1.15447,8.131,conventional_oilfield_range
59.91,4.3458,3.8,11.051,17.28,6.99496,46.07781,17.95307,6.5873,conventional_oilfield_range
28.59,0.1664,6.04,4.383,6.37,0.19337,0.54415,0.32438,2.814,conventional_oilfield_range
29.67,1.3377,5.7,15.503,17.96,1.78914,4.53728,2.84918,2.536,conventional_oilfield_range
93.98,2.8068,3.59,112.419,3.3,192.69403,1129.23713,466.4732,5.8603,conventional_oilfield_range
19.68,0.4137,4.07,32.898,14.44,0.86901,10.43619,3.0115,12.0093,conventional_oilfield_range
45.82,0.516,3.65,17.548,16.8,1.89587,26.52476,7.09137,13.9908,conventional_oilfield_range
67.0,0.765,5.49,20.236,3.99,8.83341,19.51263,13.12871,2.209,conventional_oilfield_range
47.31,0.1761,6.03,4.688,7.95,0.31272,1.03058,0.5677,3.2955,conventional_oilfield_range
18.21,4.2892,4.05,84.511,7.39,9.11465,99.83077,30.16492,10.9528,conventional_oilfield_range
72.43,0.4772,4.31,1.362,15.04,0.55979,3.44954,1.38961,6.1622,conventional_oilfield_range
54.85,4.2106,6.41,19.2,11.07,15.31385,9.29552,11.93106,1.6474,conventional_oilfield_range
65.7,4.0415,6.1,10.796,17.63,8.62353,10.4722,9.50302,1.2144,conventional_oilfield_range
135.9,13.8969,5.01,91.09,16.01,814.97821,947.27086,878.63821,1.1623,high_pressure_gas_CO2
22.44,18.6881,4.02,138.699,19.44,35.1002,212.27286,86.31814,6.0476,high_pressure_gas_CO2
66.39,92.2231,4.81,147.962,12.54,799.35752,1145.52781,956.91497,1.4331,dense_phase_supercritical_CO2
137.07,55.2741,3.7,6.991,7.95,363.16559,1236.61203,670.14546,3.4051,high_pressure_gas_CO2
71.43,41.7252,5.86,22.69,10.45,104.86004,113.48048,109.08514,1.0822,high_pressure_gas_CO2
26.49,5.805,5.78,110.857,18.5,14.91529,31.66187,21.73122,2.1228,conventional_oilfield_range
46.48,4.0448,4.53,7.837,7.66,3.83004,22.96483,9.37849,5.996,conventional_oilfield_range
10.43,0.6703,3.93,21.11,13.87,0.81271,9.67578,2.80421,11.9056,conventional_oilfield_range
53.07,0.5161,5.74,100.884,17.94,12.2226,22.27669,16.50088,1.8226,conventional_oilfield_range
48.94,0.6935,4.97,32.731,1.96,6.38766,24.27149,12.45143,3.7997,conventional_oilfield_range
146.26,2.1347,5.98,3.857,8.34,31.01423,24.72413,27.69115,1.2544,conventional_oilfield_range
35.65,29.6421,5.72,44.95,17.34,39.49905,41.78726,40.62705,1.0579,high_pressure_gas_CO2
28.05,0.8578,5.02,1.973,17.03,0.20807,0.99602,0.45524,4.7868,conventional_oilfield_range
32.95,31.5348,6.01,3.491,9.13,7.21972,5.65693,6.39073,1.2763,high_pressure_gas_CO2
44.73,29.5474,5.02,24.138,2.48,57.69522,112.04335,80.40128,1.942,high_pressure_gas_CO2
91.14,0.341,6.11,18.928,7.0,10.6137,17.11314,13.47716,1.6124,conventional_oilfield_range
113.6,11.6561,4.36,6.937,3.26,56.38579,177.38829,100.01089,3.146,high_pressure_gas_CO2
129.28,8.7527,5.53,3.851,8.19,78.89702,58.4603,67.91424,1.3496,conventional_oilfield_range
116.3,0.1063,6.23,25.629,12.02,10.15323,12.01405,11.04452,1.1833,conventional_oilfield_range
121.74,0.8249,6.4,25.042,8.48,38.81462,38.78478,38.79969,1.0008,conventional_oilfield_range
41.54,2.5124,5.53,62.198,7.94,18.13637,41.82446,27.54168,2.3061,conventional_oilfield_range
101.04,33.8729,4.62,25.626,12.18,270.2515,553.3781,386.71858,2.0476,high_pressure_gas_CO2
14.26,92.2748,5.42,74.935,5.22,59.20353,84.97786,70.92947,1.4354,dense_phase_liquid_CO2
48.32,0.2817,5.8,90.74,16.11,5.21285,10.38369,7.35722,1.9919,conventional_oilfield_range
100.78,11.0222,5.66,26.682,19.95,100.61068,122.60763,111.06591,1.2186,high_pressure_gas_CO2
61.3,0.1276,5.62,17.572,3.8,1.72597,4.90496,2.90961,2.8419,conventional_oilfield_range
82.52,22.6303,6.22,28.977,10.15,174.37072,69.91485,110.41333,2.494,high_pressure_gas_CO2
132.09,0.3495,3.79,1.899,5.17,4.9081,22.21962,10.44299,4.5271,conventional_oilfield_range
31.54,10.943,4.51,1.564,7.11,1.45017,5.74634,2.88672,3.9625,high_pressure_gas_CO2
119.27,0.9862,4.28,4.364,17.02,6.115,37.96632,15.23693,6.2087,conventional_oilfield_range
89.62,68.0617,3.71,86.193,10.01,1007.94941,2807.52466,1682.21366,2.7854,high_pressure_gas_CO2
48.26,0.1453,6.06,1.99,4.01,0.17025,0.58473,0.31552,3.4345,conventional_oilfield_range
136.46,2.3589,4.45,36.088,15.58,105.5391,385.02055,201.58057,3.6481,conventional_oilfield_range
30.64,8.0075,3.51,3.938,15.22,2.16549,26.04193,7.50956,12.0259,conventional_oilfield_range
75.99,19.5302,3.76,21.735,12.67,53.02848,486.41045,160.60388,9.1726,high_pressure_gas_CO2
60.58,0.1298,4.1,6.485,0.28,0.73088,12.0886,2.97243,16.5397,conventional_oilfield_range
32.63,10.7212,5.38,3.479,13.87,2.21733,5.81505,3.5908,2.6225,high_pressure_gas_CO2
60.61,5.8346,4.0,62.053,5.96,53.6403,433.09832,152.41891,8.0741,conventional_oilfield_range
91.47,1.0316,6.16,146.635,6.85,109.53956,95.86583,102.47488,1.1426,conventional_oilfield_range
32.32,69.8639,6.25,7.548,4.57,19.36298,14.78445,16.91955,1.3097,high_pressure_gas_CO2
111.44,5.876,4.01,6.277,13.01,51.55597,150.26485,88.01733,2.9146,conventional_oilfield_range
42.09,4.0198,3.65,146.055,13.24,35.44009,337.87202,109.42675,9.5336,conventional_oilfield_range
105.01,1.7796,4.64,15.522,9.49,36.57866,118.20206,65.75464,3.2314,conventional_oilfield_range
96.4,0.8005,5.48,27.645,5.4,23.52507,45.65558,32.77272,1.9407,conventional_oilfield_range
125.44,0.2064,5.66,1.804,2.28,2.97677,5.19895,3.93397,1.7465,conventional_oilfield_range
33.96,0.6152,5.07,2.747,14.07,0.29526,1.5278,0.67164,5.1743,conventional_oilfield_range
76.97,0.4198,6.3,5.241,0.05,2.27995,2.54947,2.41095,1.1182,conventional_oilfield_range
126.11,10.164,3.95,1.57,10.23,26.85253,83.53921,47.36285,3.111,high_pressure_gas_CO2
42.1,0.4937,6.47,4.407,9.29,0.66561,1.00517,0.81796,1.5101,conventional_oilfield_range
10.72,0.7442,5.9,4.792,14.77,0.23336,0.70411,0.40535,3.0172,conventional_oilfield_range
11.65,35.9746,5.49,2.35,7.15,1.43971,4.40898,2.51945,3.0624,high_pressure_gas_CO2
132.38,0.19,5.94,2.5,8.02,3.91406,4.57514,4.23171,1.1689,conventional_oilfield_range
60.93,35.6463,5.9,25.82,15.94,89.01386,79.44874,84.09542,1.1204,high_pressure_gas_CO2
13.5,67.2049,3.98,8.041,11.82,7.70891,34.27596,16.25516,4.4463,high_pressure_gas_CO2
31.28,1.378,4.58,1.155,13.69,0.30044,0.98102,0.5429,3.2653,conventional_oilfield_range
23.95,57.7024,3.84,7.852,0.92,13.37306,99.29514,36.44008,7.425,high_pressure_gas_CO2
107.16,10.809,5.8,17.982,11.3,154.18982,98.32036,123.12594,1.5682,high_pressure_gas_CO2
54.05,3.7095,5.6,1.612,13.23,1.4732,3.24491,2.18641,2.2026,conventional_oilfield_range
103.06,1.4277,6.02,16.406,19.76,24.02792,22.2415,23.11746,1.0803,conventional_oilfield_range
27.75,35.1995,6.06,77.97,1.5,62.23185,82.82202,71.79253,1.3309,high_pressure_gas_CO2
145.67,0.1416,4.17,25.114,8.07,24.51529,161.77604,62.97608,6.599,conventional_oilfield_range
121.18,2.2095,6.07,9.394,2.37,34.26951,38.37827,36.26575,1.1199,conventional_oilfield_range
19.88,1.7259,5.17,1.001,1.82,0.16569,0.76493,0.35601,4.6167,conventional_oilfield_range
49.17,3.3498,4.12,28.919,19.01,9.03562,62.66612,23.79553,6.9355,conventional_oilfield_range
37.32,2.3088,5.18,22.318,9.46,4.38913,13.64312,7.73831,3.1084,conventional_oilfield_range
21.53,18.9653,4.17,5.531,16.6,3.22076,16.52875,7.29624,5.1319,high_pressure_gas_CO2
80.69,12.7729,3.64,2.276,2.81,13.80593,60.85201,28.9848,4.4077,high_pressure_gas_CO2
20.51,6.8007,4.06,105.739,7.86,13.74802,164.25673,47.52058,11.9477,conventional_oilfield_range
108.93,0.2105,4.74,103.854,16.75,23.16466,102.29197,48.67811,4.4159,conventional_oilfield_range
70.32,9.4487,6.37,1.963,9.98,5.95255,4.64479,5.25817,1.2816,conventional_oilfield_range
140.62,32.8434,4.95,12.77,18.42,381.17311,483.57888,429.33351,1.2687,high_pressure_gas_CO2
110.92,0.2427,4.66,20.269,17.65,7.66267,37.36871,16.9217,4.8767,conventional_oilfield_range
147.03,55.9411,5.79,3.939,19.27,260.04966,107.37009,167.09744,2.422,high_pressure_gas_CO2
24.34,1.7308,5.6,42.525,5.98,4.02816,9.49694,6.18508,2.3576,conventional_oilfield_range
108.22,64.0525,5.4,2.736,12.48,82.21388,85.68414,83.93108,1.0422,high_pressure_gas_CO2
102.49,87.9036,5.45,121.732,10.08,1920.01937,1398.45522,1638.61561,1.373,dense_phase_supercritical_CO2
21.73,1.1395,4.94,17.449,13.34,0.92206,7.70786,2.66592,8.3593,conventional_oilfield_range
127.0,0.7207,6.04,57.404,10.45,92.31655,88.34739,90.31017,1.0449,conventional_oilfield_range
102.19,0.3978,5.75,2.24,5.73,2.48638,5.9438,3.84428,2.3905,conventional_oilfield_range
105.14,0.7681,5.76,1.176,16.28,2.43662,3.31157,2.84061,1.3591,conventional_oilfield_range
112.23,39.3119,5.73,16.649,4.75,388.1927,185.42747,268.29385,2.0935,high_pressure_gas_CO2
46.71,9.851,6.28,6.972,19.13,6.55512,5.43698,5.96993,1.2057,conventional_oilfield_range
85.06,0.1094,4.25,22.408,15.62,3.76184,18.17857,8.26951,4.8324,conventional_oilfield_range
137.17,12.9983,5.44,43.973,10.93,460.26225,455.1276,457.68772,1.0113,high_pressure_gas_CO2
144.82,0.763,4.03,30.586,3.74,105.58988,524.81998,235.40535,4.9704,conventional_oilfield_range
59.69,1.9298,5.17,1.919,11.68,1.39819,4.61916,2.54135,3.3037,conventional_oilfield_range
107.9,0.2914,3.96,5.036,1.02,6.36371,32.06102,14.2838,5.0381,conventional_oilfield_range
100.97,2.9625,5.22,6.015,15.68,14.35337,30.50971,20.92647,2.1256,conventional_oilfield_range
31.66,0.1602,5.02,8.037,10.74,0.32155,2.05889,0.81366,6.403,conventional_oilfield_range
35.94,0.99,4.58,2.988,15.05,0.25491,2.62884,0.8186,10.3129,conventional_oilfield_range
124.43,87.7808,3.53,28.554,8.91,1436.87668,3214.27555,2149.07365,2.237,dense_phase_supercritical_CO2
95.06,75.2819,5.55,4.993,18.32,103.26104,66.04089,82.57997,1.5636,dense_phase_supercritical_CO2
83.33,0.7055,6.23,61.515,7.5,30.21571,28.17251,29.17623,1.0725,conventional_oilfield_range
11.36,49.5273,4.08,13.131,18.96,7.50253,56.04192,20.50503,7.4697,high_pressure_gas_CO2
83.01,0.1052,3.7,28.755,15.47,3.7924,35.86288,11.66217,9.4565,conventional_oilfield_range
20.07,4.1045,5.61,133.153,15.5,9.55244,23.50042,14.98287,2.4601,conventional_oilfield_range
113.3,0.2892,4.88,5.27,1.75,8.03839,21.89274,13.26584,2.7235,conventional_oilfield_range
85.92,5.3075,4.18,3.655,7.76,10.79956,43.30472,21.62572,4.0099,conventional_oilfield_range
7.45,10.4688,5.1,24.877,12.37,3.69941,11.43995,6.50546,3.0924,high_pressure_gas_CO2
106.63,0.1651,6.28,1.702,15.74,0.90711,1.26945,1.0731,1.3994,conventional_oilfield_range
115.96,2.056,4.69,27.403,9.48,66.03679,188.60147,111.60034,2.856,conventional_oilfield_range
61.69,24.6862,5.14,122.84,2.88,246.62073,364.44048,299.79756,1.4777,high_pressure_gas_CO2
120.28,15.4161,4.62,116.446,11.07,871.56019,1737.60245,1230.61981,1.9937,high_pressure_gas_CO2
5.73,6.1654,5.11,115.004,6.09,9.55671,28.91413,16.62299,3.0255,conventional_oilfield_range
54.86,1.7297,5.44,13.043,3.22,6.80558,21.6677,12.14337,3.1838,conventional_oilfield_range
33.18,0.35,5.9,71.544,17.03,4.12222,5.43551,4.73354,1.3186,conventional_oilfield_range
71.88,4.4565,4.37,1.401,1.96,3.65278,12.368,6.72142,3.3859,conventional_oilfield_range
52.97,0.2425,5.47,1.651,12.39,0.27031,0.74803,0.44967,2.7673,conventional_oilfield_range
70.34,7.0636,4.42,18.673,11.31,27.2322,123.14736,57.91005,4.5221,conventional_oilfield_range
67.1,0.1034,4.24,3.034,14.8,0.24328,3.53072,0.92679,14.5133,conventional_oilfield_range
24.47,15.8095,6.13,10.167,7.17,5.66575,9.93794,7.50373,1.754,high_pressure_gas_CO2
30.49,6.6052,6.03,73.899,2.8,21.13138,36.3889,27.7299,1.722,conventional_oilfield_range
133.52,0.1696,3.73,1.098,10.14,1.99514,13.25821,5.14315,6.6453,conventional_oilfield_range
63.74,5.8899,6.22,15.861,10.87,23.28172,18.3603,20.67509,1.268,conventional_oilfield_range
117.4,1.2516,4.17,47.891,14.66,68.38201,376.38372,160.43028,5.5041,conventional_oilfield_range
79.01,1.5501,5.01,27.673,16.96,17.95646,36.56,25.62203,2.036,conventional_oilfield_range
29.05,3.4867,4.84,2.454,18.97,0.46189,1.79932,0.91164,3.8956,conventional_oilfield_range
111.71,2.8217,4.58,2.993,9.75,15.89592,40.49159,25.37028,2.5473,conventional_oilfield_range
11.21,0.4172,6.22,6.111,9.39,0.17167,0.51718,0.29797,3.0126,conventional_oilfield_range
147.19,0.938,5.61,13.632,16.59,44.56019,46.08504,45.3162,1.0342,conventional_oilfield_range
83.93,0.3323,5.46,6.236,13.07,2.65197,4.92191,3.61286,1.8559,conventional_oilfield_range
59.57,52.6899,5.05,5.861,17.35,21.08802,44.46612,30.62193,2.1086,high_pressure_gas_CO2
92.61,3.2027,3.92,2.293,1.54,7.99891,40.75306,18.05492,5.0948,conventional_oilfield_range
32.1,1.2209,5.65,1.809,4.61,0.45855,0.87584,0.63373,1.91,conventional_oilfield_range
74.82,2.7318,4.13,2.243,16.67,3.00445,14.88573,6.68756,4.9546,conventional_oilfield_range
88.16,0.3044,5.39,1.217,11.45,0.82543,1.97807,1.27779,2.3964,conventional_oilfield_range
31.11,74.9402,5.3,16.844,0.37,39.03034,55.47094,46.53009,1.4212,dense_phase_supercritical_CO2
46.1,0.1808,4.85,144.667,17.35,5.36992,38.89604,14.45229,7.2433,conventional_oilfield_range
92.12,24.2018,5.96,2.488,13.19,25.00283,24.94902,24.97591,1.0022,high_pressure_gas_CO2
54.69,2.293,5.27,3.163,7.71,2.4189,6.23783,3.88441,2.5788,conventional_oilfield_range
129.64,3.259,4.76,2.116,1.93,17.09133,48.27864,28.72536,2.8247,conventional_oilfield_range
10.66,22.4701,5.01,1.802,9.64,1.12561,4.04095,2.13273,3.59,high_pressure_gas_CO2
124.99,49.0803,5.82,25.869,10.44,685.31685,428.07743,541.63519,1.6009,high_pressure_gas_CO2
81.82,0.488,5.91,52.257,7.62,14.38204,26.39139,19.48235,1.835,conventional_oilfield_range
115.42,12.3062,3.79,1.956,9.54,29.83578,157.85524,68.62751,5.2908,high_pressure_gas_CO2
46.07,42.6873,4.73,2.578,14.18,8.37268,16.19325,11.64392,1.9341,high_pressure_gas_CO2
22.09,0.1051,5.46,31.379,6.32,0.45061,2.96112,1.15512,6.5714,conventional_oilfield_range
99.48,0.5766,6.06,8.35,7.31,7.78371,13.39203,10.20978,1.7205,conventional_oilfield_range
114.47,1.7365,5.85,11.217,7.4,28.41471,34.1654,31.15766,1.2024,conventional_oilfield_range
49.46,1.0791,5.62,39.914,17.1,5.26806,11.64617,7.8328,2.2107,conventional_oilfield_range
69.76,12.5295,3.99,2.929,8.01,9.63164,60.62808,24.16501,6.2947,high_pressure_gas_CO2
106.07,13.1938,3.98,125.601,0.11,904.52221,3058.46326,1663.26425,3.3813,high_pressure_gas_CO2
139.25,2.0236,3.69,3.038,1.6,31.88816,142.43997,67.39547,4.4669,conventional_oilfield_range
147.74,6.9486,5.06,35.361,11.95,550.29422,479.86386,513.87382,1.1468,conventional_oilfield_range
97.84,2.0745,4.11,26.881,16.08,35.23905,174.51177,78.41957,4.9522,conventional_oilfield_range
91.93,3.5273,4.2,2.338,0.72,9.35288,38.77855,19.04445,4.1462,conventional_oilfield_range
27.83,97.8254,5.84,5.867,7.9,12.61647,15.45041,13.96172,1.2246,dense_phase_liquid_CO2
111.85,0.1606,3.77,4.16,16.6,2.40391,16.9138,6.37646,7.036,conventional_oilfield_range
144.68,0.6753,5.32,2.65,18.59,6.95444,12.52059,9.33133,1.8004,conventional_oilfield_range
64.03,0.2086,3.72,4.368,18.94,0.6421,4.54586,1.70848,7.0797,conventional_oilfield_range
132.04,27.5069,5.22,32.406,19.32,381.33479,445.52919,412.18416,1.1683,high_pressure_gas_CO2
114.83,76.5096,4.88,10.059,11.74,364.64752,403.46956,383.56769,1.1065,dense_phase_supercritical_CO2
14.8,7.9613,6.48,29.718,4.6,5.22103,12.06179,7.93567,2.3102,conventional_oilfield_range
79.89,0.1069,6.0,3.469,1.86,0.7123,1.28757,0.95768,1.8076,conventional_oilfield_range
16.02,62.2571,4.93,5.879,17.89,4.54879,21.57921,9.90753,4.7439,high_pressure_gas_CO2
104.05,53.6763,5.0,2.72,14.71,68.50173,71.2104,69.84294,1.0395,high_pressure_gas_CO2
34.4,0.5612,5.36,2.185,2.13,0.42162,1.14739,0.69553,2.7214,conventional_oilfield_range
101.2,6.9419,5.79,15.076,0.85,66.36781,85.79506,75.4588,1.2927,conventional_oilfield_range
76.39,90.3824,6.19,77.718,9.82,989.94905,345.36575,584.71745,2.8664,dense_phase_supercritical_CO2
45.64,0.4637,5.23,1.312,15.99,0.16459,0.84158,0.37218,5.1133,conventional_oilfield_range
77.86,1.5176,5.56,2.401,19.53,1.88325,3.0595,2.40037,1.6246,conventional_oilfield_range
104.94,0.1085,4.13,18.379,6.51,5.34115,40.51578,14.71057,7.5856,conventional_oilfield_range
84.54,0.5145,4.91,21.584,7.32,9.14972,36.54162,18.28512,3.9937,conventional_oilfield_range
106.6,1.309,6.06,4.06,3.6,12.44837,13.07269,12.75671,1.0502,conventional_oilfield_range
38.14,0.1993,4.31,3.259,8.64,0.20985,2.49547,0.72366,11.8915,conventional_oilfield_range
144.08,0.281,5.92,2.423,9.99,7.60329,6.61687,7.09295,1.1491,conventional_oilfield_range
79.97,14.5105,5.86,4.497,11.24,18.18155,18.94665,18.56016,1.0421,high_pressure_gas_CO2
105.13,0.1514,5.94,10.889,12.6,3.53143,7.38508,5.10685,2.0912,conventional_oilfield_range
57.34,4.7979,6.3,3.638,0.4,6.9282,6.87185,6.89997,1.0082,conventional_oilfield_range
144.65,0.3953,5.23,25.856,3.49,55.64768,91.59077,71.39197,1.6459,conventional_oilfield_range
102.61,2.9006,5.71,86.282,7.62,158.86421,261.86363,203.96264,1.6483,conventional_oilfield_range
26.0,0.3182,5.92,5.422,12.63,0.18033,0.65423,0.34348,3.628,conventional_oilfield_range
15.34,0.3062,4.18,4.893,5.83,0.16091,2.97052,0.69137,18.4603,conventional_oilfield_range
44.33,2.1612,6.09,6.17,11.74,2.60652,3.24446,2.90805,1.2447,conventional_oilfield_range
31.66,0.1173,5.68,27.582,18.81,0.46799,1.86012,0.93301,3.9747,conventional_oilfield_range
29.2,0.2037,3.69,81.679,10.97,2.32031,36.91421,9.25485,15.9092,conventional_oilfield_range
115.92,0.1777,4.29,2.177,13.1,1.86886,8.48357,3.98178,4.5394,conventional_oilfield_range
40.87,0.7121,5.38,1.931,16.77,0.39088,1.08442,0.65106,2.7743,conventional_oilfield_range
129.75,0.9454,4.93,132.327,10.81,201.2896,585.59377,343.32774,2.9092,conventional_oilfield_range
145.58,12.3842,4.03,19.971,12.62,300.27842,799.67811,490.02661,2.6631,high_pressure_gas_CO2
80.9,8.2906,4.43,5.695,10.79,19.84527,49.50227,31.34304,2.4944,conventional_oilfield_range
58.04,0.6018,4.41,1.0,16.31,0.34044,1.72031,0.76529,5.0532,conventional_oilfield_range
73.03,0.1059,6.27,114.992,9.54,10.80263,16.13006,13.20027,1.4932,conventional_oilfield_range
47.47,0.4939,3.52,6.503,8.23,0.89151,14.46279,3.59079,16.2228,conventional_oilfield_range
28.67,16.2687,4.67,6.658,5.26,4.99969,23.32692,10.79942,4.6657,high_pressure_gas_CO2
115.86,53.6863,5.92,30.892,5.69,774.874,315.26035,494.25403,2.4579,high_pressure_gas_CO2
64.87,36.3451,4.05,4.268,12.74,19.86549,75.5736,38.7467,3.8043,high_pressure_gas_CO2
95.3,0.3659,3.56,1.282,10.7,1.11533,11.68189,3.6096,10.4739,conventional_oilfield_range
44.03,13.9826,5.68,3.211,3.01,4.78283,8.66473,6.43754,1.8116,high_pressure_gas_CO2
50.18,25.0257,6.49,10.21,15.83,15.53976,16.98758,16.24755,1.0932,high_pressure_gas_CO2
142.99,0.1473,5.83,1.43,9.4,2.55726,4.72682,3.47674,1.8484,conventional_oilfield_range
123.5,30.5321,3.87,46.941,4.98,956.27148,2266.17341,1472.09952,2.3698,high_pressure_gas_CO2
111.95,0.126,4.88,47.617,10.42,18.66594,57.59728,32.78883,3.0857,conventional_oilfield_range
103.81,0.8636,4.47,23.395,0.84,39.41042,117.4766,68.04265,2.9809,conventional_oilfield_range
41.73,8.233,4.1,85.374,17.27,33.25335,212.2045,84.00303,6.3814,conventional_oilfield_range
96.77,0.9409,4.0,3.989,2.39,6.58933,37.76622,15.77511,5.7314,conventional_oilfield_range
11.09,22.4092,4.93,19.834,7.43,7.69092,28.05157,14.68818,3.6474,high_pressure_gas_CO2
18.25,7.1769,6.29,147.742,12.5,25.23873,31.51134,28.20117,1.2485,conventional_oilfield_range
106.69,23.6809,3.88,3.209,19.63,40.0313,94.00442,61.34427,2.3483,high_pressure_gas_CO2
121.8,2.0709,4.08,31.613,7.16,130.78978,555.93393,269.6488,4.2506,conventional_oilfield_range
75.37,2.0535,4.38,32.871,3.8,32.0332,156.2425,70.74565,4.8775,conventional_oilfield_range
111.2,0.6698,5.99,97.719,11.09,87.66336,100.01144,93.63407,1.1409,conventional_oilfield_range
47.87,0.6167,4.6,1.004,12.76,0.22417,1.59028,0.59707,7.0941,conventional_oilfield_range
7.71,37.1953,5.83,3.308,14.42,1.43294,2.38663,1.8493,1.6655,high_pressure_gas_CO2
61.19,3.7343,4.99,15.851,12.26,10.94805,43.44952,21.81027,3.9687,conventional_oilfield_range
21.02,3.7119,3.7,65.684,2.6,10.79533,108.83607,34.27712,10.0818,conventional_oilfield_range
75.38,0.1978,5.21,66.049,13.16,6.39218,28.73788,13.55352,4.4958,conventional_oilfield_range
42.11,1.2562,5.32,1.426,18.6,0.35765,1.33181,0.69016,3.7237,conventional_oilfield_range
134.02,0.1737,5.9,1.355,11.16,2.21865,2.51694,2.36309,1.1344,conventional_oilfield_range
58.51,13.3445,5.97,3.788,0.81,12.97232,12.81922,12.89554,1.0119,high_pressure_gas_CO2
141.97,76.1658,3.79,37.848,10.63,2092.25077,5683.57468,3448.40014,2.7165,dense_phase_supercritical_CO2
41.07,7.5158,4.04,42.689,8.3,28.00322,171.22447,69.24476,6.1145,conventional_oilfield_range
56.9,2.3777,5.5,83.388,3.34,40.51488,94.77255,61.9653,2.3392,conventional_oilfield_range
53.94,0.2982,6.5,9.205,7.05,1.04767,3.19809,1.83045,3.0526,conventional_oilfield_range
52.07,1.3036,5.79,8.65,14.52,2.08424,4.27978,2.98665,2.0534,conventional_oilfield_range
36.02,19.821,6.28,3.572,19.23,2.883,3.55397,3.20095,1.2327,high_pressure_gas_CO2
110.32,88.8934,5.29,13.377,19.87,294.48072,308.26998,301.29648,1.0468,dense_phase_supercritical_CO2
37.17,36.9115,3.57,61.463,13.79,62.08762,583.36442,190.31476,9.3958,high_pressure_gas_CO2
85.67,59.947,3.96,1.208,7.11,29.0821,91.90234,51.69828,3.1601,high_pressure_gas_CO2
89.41,0.5,5.93,1.585,8.0,1.84692,1.90577,1.87612,1.0319,conventional_oilfield_range
109.92,23.9173,4.02,62.634,13.79,384.11194,1347.20586,719.35933,3.5073,high_pressure_gas_CO2
91.31,0.7965,5.69,17.949,1.57,22.67379,31.76524,26.83726,1.401,conventional_oilfield_range
55.45,28.2765,4.75,77.353,17.4,120.29416,372.61218,211.71459,3.0975,high_pressure_gas_CO2
92.33,0.1082,5.83,6.797,6.1,2.34539,4.30566,3.17781,1.8358,conventional_oilfield_range
26.69,3.2152,4.16,1.288,14.63,0.30543,3.20329,0.98913,10.4879,conventional_oilfield_range
91.29,3.2673,4.17,4.272,7.89,12.41524,53.67174,25.81371,4.3231,conventional_oilfield_range
87.86,0.1406,4.7,1.532,10.04,0.54388,2.51702,1.17003,4.6279,conventional_oilfield_range
24.56,4.7631,4.96,26.263,3.92,5.13455,21.37781,10.4769,4.1635,conventional_oilfield_range
40.71,0.164,5.83,5.056,18.48,0.28435,0.82589,0.4846,2.9045,conventional_oilfield_range
66.41,1.109,4.46,19.603,0.48,8.81201,88.3501,27.90236,10.0261,conventional_oilfield_range
94.35,93.4281,4.83,2.076,0.9,85.87129,99.91931,92.62937,1.1636,dense_phase_supercritical_CO2
59.2,18.7586,6.06,1.756,1.09,11.54439,6.36092,8.5693,1.8149,high_pressure_gas_CO2
130.97,28.867,3.54,32.342,2.23,825.25957,3195.40814,1623.8969,3.872,high_pressure_gas_CO2
35.31,4.1117,4.11,13.762,5.17,3.97269,39.24507,12.48634,9.8787,conventional_oilfield_range
25.5,12.4815,3.56,18.564,13.27,8.23291,77.53409,25.26521,9.4176,high_pressure_gas_CO2
46.18,23.3112,5.35,1.305,13.1,3.79848,5.63889,4.62809,1.4845,high_pressure_gas_CO2
44.34,35.9956,5.48,75.99,0.38,171.2687,177.75282,174.48064,1.0379,high_pressure_gas_CO2
38.52,1.3871,6.43,1.647,6.31,0.60256,0.6046,0.60358,1.0034,conventional_oilfield_range
32.03,3.1765,4.87,103.71,0.43,22.0332,117.58057,50.89868,5.3365,conventional_oilfield_range
53.37,1.5143,3.97,5.684,7.04,2.35481,18.6854,6.63329,7.935,conventional_oilfield_range
146.85,3.1897,5.94,23.003,17.57,176.9255,86.64494,123.81317,2.042,conventional_oilfield_range
9.27,4.6219,4.34,2.139,17.94,0.25806,2.0569,0.72856,7.9706,conventional_oilfield_range
60.42,76.1758,5.34,22.972,4.55,151.0955,208.04301,177.29739,1.3769,dense_phase_supercritical_CO2
145.73,53.6051,4.49,15.134,4.14,1098.16293,1645.30276,1344.17651,1.4982,high_pressure_gas_CO2
121.02,38.7046,4.43,34.233,10.48,1015.39246,1979.42857,1417.70831,1.9494,high_pressure_gas_CO2
146.49,0.2726,6.3,99.019,6.35,79.10362,93.91319,86.19091,1.1872,conventional_oilfield_range
22.17,0.897,6.14,38.211,15.31,2.0859,3.62634,2.75031,1.7385,conventional_oilfield_range
64.63,2.1331,6.3,88.249,18.67,28.69335,44.3625,35.67784,1.5461,conventional_oilfield_range
20.48,0.3583,5.79,21.465,5.34,0.68525,2.63071,1.34264,3.8391,conventional_oilfield_range
38.67,11.5381,4.58,31.438,9.53,16.37825,82.86624,36.84025,5.0595,high_pressure_gas_CO2
108.24,1.324,6.06,11.734,2.75,27.09428,28.64874,27.86067,1.0574,conventional_oilfield_range
115.86,0.1109,4.31,7.922,14.85,4.34666,19.00681,9.08934,4.3727,conventional_oilfield_range
14.59,60.4379,6.46,77.082,9.8,41.00126,48.50117,44.59383,1.1829,high_pressure_gas_CO2
40.78,1.6391,3.63,39.824,7.61,7.1445,115.23531,28.69318,16.1292,conventional_oilfield_range
112.66,6.0453,5.08,80.498,15.74,219.33371,425.60984,305.53328,1.9405,conventional_oilfield_range
124.92,0.134,6.49,13.451,7.91,8.47333,6.94211,7.6696,1.2206,conventional_oilfield_range
79.84,7.7973,3.65,4.302,7.96,13.34047,123.43989,40.58012,9.253,conventional_oilfield_range
71.9,1.8509,5.34,1.314,10.34,1.97434,4.60764,3.01614,2.3338,conventional_oilfield_range
70.5,14.7211,3.84,49.498,18.76,81.29234,381.2763,176.05352,4.6902,high_pressure_gas_CO2
64.97,2.2525,4.04,19.257,14.25,11.5928,83.14349,31.04619,7.172,conventional_oilfield_range
41.26,11.8892,6.22,54.104,14.37,33.58075,35.586,34.56884,1.0597,high_pressure_gas_CO2
70.16,1.227,5.07,6.852,15.82,2.32009,10.41568,4.91582,4.4893,conventional_oilfield_range
59.91,1.3862,5.8,96.637,11.31,24.96701,43.64652,33.01096,1.7482,conventional_oilfield_range
130.98,0.344,5.64,8.186,6.19,13.59634,17.51202,15.43047,1.288,conventional_oilfield_range
95.84,0.2252,3.89,2.763,12.45,1.38243,14.19396,4.4297,10.2674,conventional_oilfield_range
129.03,4.2707,3.52,83.338,4.76,382.6626,2194.99085,916.4829,5.7361,conventional_oilfield_range
64.47,0.1731,5.3,3.408,10.95,0.45196,1.71266,0.87981,3.7894,conventional_oilfield_range
124.66,0.1402,3.94,26.399,0.73,21.3906,107.86787,48.03497,5.0428,conventional_oilfield_range
126.51,0.7858,6.26,1.278,8.34,4.97999,4.88071,4.9301,1.0203,conventional_oilfield_range
93.61,11.8725,5.28,51.672,3.55,196.39619,367.03411,268.48483,1.8688,high_pressure_gas_CO2
140.06,0.1903,4.4,6.339,7.58,10.34017,42.18043,20.88427,4.0793,conventional_oilfield_range
84.82,0.756,3.9,32.475,5.49,15.83695,137.0781,46.59291,8.6556,conventional_oilfield_range
105.9,6.8574,3.83,38.722,12.58,183.79922,652.14602,346.2137,3.5481,conventional_oilfield_range
104.85,63.3396,6.46,4.216,12.18,101.28734,51.42963,72.17458,1.9694,high_pressure_gas_CO2
149.28,1.1523,3.89,16.763,10.39,62.43871,283.95119,133.15234,4.5477,conventional_oilfield_range
31.09,6.7331,5.63,135.193,0.03,55.85325,95.03677,72.85679,1.7015,conventional_oilfield_range
22.1,35.0114,5.9,149.241,8.28,69.51895,133.74097,96.42371,1.9238,high_pressure_gas_CO2
97.44,0.1081,4.1,4.101,15.8,1.01126,10.71579,3.29187,10.5965,conventional_oilfield_range
51.97,0.1043,5.56,5.531,14.49,0.31008,1.17606,0.60388,3.7928,conventional_oilfield_range
30.47,0.9807,4.51,29.064,18.32,2.16289,11.23181,4.92881,5.193,conventional_oilfield_range
74.82,7.6138,6.18,14.74,6.7,36.08628,25.12256,30.10946,1.4364,conventional_oilfield_range
112.67,32.0123,4.4,37.808,6.31,524.80331,1182.77659,787.86107,2.2538,high_pressure_gas_CO2
104.4,25.0384,6.16,5.881,19.39,58.97576,35.33686,45.65104,1.669,high_pressure_gas_CO2
147.62,7.5776,6.03,17.479,7.79,202.51942,137.61079,166.93968,1.4717,conventional_oilfield_range
113.97,13.0557,4.44,1.172,8.28,17.31278,45.88823,28.18604,2.6505,high_pressure_gas_CO2
70.53,71.1509,4.15,4.549,2.24,62.90305,127.12323,89.42281,2.0209,high_pressure_gas_CO2
137.44,2.1445,3.57,11.228,10.0,71.08949,498.60284,188.26955,7.0137,conventional_oilfield_range
111.2,3.7229,5.83,2.05,17.44,11.1517,6.33503,8.40514,1.7603,conventional_oilfield_range
103.12,0.2501,5.67,9.991,14.27,4.74951,9.35883,6.66707,1.9705,conventional_oilfield_range
140.19,11.5122,5.28,1.547,9.34,51.75271,47.51568,49.58896,1.0892,high_pressure_gas_CO2
100.55,0.8658,5.23,4.778,17.84,4.79431,12.49649,7.74029,2.6065,conventional_oilfield_range
45.11,0.9067,4.82,1.803,2.99,0.59044,2.97365,1.32505,5.0363,conventional_oilfield_range
95.33,3.4848,4.12,5.785,6.37,21.98289,98.16829,46.45452,4.4657,conventional_oilfield_range
46.07,0.5426,3.71,21.603,6.77,2.64505,37.62349,9.97577,14.2241,conventional_oilfield_range
73.26,10.6289,3.82,1.309,8.53,6.27912,36.93043,15.22795,5.8815,high_pressure_gas_CO2
90.95,32.2495,5.6,21.936,6.25,235.558,149.95055,187.94162,1.5709,high_pressure_gas_CO2
102.28,3.9852,6.42,44.113,9.31,143.80963,96.54621,117.83155,1.4895,conventional_oilfield_range
138.35,2.54,4.87,30.866,14.2,121.53193,277.82565,183.7517,2.286,conventional_oilfield_range
37.45,38.3079,5.35,96.933,7.84,105.73204,157.66561,129.11354,1.4912,high_pressure_gas_CO2
119.37,44.3825,4.86,1.164,9.51,44.01726,75.47533,57.63867,1.7147,high_pressure_gas_CO2
29.77,20.1291,5.31,1.893,2.06,3.06963,4.48401,3.71002,1.4608,high_pressure_gas_CO2
52.25,8.8788,5.88,14.431,8.02,13.43504,24.79568,18.25187,1.8456,conventional_oilfield_range
84.45,83.4978,4.65,5.513,16.28,61.03371,115.24499,83.86793,1.8882,dense_phase_supercritical_CO2
68.13,23.0134,5.13,3.265,13.25,20.83316,29.83714,24.93195,1.4322,high_pressure_gas_CO2
88.26,2.8833,5.28,10.17,11.1,19.00864,30.87977,24.22772,1.6245,conventional_oilfield_range
143.6,0.1617,3.83,59.086,15.43,34.094,325.93443,105.41541,9.5599,conventional_oilfield_range
100.72,0.1869,5.95,85.263,18.07,18.00146,30.15396,23.2984,1.6751,conventional_oilfield_range
26.28,0.2803,5.09,7.057,11.56,0.32113,2.28046,0.85575,7.1014,conventional_oilfield_range
50.91,5.1384,6.24,4.6,18.87,1.93015,4.17586,2.83902,2.1635,conventional_oilfield_range
54.92,0.1853,3.52,140.134,8.08,9.38819,153.08186,37.90991,16.3058,conventional_oilfield_range
58.54,4.4326,3.66,33.928,16.42,15.98016,209.69423,57.88737,13.1222,conventional_oilfield_range
130.52,0.5078,5.61,7.21,6.36,13.46582,26.42829,18.86474,1.9626,conventional_oilfield_range
84.04,9.7154,4.92,2.568,7.69,17.8866,23.13815,20.34362,1.2936,conventional_oilfield_range
27.37,98.258,5.51,1.96,1.43,9.74075,11.11944,10.40729,1.1415,dense_phase_liquid_CO2
75.57,2.0427,6.47,1.528,12.84,1.69426,1.93585,1.81103,1.1426,conventional_oilfield_range
119.39,6.5056,4.78,2.462,10.19,20.30866,45.02225,30.23809,2.2169,conventional_oilfield_range
56.52,0.3609,5.31,18.099,16.94,2.09829,8.89875,4.32113,4.241,conventional_oilfield_range
64.57,4.3501,4.6,134.501,11.36,84.81677,287.85731,156.25341,3.3939,conventional_oilfield_range
74.82,11.7894,3.93,39.027,19.67,90.79316,300.82054,165.26478,3.3133,high_pressure_gas_CO2
72.42,0.1717,6.17,1.558,9.45,0.379,0.43622,0.4066,1.151,conventional_oilfield_range
16.32,7.9627,5.89,4.787,1.06,1.42797,4.37434,2.49929,3.0633,conventional_oilfield_range
72.99,3.4514,4.91,39.523,8.42,55.21407,102.64452,75.28228,1.859,conventional_oilfield_range
46.94,0.1276,6.27,42.738,14.54,1.46429,3.3279,2.20749,2.2727,conventional_oilfield_range
73.61,0.3215,3.65,142.93,16.18,16.61005,186.65384,55.6806,11.2374,conventional_oilfield_range
16.96,3.2869,6.05,4.024,2.65,0.75709,2.34554,1.33258,3.0981,conventional_oilfield_range
7.06,0.2161,4.02,19.398,3.02,0.20757,5.91617,1.10816,28.5023,conventional_oilfield_range
42.88,12.6568,4.95,54.892,17.24,30.76423,94.93905,54.04375,3.086,high_pressure_gas_CO2
26.04,63.3615,3.96,12.001,19.87,12.73719,59.97843,27.63976,4.7089,high_pressure_gas_CO2
68.83,8.1794,4.13,39.631,6.9,54.21739,231.19506,111.95888,4.2642,conventional_oilfield_range
21.82,0.3183,4.7,4.527,14.92,0.16523,1.11911,0.43001,6.773,conventional_oilfield_range
60.07,13.0865,4.92,2.069,17.41,6.78991,11.07948,8.67345,1.6318,high_pressure_gas_CO2
70.08,10.8513,6.39,30.62,0.82,97.54011,49.47164,69.4656,1.9716,high_pressure_gas_CO2
143.65,1.974,6.25,73.767,6.7,327.1073,241.06887,280.81202,1.3569,conventional_oilfield_range
99.88,1.4909,5.82,42.667,14.69,41.52518,55.2361,47.89247,1.3302,conventional_oilfield_range
53.92,11.7716,4.04,15.547,13.46,19.58595,97.15161,43.62117,4.9603,high_pressure_gas_CO2
19.17,0.205,4.84,3.002,5.67,0.10418,0.90734,0.30745,8.7097,conventional_oilfield_range
18.33,65.3908,5.47,65.771,19.01,30.37553,54.05937,40.52261,1.7797,high_pressure_gas_CO2
22.4,37.0956,3.89,26.815,18.0,9.90435,84.02326,28.8478,8.4835,high_pressure_gas_CO2
134.92,12.2169,4.26,10.379,18.72,99.86059,228.59428,151.08792,2.2891,high_pressure_gas_CO2
45.08,1.9096,6.21,47.351,6.47,12.66935,18.5825,15.34367,1.4667,conventional_oilfield_range
117.68,1.4073,4.5,1.351,19.11,3.77386,15.16502,7.5651,4.0184,conventional_oilfield_range
76.3,61.0603,5.33,2.445,9.84,38.70161,46.41749,42.38433,1.1994,high_pressure_gas_CO2
36.67,8.5117,6.24,36.039,2.07,26.28535,27.66064,26.96423,1.0523,conventional_oilfield_range
41.34,2.1759,6.19,2.108,12.81,1.01331,1.05512,1.034,1.0413,conventional_oilfield_range
43.63,12.5941,6.21,17.802,10.31,20.38409,16.00164,18.06042,1.2739,high_pressure_gas_CO2
68.23,34.0524,5.84,51.176,10.8,286.94816,168.21286,219.70064,1.7059,high_pressure_gas_CO2
123.61,2.7938,5.2,108.327,7.18,321.69427,470.41076,389.00957,1.4623,conventional_oilfield_range
96.68,75.244,3.77,14.568,19.22,247.80842,730.72209,425.53388,2.9487,dense_phase_supercritical_CO2
116.14,8.7776,4.03,1.218,7.68,18.58784,73.95326,37.07603,3.9786,conventional_oilfield_range
134.99,7.7956,4.58,1.53,12.66,25.4686,47.402,34.74568,1.8612,conventional_oilfield_range
33.0,14.4284,5.28,11.604,1.26,9.23576,24.22741,14.95856,2.6232,high_pressure_gas_CO2
82.42,31.8237,4.85,146.901,0.74,1130.30297,1669.53718,1373.71134,1.4771,high_pressure_gas_CO2
11.21,0.2262,5.92,28.323,9.17,0.35147,1.18077,0.6442,3.3595,conventional_oilfield_range
26.6,5.4706,6.27,1.203,2.83,0.59589,0.78426,0.68362,1.3161,conventional_oilfield_range
138.11,0.1372,5.6,1.923,3.44,3.31181,5.6075,4.30941,1.6932,conventional_oilfield_range
120.09,2.3364,4.01,19.327,16.36,63.0948,260.79469,128.27622,4.1334,conventional_oilfield_range
120.88,0.4589,5.91,8.462,16.23,12.45162,11.9292,12.18761,1.0438,conventional_oilfield_range
52.01,84.6369,5.23,1.99,16.73,12.65075,12.5586,12.60459,1.0073,dense_phase_supercritical_CO2
91.0,1.0151,3.86,2.029,8.3,2.70186,15.89197,6.5527,5.8819,conventional_oilfield_range
68.61,59.8448,3.62,1.65,16.95,11.20532,53.91626,24.57944,4.8117,high_pressure_gas_CO2
7.27,2.89,3.52,2.457,1.78,0.25752,4.09141,1.02646,15.8877,conventional_oilfield_range
65.35,26.4384,5.82,32.11,4.12,100.81824,97.4054,99.09713,1.035,high_pressure_gas_CO2
64.74,65.2032,5.33,1.207,3.6,9.81929,18.95186,13.64162,1.9301,high_pressure_gas_CO2
95.94,22.2715,4.54,1.023,4.71,19.96884,43.00282,29.30387,2.1535,high_pressure_gas_CO2
18.87,1.2182,5.78,14.945,4.39,1.29071,2.83025,1.91129,2.1928,conventional_oilfield_range
45.08,0.3812,5.89,30.985,19.37,1.74655,4.90365,2.92651,2.8076,conventional_oilfield_range
102.17,0.1347,5.43,4.172,8.69,1.55189,6.39385,3.15,4.12,conventional_oilfield_range
114.97,0.1349,5.72,102.94,3.52,40.30686,61.13497,49.64029,1.5167,conventional_oilfield_range
21.83,48.4437,5.66,19.489,6.52,21.48897,40.66293,29.56018,1.8923,high_pressure_gas_CO2
52.22,21.7233,4.48,1.635,14.75,4.87133,12.65172,7.85053,2.5972,high_pressure_gas_CO2
37.0,2.588,4.95,86.653,2.9,22.98972,69.81647,40.06322,3.0369,conventional_oilfield_range
61.16,0.2566,5.66,23.732,19.51,2.24129,6.47323,3.80898,2.8882,conventional_oilfield_range
105.37,0.151,3.91,71.33,9.17,22.31676,199.29572,66.69059,8.9303,conventional_oilfield_range
133.53,6.4701,5.87,24.454,12.23,256.6214,239.11361,247.71288,1.0732,conventional_oilfield_range
128.98,0.1817,6.07,11.603,19.91,5.24869,7.50638,6.27684,1.4301,conventional_oilfield_range
45.48,15.4901,5.71,3.441,6.55,4.42653,7.44197,5.73952,1.6812,high_pressure_gas_CO2
90.81,0.2798,5.22,1.026,19.6,0.59245,1.51305,0.94679,2.5539,conventional_oilfield_range
116.45,0.1261,5.09,11.039,15.96,4.86103,11.90754,7.60808,2.4496,conventional_oilfield_range
39.87,4.7365,3.54,39.123,19.0,11.62687,122.30772,37.71016,10.5194,conventional_oilfield_range
98.91,0.1871,4.94,4.606,14.07,2.30713,5.67779,3.61931,2.461,conventional_oilfield_range
8.54,2.3148,5.82,79.861,8.11,4.23416,10.0883,6.53571,2.3826,conventional_oilfield_range
72.32,7.9471,6.08,1.425,17.87,3.49231,3.52691,3.50957,1.0099,conventional_oilfield_range
66.76,0.6447,6.34,15.149,15.89,3.99191,4.68614,4.32512,1.1739,conventional_oilfield_range
132.72,16.1169,3.66,114.053,13.49,1297.748,4232.96198,2343.78283,3.2618,high_pressure_gas_CO2
58.01,7.2011,4.6,2.407,11.18,5.03842,15.30582,8.78164,3.0378,conventional_oilfield_range
34.68,87.8527,4.22,1.766,9.57,8.61573,24.131,14.41895,2.8008,dense_phase_supercritical_CO2
144.07,0.426,5.74,3.094,7.05,9.07148,16.32426,12.16903,1.7995,conventional_oilfield_range
45.19,0.1549,4.54,11.431,10.53,0.79959,6.6662,2.30873,8.337,conventional_oilfield_range
103.35,3.968,4.38,22.452,16.0,75.92274,161.88468,110.86356,2.1322,conventional_oilfield_range
141.43,0.1574,6.18,9.917,1.6,14.79252,13.77662,14.27553,1.0737,conventional_oilfield_range
143.71,0.2129,4.33,32.879,9.93,41.54594,139.12197,76.026,3.3486,conventional_oilfield_range
95.96,0.7577,6.41,15.073,2.64,14.2583,17.54732,15.81755,1.2307,conventional_oilfield_range
98.48,0.7491,3.69,78.905,4.65,77.74891,434.71413,183.84381,5.5913,conventional_oilfield_range
64.7,1.0675,5.44,5.129,11.87,2.19521,4.2792,3.06493,1.9493,conventional_oilfield_range
69.56,0.817,3.9,52.203,3.43,19.28267,195.04898,61.32752,10.1152,conventional_oilfield_range
145.75,20.3821,3.64,5.867,9.12,250.72605,980.46894,495.81156,3.9105,high_pressure_gas_CO2
108.21,0.7174,6.42,67.06,13.86,49.62251,41.37228,45.31,1.1994,conventional_oilfield_range
39.5,0.1329,4.45,1.885,5.21,0.1411,1.55813,0.46889,11.0427,conventional_oilfield_range
10.03,0.893,4.53,6.479,10.8,0.31002,3.05154,0.97265,9.843,conventional_oilfield_range
138.46,1.6356,5.0,2.072,9.16,13.75737,26.87899,19.22978,1.9538,conventional_oilfield_range
112.08,84.4896,4.49,34.287,9.48,850.20377,2306.83881,1400.45816,2.7133,dense_phase_supercritical_CO2
147.2,5.2624,3.94,16.982,18.14,114.74117,554.39886,252.21493,4.8317,conventional_oilfield_range
111.09,50.1792,3.92,15.81,6.16,289.17851,1302.67461,613.76339,4.5047,high_pressure_gas_CO2
69.67,0.1894,3.67,24.863,11.67,3.49829,62.41867,14.77697,17.8426,conventional_oilfield_range
45.3,0.1169,5.12,9.319,13.43,0.50655,2.64141,1.15673,5.2145,conventional_oilfield_range
33.2,0.898,5.32,112.961,18.17,5.92118,25.79068,12.35764,4.3557,conventional_oilfield_range
128.8,1.285,4.62,4.163,7.03,24.95344,46.60029,34.1004,1.8675,conventional_oilfield_range
17.7,15.2602,4.83,144.538,16.07,25.86599,152.67739,62.84228,5.9026,high_pressure_gas_CO2
145.7,1.8685,6.19,2.012,11.74,17.97915,12.21505,14.81945,1.4719,conventional_oilfield_range
73.82,40.0477,6.46,1.393,19.2,10.3762,4.96584,7.1782,2.0895,high_pressure_gas_CO2
64.37,55.3645,4.74,16.2,14.2,80.05373,147.15849,108.53841,1.8382,high_pressure_gas_CO2
31.97,1.3974,5.16,1.236,16.52,0.25024,0.80811,0.44969,3.2293,conventional_oilfield_range
86.1,2.4567,3.58,1.012,5.25,3.92446,19.17887,8.67564,4.887,conventional_oilfield_range
73.52,9.1504,6.18,8.087,9.84,20.26558,15.96736,17.98855,1.2692,conventional_oilfield_range
22.31,0.6787,6.48,1.397,14.91,0.08914,0.17688,0.12557,1.9843,conventional_oilfield_range
130.91,7.6558,4.93,32.415,2.39,277.21323,545.68079,388.93436,1.9685,conventional_oilfield_range
127.57,0.308,3.68,4.962,17.57,5.73884,44.74793,16.02502,7.7974,conventional_oilfield_range
44.54,1.8136,6.24,5.952,5.8,1.47673,2.9489,2.0868,1.9969,conventional_oilfield_range
79.51,19.9217,4.05,1.606,15.05,7.14391,34.1194,15.61236,4.776,high_pressure_gas_CO2
124.89,11.3475,4.4,31.016,13.77,337.18061,729.73727,496.03755,2.1642,high_pressure_gas_CO2
124.38,0.1093,5.05,6.482,9.7,3.1949,17.78058,7.53706,5.5653,conventional_oilfield_range
19.85,0.2908,4.16,2.57,17.94,0.06257,0.86968,0.23327,13.8991,conventional_oilfield_range
81.22,3.9472,5.15,44.238,2.28,68.80201,155.45484,103.41956,2.2595,conventional_oilfield_range
123.73,58.9155,4.94,4.764,7.25,256.83034,175.92166,212.56063,1.4599,high_pressure_gas_CO2
91.66,19.533,4.53,35.059,0.58,268.83943,531.74406,378.09227,1.9779,high_pressure_gas_CO2
129.24,0.2673,4.18,1.874,2.6,4.61276,21.81114,10.03043,4.7284,conventional_oilfield_range
118.68,0.1711,5.82,44.466,0.85,34.69827,55.52763,43.89434,1.6003,conventional_oilfield_range
79.45,0.1506,3.86,3.553,1.32,0.91613,8.5874,2.80486,9.3735,conventional_oilfield_range
118.44,57.583,4.12,91.419,3.7,2105.9307,5228.32628,3318.20627,2.4827,high_pressure_gas_CO2
127.65,66.9168,6.35,5.714,3.21,253.14406,121.21383,175.1701,2.0884,high_pressure_gas_CO2
40.06,5.137,3.8,18.116,0.28,10.73649,98.18353,32.46763,9.1448,conventional_oilfield_range
45.87,50.6968,5.11,131.401,1.97,300.65516,653.1933,443.15453,2.1726,high_pressure_gas_CO2
107.62,1.2572,5.27,9.052,19.15,13.39916,28.11357,19.40871,2.0982,conventional_oilfield_range
60.04,0.4394,4.18,1.76,19.69,0.39605,3.12705,1.11287,7.8956,conventional_oilfield_range
24.71,19.3562,5.61,16.307,0.81,11.60856,24.76221,16.95446,2.1331,high_pressure_gas_CO2
46.12,6.3266,4.44,133.123,8.88,52.77077,264.38832,118.11848,5.0101,conventional_oilfield_range
129.03,0.3684,3.71,67.642,9.51,62.51886,428.05869,163.59016,6.8469,conventional_oilfield_range
149.81,2.985,3.82,8.98,13.17,83.69881,330.80131,166.39614,3.9523,conventional_oilfield_range
63.09,5.9111,3.81,103.161,19.56,96.73709,482.27649,215.99542,4.9854,conventional_oilfield_range
54.1,6.0937,6.47,1.85,16.76,1.98989,1.52242,1.74053,1.3071,conventional_oilfield_range
108.46,5.5687,4.32,52.241,12.88,148.75649,610.5824,301.377,4.1046,conventional_oilfield_range
92.46,1.6343,4.95,4.045,15.36,6.50707,16.65415,10.41008,2.5594,conventional_oilfield_range
77.1,7.6756,3.9,1.647,1.06,9.56885,42.21004,20.0973,4.4112,conventional_oilfield_range
145.95,1.4057,5.54,2.15,12.44,14.71881,17.94294,16.25111,1.219,conventional_oilfield_range
113.98,20.0778,5.88,2.751,13.24,39.16267,31.6419,35.20201,1.2377,high_pressure_gas_CO2
54.82,37.933,5.14,118.277,0.63,218.27204,647.92996,376.06515,2.9685,high_pressure_gas_CO2
60.63,0.8784,4.63,10.006,0.66,3.07197,18.52665,7.54409,6.0309,conventional_oilfield_range
48.94,13.1274,4.97,1.962,14.31,2.93715,8.23132,4.91697,2.8025,high_pressure_gas_CO2
102.88,9.5551,5.56,17.587,9.52,114.1219,93.03617,103.04109,1.2266,conventional_oilfield_range
61.75,3.0484,6.41,22.005,7.06,19.28998,15.40404,17.23785,1.2523,conventional_oilfield_range
9.08,0.1366,6.01,5.744,14.84,0.09017,0.27714,0.15808,3.0735,conventional_oilfield_range
54.48,0.1959,4.54,5.993,7.03,0.66467,4.65913,1.75976,7.0097,conventional_oilfield_range
98.97,5.9923,6.23,1.388,6.1,9.27888,7.06767,8.09815,1.3129,conventional_oilfield_range
52.29,2.4139,6.09,17.224,18.03,5.65374,10.76057,7.79984,1.9033,conventional_oilfield_range
90.26,90.6347,4.63,7.069,11.45,147.52904,217.95626,179.31782,1.4774,dense_phase_supercritical_CO2
102.89,1.0184,5.01,46.185,6.79,45.89172,118.31471,73.68626,2.5781,conventional_oilfield_range
68.22,3.0964,6.04,51.631,16.81,26.35738,35.39623,30.54426,1.3429,conventional_oilfield_range
11.89,97.4278,4.71,3.101,14.86,4.7434,14.53206,8.30249,3.0636,dense_phase_liquid_CO2
18.74,1.0245,3.7,55.393,9.51,2.97662,58.25252,13.16798,19.57,conventional_oilfield_range
99.47,0.8045,5.91,8.751,10.8,10.1122,15.19106,12.39415,1.5023,conventional_oilfield_range
95.62,2.2892,5.79,2.472,0.37,7.40754,7.27472,7.34083,1.0183,conventional_oilfield_range
88.64,0.4354,6.39,41.22,9.35,20.42393,17.00129,18.63419,1.2013,conventional_oilfield_range
94.09,20.2935,4.8,17.058,12.54,97.17305,206.91773,141.79855,2.1294,high_pressure_gas_CO2
26.42,0.2828,5.56,4.502,8.71,0.19535,1.27938,0.49992,6.5493,conventional_oilfield_range
14.34,0.408,4.74,62.011,12.92,1.1794,13.16074,3.93977,11.1588,conventional_oilfield_range
63.85,0.2191,4.08,3.423,16.54,0.40905,5.07952,1.44146,12.4178,conventional_oilfield_range
68.24,8.725,3.61,2.222,2.73,7.30866,68.62301,22.39514,9.3893,conventional_oilfield_range
100.51,0.3373,6.06,125.109,9.72,67.87663,69.08334,68.47733,1.0178,conventional_oilfield_range
17.17,6.3797,6.1,91.145,8.14,11.33086,28.5639,17.99037,2.5209,conventional_oilfield_range
18.09,67.5284,5.67,2.022,2.24,3.62208,3.89222,3.75472,1.0746,high_pressure_gas_CO2
80.68,30.6863,6.35,106.451,5.04,597.17863,278.1189,407.53731,2.1472,high_pressure_gas_CO2
22.73,26.3064,4.49,18.687,7.8,12.73293,49.44462,25.09133,3.8832,high_pressure_gas_CO2
66.32,0.2709,4.03,129.016,8.79,14.88227,175.65373,51.12853,11.8029,conventional_oilfield_range
76.1,1.3308,6.35,4.883,8.48,3.66116,2.99866,3.31339,1.2209,conventional_oilfield_range
132.52,64.7019,4.59,36.088,16.43,1761.03215,1635.87628,1697.30101,1.0765,high_pressure_gas_CO2
92.84,33.4518,5.49,111.525,13.81,690.79586,582.77135,634.4888,1.1854,high_pressure_gas_CO2
85.15,0.8468,6.38,6.16,16.25,5.32354,5.38379,5.35358,1.0113,conventional_oilfield_range
129.36,1.4636,6.23,7.164,19.56,19.65732,16.62244,18.0763,1.1826,conventional_oilfield_range
124.29,0.5086,4.13,86.548,18.32,51.37578,252.71812,113.94556,4.919,conventional_oilfield_range
116.18,1.6553,3.6,76.818,16.46,139.31382,688.41817,309.68721,4.9415,conventional_oilfield_range
64.88,33.3803,5.65,80.893,16.4,220.212,164.99961,190.61714,1.3346,high_pressure_gas_CO2
78.42,1.1365,5.31,58.897,14.76,24.91961,61.87808,39.26803,2.4831,conventional_oilfield_range
12.55,8.4096,5.39,52.642,2.72,7.84814,34.29631,16.40616,4.37,conventional_oilfield_range
50.49,0.1765,3.97,13.294,19.39,0.84322,6.70549,2.37786,7.9522,conventional_oilfield_range
127.81,11.4093,5.88,4.955,9.57,77.39203,48.62586,61.34537,1.5916,high_pressure_gas_CO2
104.68,30.2208,5.9,2.706,8.29,61.45035,49.74187,55.28702,1.2354,high_pressure_gas_CO2
141.99,44.9805,4.17,115.657,18.46,2186.38483,4079.68595,2986.5973,1.866,high_pressure_gas_CO2
136.49,83.634,4.09,33.574,3.38,1709.52117,4269.92912,2701.76502,2.4977,dense_phase_supercritical_CO2
42.72,0.185,4.6,115.156,2.35,5.06437,34.40297,13.1996,6.7931,conventional_oilfield_range
138.4,2.2968,5.52,1.811,14.27,15.1986,22.22023,18.37706,1.462,conventional_oilfield_range
118.41,0.7309,4.98,1.92,17.13,2.24028,6.37038,3.77775,2.8436,conventional_oilfield_range
46.03,10.7539,4.75,7.744,2.92,10.00329,38.43275,19.6075,3.842,high_pressure_gas_CO2
94.56,52.7211,4.61,30.834,9.16,432.54443,708.78686,553.6983,1.6386,high_pressure_gas_CO2
51.87,11.9969,5.56,35.668,14.17,34.01167,47.76835,40.30733,1.4045,high_pressure_gas_CO2
18.82,0.1501,4.5,3.244,18.16,0.09055,0.6918,0.25029,7.6398,conventional_oilfield_range
145.25,6.233,5.74,1.256,5.07,26.51718,21.57991,23.9215,1.2288,conventional_oilfield_range
62.23,1.2963,6.4,16.506,11.61,6.50867,9.12468,7.70646,1.4019,conventional_oilfield_range
139.9,43.022,3.9,4.904,10.61,258.87006,651.15819,410.56712,2.5154,high_pressure_gas_CO2
11.4,0.2419,6.12,65.556,14.96,0.81237,2.24842,1.35149,2.7677,conventional_oilfield_range
132.16,6.8991,5.78,3.749,6.26,61.56904,40.54938,49.96585,1.5184,conventional_oilfield_range
149.21,19.5446,3.95,71.826,13.15,1434.61889,3485.91121,2236.2813,2.4299,high_pressure_gas_CO2
26.55,0.4893,3.61,3.684,14.12,0.13739,5.15271,0.8414,37.5033,conventional_oilfield_range
139.44,0.1325,4.57,34.907,9.7,17.53135,105.86153,43.08011,6.0384,conventional_oilfield_range
130.7,0.2349,3.78,77.486,3.61,73.21548,583.27694,206.65164,7.9666,conventional_oilfield_range
44.55,47.0634,5.26,18.615,19.43,25.36505,52.21502,36.39281,2.0585,high_pressure_gas_CO2
65.38,0.17,5.8,29.718,17.75,3.213,6.45293,4.55338,2.0084,conventional_oilfield_range
103.69,1.5223,5.27,117.474,16.74,113.12087,220.26733,157.85066,1.9472,conventional_oilfield_range
125.45,9.5196,4.86,119.841,11.88,1259.17929,1316.07201,1287.31139,1.0452,conventional_oilfield_range
100.15,71.2341,4.47,39.076,14.69,720.47972,980.75104,840.60171,1.3612,high_pressure_gas_CO2
35.65,0.14,5.43,5.05,1.11,0.4128,1.57283,0.80577,3.8101,conventional_oilfield_range
60.3,1.5724,4.03,125.903,17.31,39.69809,249.5739,99.53696,6.2868,conventional_oilfield_range
28.63,21.8011,4.35,43.415,13.08,28.51149,133.70977,61.74355,4.6897,high_pressure_gas_CO2
67.69,26.2458,4.43,30.941,2.63,105.92893,271.22811,169.50193,2.5605,high_pressure_gas_CO2
79.33,2.9435,6.16,10.884,11.26,11.19563,17.03055,13.80825,1.5212,conventional_oilfield_range
122.59,6.9439,4.8,8.454,0.81,84.92116,209.05033,133.23962,2.4617,conventional_oilfield_range
37.51,11.4475,3.97,11.964,12.59,7.22104,53.23608,19.60663,7.3724,high_pressure_gas_CO2
68.42,52.6773,4.93,2.106,2.56,31.8501,33.6104,32.71841,1.0553,high_pressure_gas_CO2
80.85,0.7699,3.64,1.467,0.9,1.91359,16.94664,5.69464,8.856,conventional_oilfield_range
18.7,9.6065,5.21,3.559,5.1,1.85313,5.45308,3.17888,2.9426,conventional_oilfield_range
21.52,9.6546,4.04,2.492,7.86,1.69015,11.31774,4.37364,6.6963,conventional_oilfield_range
48.16,5.776,4.86,28.744,12.48,15.58687,84.64778,36.32347,5.4307,conventional_oilfield_range
131.34,0.3644,4.06,42.228,12.08,46.46532,224.43209,102.11909,4.8301,conventional_oilfield_range
82.48,0.1041,3.85,2.364,9.54,0.46894,4.19091,1.40189,8.937,conventional_oilfield_range
145.04,6.3924,4.96,22.177,19.48,159.22846,346.24812,234.80323,2.1745,conventional_oilfield_range
105.09,1.5311,4.41,1.872,0.28,6.74142,24.96706,12.97357,3.7035,conventional_oilfield_range
145.73,37.7604,4.13,25.791,12.99,711.8381,2042.74969,1205.86362,2.8697,high_pressure_gas_CO2
119.55,0.3739,4.4,10.197,9.48,12.83928,51.63829,25.74875,4.0219,conventional_oilfield_range
27.1,12.8172,6.39,10.617,17.2,4.07604,4.57773,4.31961,1.1231,high_pressure_gas_CO2
87.57,31.7333,3.65,1.04,12.61,12.13905,36.54718,21.06295,3.0107,high_pressure_gas_CO2
128.05,16.2643,5.29,16.077,5.82,230.91483,305.94617,265.79599,1.3249,high_pressure_gas_CO2
90.7,6.831,5.54,59.867,9.76,141.95399,155.48308,148.56461,1.0953,conventional_oilfield_range
66.19,0.8862,3.69,87.697,8.34,19.9388,245.85113,70.01411,12.3303,conventional_oilfield_range
141.15,1.0972,5.59,1.11,5.76,7.96125,11.15459,9.42362,1.4011,conventional_oilfield_range
38.65,0.4561,6.23,5.471,12.04,0.63584,0.86794,0.74288,1.365,conventional_oilfield_range
24.02,0.7589,5.63,122.636,16.66,3.74202,11.18635,6.46989,2.9894,conventional_oilfield_range
120.42,25.0764,6.03,22.552,5.65,412.65545,180.35945,272.81186,2.288,high_pressure_gas_CO2
23.72,0.3967,5.32,1.658,8.32,0.13272,0.55419,0.27121,4.1755,conventional_oilfield_range
35.37,0.1384,3.55,82.591,7.14,2.62474,59.54886,12.502,22.6876,conventional_oilfield_range
134.7,0.1247,3.69,8.651,12.35,7.08246,60.99493,20.78447,8.6121,conventional_oilfield_range
42.38,1.0495,4.57,1.263,17.55,0.28366,1.89351,0.73288,6.6753,conventional_oilfield_range
105.07,3.5169,5.51,34.451,18.53,57.58235,100.82539,76.19556,1.751,conventional_oilfield_range
127.03,0.2152,3.82,21.314,15.64,19.59619,94.62779,43.06209,4.8289,conventional_oilfield_range
11.09,0.2071,5.39,78.54,18.22,0.70557,4.52184,1.78619,6.4088,conventional_oilfield_range
69.02,3.2937,5.7,1.645,12.94,2.24465,3.96556,2.9835,1.7667,conventional_oilfield_range
128.05,2.0765,4.75,47.151,4.91,183.77339,349.2892,253.35757,1.9007,conventional_oilfield_range
78.23,0.1802,4.62,43.915,7.21,7.06535,38.52695,16.49868,5.4529,conventional_oilfield_range
114.26,1.8415,4.18,55.555,8.27,99.3499,529.00302,229.25182,5.3246,conventional_oilfield_range
128.6,24.2004,4.59,1.161,2.91,68.31005,85.75275,76.5361,1.2553,high_pressure_gas_CO2
141.83,0.1796,4.44,137.026,3.29,150.65398,552.28206,288.45015,3.6659,conventional_oilfield_range
100.73,8.4023,6.21,1.336,12.63,9.43714,5.31751,7.08393,1.7747,conventional_oilfield_range
80.37,0.7712,4.71,30.314,11.07,12.7371,74.06511,30.71441,5.8149,conventional_oilfield_range
136.84,0.1056,4.34,14.077,18.41,6.84681,32.05415,14.81448,4.6816,conventional_oilfield_range
34.74,4.2981,5.87,26.236,13.95,8.82572,10.28071,9.52547,1.1649,conventional_oilfield_range
63.65,0.3907,4.4,1.204,6.69,0.4197,2.15542,0.95112,5.1357,conventional_oilfield_range
23.27,94.574,4.35,1.592,11.04,2.89901,14.56286,6.49752,5.0234,dense_phase_liquid_CO2
28.2,0.1212,5.89,19.469,4.83,0.51552,1.36049,0.83748,2.639,conventional_oilfield_range
148.11,0.2144,3.68,6.481,12.54,9.61937,77.0992,27.23317,8.015,conventional_oilfield_range
99.39,0.2367,4.39,40.13,9.06,20.65345,79.09352,40.41725,3.8296,conventional_oilfield_range
148.41,4.975,6.18,23.229,10.67,210.95028,129.64726,165.37571,1.6271,conventional_oilfield_range
46.26,22.6135,5.64,29.059,14.29,31.43719,49.7621,39.55225,1.5829,high_pressure_gas_CO2
52.54,5.5861,5.97,6.112,1.96,6.67475,6.88503,6.77907,1.0315,conventional_oilfield_range
16.88,0.1537,6.17,10.874,8.92,0.16818,0.74999,0.35515,4.4594,conventional_oilfield_range
90.29,3.6044,4.68,3.748,9.98,8.75228,32.26172,16.80368,3.6861,conventional_oilfield_range
140.0,2.9419,6.42,62.043,2.89,463.42013,260.91979,347.72904,1.7761,conventional_oilfield_range
23.76,12.989,6.09,1.807,4.25,1.04938,2.09715,1.48348,1.9985,high_pressure_gas_CO2
141.89,1.2823,6.36,20.377,8.17,96.64369,65.0185,79.26934,1.4864,conventional_oilfield_range
10.84,0.2883,4.61,143.4,6.07,1.38203,20.79423,5.36081,15.0461,conventional_oilfield_range
25.61,5.8732,3.65,88.303,17.78,14.36778,200.7508,53.70608,13.9723,conventional_oilfield_range
75.88,0.2328,4.55,78.366,8.35,10.2543,66.2796,26.07012,6.4636,conventional_oilfield_range
135.54,22.0825,4.93,36.886,12.11,689.69932,701.67855,695.66315,1.0174,high_pressure_gas_CO2
71.84,2.2376,4.85,76.78,6.5,56.58252,127.4464,84.91901,2.2524,conventional_oilfield_range
64.4,0.4994,4.69,15.04,19.16,3.36607,11.13953,6.12344,3.3094,conventional_oilfield_range
98.66,39.6151,5.62,17.568,15.92,177.01383,125.07618,148.79588,1.4152,high_pressure_gas_CO2
22.95,4.765,4.08,22.2,11.54,5.26979,37.85677,14.12434,7.1837,conventional_oilfield_range
32.46,2.6761,6.19,1.827,18.72,0.46721,0.74709,0.5908,1.5991,conventional_oilfield_range
119.08,0.5443,5.62,85.432,8.88,88.95478,103.54538,95.97321,1.164,conventional_oilfield_range
63.26,0.1364,6.09,1.124,8.74,0.14107,0.492,0.26345,3.4877,conventional_oilfield_range
51.02,0.5909,3.84,1.645,3.36,0.55947,6.09703,1.84692,10.8979,conventional_oilfield_range
18.0,0.8325,4.72,2.334,12.29,0.16555,1.28517,0.46126,7.7631,conventional_oilfield_range
13.48,1.4785,4.46,7.913,6.48,0.49446,6.86308,1.84215,13.8799,conventional_oilfield_range
22.54,0.4052,5.76,18.847,9.86,0.73535,2.15491,1.25881,2.9305,conventional_oilfield_range
21.69,0.152,4.89,7.688,9.68,0.16081,1.60555,0.50813,9.984,conventional_oilfield_range
133.49,0.6419,6.39,29.449,4.93,45.81351,43.31793,44.54825,1.0576,conventional_oilfield_range
49.17,1.6605,3.75,24.186,4.07,9.58164,75.38842,26.87647,7.868,conventional_oilfield_range
147.87,22.1856,5.11,8.358,18.23,221.50635,232.51187,226.94241,1.0497,high_pressure_gas_CO2
72.37,30.7691,4.37,130.418,0.01,664.01535,1432.38687,975.25734,2.1572,high_pressure_gas_CO2
91.69,32.9961,4.64,5.817,12.64,52.05016,109.09772,75.35618,2.096,high_pressure_gas_CO2
11.6,16.5025,5.19,4.51,7.91,1.90281,6.11637,3.4115,3.2144,high_pressure_gas_CO2
85.69,0.6892,4.8,21.3,19.15,7.85319,40.96641,17.93647,5.2165,conventional_oilfield_range
54.68,0.6082,5.76,9.664,4.92,2.80225,5.33782,3.86755,1.9048,conventional_oilfield_range
71.67,6.2884,3.55,32.027,12.93,52.47894,309.89639,127.5266,5.9052,conventional_oilfield_range
135.71,10.426,4.74,88.753,14.07,795.56018,1059.82131,918.23289,1.3322,high_pressure_gas_CO2
119.16,8.8571,3.73,1.168,16.64,11.77103,44.3376,22.84512,3.7667,conventional_oilfield_range
56.18,27.4374,5.98,6.011,3.54,23.55545,16.35702,19.62898,1.4401,high_pressure_gas_CO2
6.22,2.4439,6.31,9.278,4.43,0.85217,1.53572,1.14398,1.8021,conventional_oilfield_range
138.6,1.1843,3.77,21.623,6.06,77.4449,370.30922,169.34746,4.7816,conventional_oilfield_range
76.6,1.2274,4.34,92.959,14.14,39.07651,213.2299,91.28133,5.4567,conventional_oilfield_range
124.06,1.5426,6.11,17.315,9.88,39.25572,40.47347,39.85994,1.031,conventional_oilfield_range
87.03,11.1468,5.2,1.387,2.56,12.5176,18.4731,15.20654,1.4758,high_pressure_gas_CO2
87.64,0.4829,5.07,50.379,3.84,18.40773,43.8663,28.41617,2.383,conventional_oilfield_range
105.48,3.9703,4.26,16.552,9.08,73.1647,183.1865,115.7704,2.5038,conventional_oilfield_range
141.75,0.1431,6.32,8.735,19.9,6.16706,8.76822,7.35351,1.4218,conventional_oilfield_range
72.66,1.2146,5.78,83.798,4.49,38.87339,81.56404,56.30871,2.0982,conventional_oilfield_range
70.08,0.1036,4.08,1.507,11.44,0.31463,2.50381,0.88757,7.9578,conventional_oilfield_range
146.82,1.8684,3.72,3.499,3.29,29.58796,199.64079,76.85677,6.7474,conventional_oilfield_range
19.03,2.7536,5.92,19.472,12.53,1.99452,5.46178,3.30055,2.7384,conventional_oilfield_range
20.64,0.5189,4.52,1.314,6.67,0.11587,0.61386,0.2667,5.2979,conventional_oilfield_range
117.48,7.2227,5.79,22.952,11.58,151.06615,129.79878,140.02929,1.1638,conventional_oilfield_range
9.83,0.8706,6.04,1.385,2.55,0.11975,0.26539,0.17827,2.2163,conventional_oilfield_range
48.71,7.5606,3.7,29.815,11.19,20.32956,194.4911,62.88019,9.5669,conventional_oilfield_range
18.9,18.0256,4.2,20.171,13.19,8.99044,47.5609,20.67833,5.2902,high_pressure_gas_CO2
120.3,43.6329,5.36,5.483,18.75,132.85742,92.01427,110.56572,1.4439,high_pressure_gas_CO2
52.59,0.378,3.81,19.731,1.35,3.18099,32.22787,10.12504,10.1314,conventional_oilfield_range
88.12,8.1675,4.27,8.244,14.49,24.23348,99.03293,48.9889,4.0866,conventional_oilfield_range
120.57,0.1519,4.44,8.881,19.19,4.20178,18.04605,8.70779,4.2949,conventional_oilfield_range
133.36,21.2074,3.94,4.696,6.86,138.0357,401.23238,235.33889,2.9067,high_pressure_gas_CO2
90.03,10.8368,3.67,12.692,16.7,51.85635,204.52104,102.98405,3.944,high_pressure_gas_CO2
33.33,0.3991,6.23,51.145,6.83,2.4461,4.71774,3.39707,1.9287,conventional_oilfield_range
147.38,6.2992,4.49,18.142,19.26,147.4831,318.25282,216.64929,2.1579,conventional_oilfield_range
28.53,2.3062,5.87,1.235,4.39,0.45575,0.8764,0.632,1.923,conventional_oilfield_range
38.39,7.4432,4.22,39.676,19.05,11.69595,100.12317,34.22039,8.5605,conventional_oilfield_range
34.77,0.3571,6.47,6.159,1.47,0.63374,1.04813,0.81501,1.6539,conventional_oilfield_range
47.13,0.383,5.26,46.331,0.88,5.7117,20.57878,10.84157,3.6029,conventional_oilfield_range
30.25,45.3051,5.66,5.489,11.09,8.86145,13.2162,10.82195,1.4914,high_pressure_gas_CO2
127.22,53.9445,3.56,29.799,7.58,991.58512,2947.58531,1709.6145,2.9726,high_pressure_gas_CO2
140.74,0.8227,4.22,57.746,13.22,185.30092,384.53346,266.93521,2.0752,conventional_oilfield_range
149.67,44.1562,6.14,1.388,2.89,184.54587,48.94093,95.03602,3.7708,high_pressure_gas_CO2
32.79,1.3633,4.62,20.169,19.54,1.96761,12.54189,4.96765,6.3742,conventional_oilfield_range
94.32,0.3692,5.11,52.265,6.55,31.15806,76.65512,48.87151,2.4602,conventional_oilfield_range
131.56,35.8515,6.41,84.656,4.18,2468.17944,857.49446,1454.80246,2.8784,high_pressure_gas_CO2
101.21,0.1565,5.03,43.143,12.9,9.11775,39.59713,19.00097,4.3429,conventional_oilfield_range
72.32,0.9236,4.62,32.458,14.31,10.1289,51.55718,22.85208,5.0901,conventional_oilfield_range
63.14,58.0171,5.25,1.201,4.39,14.4734,25.16668,19.08527,1.7388,high_pressure_gas_CO2
62.41,0.8279,6.17,17.513,18.71,3.44268,6.93035,4.88456,2.0131,conventional_oilfield_range
24.48,0.1787,4.83,5.822,11.68,0.1339,1.47849,0.44494,11.0417,conventional_oilfield_range
66.78,2.5273,4.73,56.322,6.34,34.41475,142.73756,70.08764,4.1476,conventional_oilfield_range
38.9,8.6311,4.58,1.511,16.85,0.93709,4.96422,2.15683,5.2975,conventional_oilfield_range
118.95,60.2307,3.8,1.43,0.77,92.02739,281.03308,160.81897,3.0538,high_pressure_gas_CO2
52.74,0.8094,5.95,30.722,5.49,5.59995,6.90449,6.2181,1.233,conventional_oilfield_range
149.77,18.078,5.72,96.7,0.17,2193.73483,2221.60678,2207.62682,1.0127,high_pressure_gas_CO2
118.55,1.6272,4.72,18.282,13.11,34.81105,118.72693,64.28849,3.4106,conventional_oilfield_range
115.37,0.2804,4.69,3.118,14.98,2.25044,10.96135,4.96667,4.8708,conventional_oilfield_range
118.97,18.7441,5.67,10.094,15.84,121.41841,114.10771,117.70631,1.0641,high_pressure_gas_CO2
116.67,12.4115,4.13,9.532,11.17,85.39596,350.93082,173.11289,4.1095,high_pressure_gas_CO2
23.61,67.618,3.53,58.011,16.69,42.33611,428.3321,134.66222,10.1174,high_pressure_gas_CO2
104.44,1.6222,5.84,14.787,6.52,41.17751,38.10342,39.61065,1.0807,conventional_oilfield_range
138.71,0.2891,6.36,5.232,12.6,6.79023,6.42609,6.60565,1.0567,conventional_oilfield_range
130.71,87.2,4.11,7.08,10.69,437.22224,885.3191,622.1585,2.0249,dense_phase_supercritical_CO2
87.58,2.2626,6.18,1.596,2.09,4.16651,4.17437,4.17044,1.0019,conventional_oilfield_range
104.91,2.9231,4.06,1.417,19.26,4.48009,22.7482,10.09525,5.0776,conventional_oilfield_range
100.64,0.1622,3.67,13.439,3.44,6.52772,51.52056,18.3388,7.8926,conventional_oilfield_range
27.77,0.2149,5.11,10.983,1.38,0.69088,2.70814,1.36784,3.9199,conventional_oilfield_range
23.84,0.414,4.8,35.02,9.5,0.93248,7.36682,2.62095,7.9003,conventional_oilfield_range
90.19,3.2168,5.55,3.975,0.15,13.47063,19.96586,16.39978,1.4822,conventional_oilfield_range
62.89,26.4666,5.08,95.698,17.58,135.29546,327.00969,210.34002,2.417,high_pressure_gas_CO2
111.91,0.7307,6.14,9.839,14.01,12.08091,11.32328,11.69596,1.0669,conventional_oilfield_range
93.89,26.9125,4.03,3.484,18.0,31.50029,84.80839,51.68645,2.6923,high_pressure_gas_CO2
137.07,0.3551,5.21,7.185,18.91,9.65677,29.28446,16.81646,3.0325,conventional_oilfield_range
44.7,7.6604,4.38,98.615,13.96,43.09985,182.87625,88.78028,4.2431,conventional_oilfield_range
76.56,94.8788,5.16,146.521,1.53,1809.75955,2059.43511,1930.56529,1.138,dense_phase_supercritical_CO2
52.27,2.2532,4.26,12.625,9.24,7.40071,38.91369,16.97023,5.2581,conventional_oilfield_range
113.71,1.3914,5.74,72.818,7.93,131.47211,153.10971,141.87902,1.1646,conventional_oilfield_range
137.98,0.9579,5.75,11.347,1.36,40.0935,51.45773,45.42159,1.2834,conventional_oilfield_range
142.75,0.2635,5.96,67.814,3.41,92.57453,105.57307,98.8604,1.1404,conventional_oilfield_range
47.65,4.0176,4.67,1.475,15.27,1.01528,3.93416,1.99857,3.8749,conventional_oilfield_range
56.92,0.4467,3.6,29.441,4.32,4.64189,48.0003,14.9269,10.3407,conventional_oilfield_range
122.67,8.376,5.65,89.531,7.81,584.40415,585.40089,584.90231,1.0017,conventional_oilfield_range
5.68,20.7601,5.8,105.002,7.49,19.45065,43.50822,29.0906,2.2369,high_pressure_gas_CO2
66.14,92.8692,4.51,2.619,13.38,30.71165,90.36377,52.68036,2.9423,dense_phase_supercritical_CO2
120.55,30.9993,4.0,2.309,8.31,81.46462,213.46232,131.86973,2.6203,high_pressure_gas_CO2
86.5,0.3704,4.12,15.094,18.78,5.01477,34.23562,13.10281,6.827,conventional_oilfield_range
56.7,0.3318,4.71,4.877,7.78,0.85872,5.30546,2.13445,6.1783,conventional_oilfield_range
123.19,8.9091,4.61,1.401,4.37,22.93592,64.58586,38.48813,2.8159,conventional_oilfield_range
147.55,0.202,5.11,143.05,17.01,119.80547,353.66656,205.84263,2.952,conventional_oilfield_range
91.98,87.9524,5.59,29.866,19.45,335.18417,235.28049,280.82431,1.4246,dense_phase_supercritical_CO2
97.13,44.8643,4.45,71.295,9.64,646.05893,1853.98298,1094.43239,2.8697,high_pressure_gas_CO2
89.83,1.4032,5.42,3.205,11.75,5.19504,8.56862,6.67191,1.6494,conventional_oilfield_range
94.37,49.016,4.43,40.343,15.14,365.86536,769.90542,530.73696,2.1043,high_pressure_gas_CO2
59.31,0.776,3.96,2.785,0.76,1.67708,10.36224,4.16873,6.1787,conventional_oilfield_range
142.15,16.5108,4.49,4.029,12.87,109.73376,160.0855,132.53975,1.4589,high_pressure_gas_CO2
146.75,8.793,4.37,1.126,16.94,23.14965,61.64482,37.77639,2.6629,conventional_oilfield_range
83.2,52.4682,5.5,3.471,13.75,40.2636,32.30438,36.06509,1.2464,high_pressure_gas_CO2
60.32,0.9224,4.83,1.031,17.4,0.48933,1.924,0.97029,3.9319,conventional_oilfield_range
96.98,0.2658,4.11,1.584,11.85,1.28247,4.9431,2.51782,3.8544,conventional_oilfield_range
39.26,0.1716,5.67,4.762,14.43,0.2437,0.97617,0.48774,4.0057,conventional_oilfield_range
41.1,0.7179,4.84,24.162,5.44,3.29694,15.72913,7.20125,4.7708,conventional_oilfield_range
146.02,1.5658,4.0,9.13,10.11,49.52637,152.30796,86.85194,3.0753,conventional_oilfield_range
123.84,24.0257,3.56,6.761,17.08,120.45834,306.88897,192.26892,2.5477,high_pressure_gas_CO2
91.3,0.2873,5.68,3.63,9.27,1.65507,4.20922,2.63942,2.5432,conventional_oilfield_range
92.87,0.1644,3.91,10.499,3.09,3.91742,35.64367,11.81656,9.0988,conventional_oilfield_range
77.6,14.9981,4.97,103.369,18.81,228.84687,359.27567,286.73875,1.5699,high_pressure_gas_CO2
75.98,8.3781,5.26,7.755,0.78,31.08692,42.18719,36.21422,1.3571,conventional_oilfield_range
87.01,0.3825,4.81,3.593,18.26,1.48228,4.93709,2.70521,3.3307,conventional_oilfield_range
75.85,11.627,5.59,26.087,18.53,51.02429,57.04882,53.95253,1.1181,high_pressure_gas_CO2
10.0,27.5029,5.39,29.646,13.95,7.98086,19.90611,12.60428,2.4942,high_pressure_gas_CO2
71.04,11.0459,4.26,20.433,19.04,34.90897,125.76804,66.26034,3.6027,high_pressure_gas_CO2
116.79,8.5742,6.25,7.334,11.72,75.17459,33.13513,49.90911,2.2687,conventional_oilfield_range
32.38,1.8571,5.99,3.55,6.04,1.18098,1.70289,1.41813,1.4419,conventional_oilfield_range
60.5,0.8393,4.73,80.747,14.55,18.69317,78.24614,38.24485,4.1858,conventional_oilfield_range
117.62,1.0794,3.93,42.59,18.6,45.7585,303.12164,117.77263,6.6244,conventional_oilfield_range
148.12,28.1299,3.5,1.419,13.93,57.21722,249.11639,119.38906,4.3539,high_pressure_gas_CO2
111.29,0.325,4.62,34.046,3.96,30.83139,153.25848,68.73988,4.9709,conventional_oilfield_range
70.35,27.7403,4.06,1.344,3.65,11.41719,36.91149,20.52865,3.233,high_pressure_gas_CO2
135.83,1.6841,5.38,22.845,17.37,75.00817,113.08188,92.09813,1.5076,conventional_oilfield_range
59.77,0.6765,4.53,18.811,9.56,4.44126,24.0107,10.32656,5.4063,conventional_oilfield_range
13.85,18.0051,3.52,18.512,19.75,5.24407,56.31124,17.1843,10.7381,high_pressure_gas_CO2
6.05,6.441,6.46,45.373,18.64,2.73412,5.03945,3.71194,1.8432,conventional_oilfield_range
67.27,1.2953,6.17,149.584,16.34,50.20688,45.65816,47.87853,1.0996,conventional_oilfield_range
59.87,0.1485,4.57,5.232,2.0,0.56048,5.63214,1.77672,10.0487,conventional_oilfield_range
110.16,46.1224,3.92,20.408,17.38,290.91254,1147.07758,577.66707,3.943,high_pressure_gas_CO2
123.18,1.2744,5.36,27.15,9.5,56.93824,109.57826,78.98857,1.9245,conventional_oilfield_range
148.0,74.5833,5.94,1.087,7.2,191.67547,67.11404,113.42008,2.856,dense_phase_supercritical_CO2
52.2,2.1524,5.32,7.427,12.25,3.94298,9.6008,6.1527,2.4349,conventional_oilfield_range
140.07,62.0203,6.46,73.304,18.1,2095.04024,570.47813,1093.24043,3.6724,high_pressure_gas_CO2
33.29,0.2688,5.06,17.559,17.14,0.60349,3.78951,1.51226,6.2793,conventional_oilfield_range
120.54,0.8018,5.52,15.636,17.5,23.55348,40.41496,30.85309,1.7159,conventional_oilfield_range
21.77,9.7258,4.22,2.888,15.07,1.08214,6.97935,2.7482,6.4496,conventional_oilfield_range
68.06,14.0377,3.98,105.079,18.05,142.43201,568.71193,284.60987,3.9929,high_pressure_gas_CO2
42.36,2.6848,6.19,1.853,2.72,0.85446,1.49723,1.13107,1.7523,conventional_oilfield_range
18.11,11.8947,6.12,106.571,15.33,15.75305,25.25175,19.94472,1.603,high_pressure_gas_CO2
59.67,14.2013,5.71,6.769,12.84,10.18492,15.78881,12.681,1.5502,high_pressure_gas_CO2
122.22,0.4684,3.85,1.552,1.78,3.78713,16.39445,7.87959,4.329,conventional_oilfield_range
112.97,0.223,4.6,71.932,19.08,23.58335,102.06735,49.0621,4.3279,conventional_oilfield_range
13.97,4.044,6.04,135.594,6.39,10.26366,31.10306,17.86704,3.0304,conventional_oilfield_range
120.5,3.6246,5.3,3.044,7.91,17.70326,29.37168,22.80295,1.6591,conventional_oilfield_range
25.98,67.4015,6.01,12.237,9.12,17.53242,19.45808,18.47017,1.1098,high_pressure_gas_CO2
101.48,25.344,5.61,20.101,6.18,247.55834,200.39083,222.72948,1.2354,high_pressure_gas_CO2
149.54,13.1694,4.93,63.577,9.9,1038.03972,1201.86431,1116.9525,1.1578,high_pressure_gas_CO2
147.27,0.9987,5.98,2.873,14.65,14.79509,9.52738,11.87259,1.5529,conventional_oilfield_range
12.62,39.4726,4.04,11.504,7.84,9.21156,46.08709,20.60422,5.0032,high_pressure_gas_CO2
128.04,94.0134,5.14,5.423,13.56,417.24494,260.94768,329.96833,1.599,dense_phase_supercritical_CO2
61.7,3.833,4.35,32.763,3.9,31.99519,114.51118,60.52939,3.579,conventional_oilfield_range
23.98,18.0634,5.24,56.482,17.0,18.09326,40.57771,27.09581,2.2427,high_pressure_gas_CO2
28.74,0.2586,5.59,4.3,2.9,0.27887,1.41852,0.62895,5.0867,conventional_oilfield_range
111.62,0.1065,5.68,17.895,13.57,6.1979,11.91029,8.59179,1.9217,conventional_oilfield_range
142.81,1.9113,6.02,103.521,1.92,523.45511,374.01759,442.47194,1.3995,conventional_oilfield_range
12.61,87.263,5.45,19.556,19.39,11.08552,21.13223,15.30561,1.9063,dense_phase_liquid_CO2
9.93,0.5279,4.97,31.413,19.09,0.48286,3.39489,1.28033,7.0308,conventional_oilfield_range
105.31,24.3207,5.48,49.251,17.3,326.10329,307.33776,316.58151,1.0611,high_pressure_gas_CO2
99.71,1.2646,3.86,1.513,9.78,2.96808,16.74067,7.04894,5.6402,conventional_oilfield_range
8.34,5.2354,5.22,3.941,14.91,0.52422,1.84906,0.98454,3.5272,conventional_oilfield_range
75.21,8.586,4.8,17.517,1.99,70.70617,142.48566,100.37239,2.0152,conventional_oilfield_range
120.31,0.3586,5.94,1.104,11.12,1.33539,2.27134,1.74159,1.7009,conventional_oilfield_range
75.84,3.6033,5.25,35.742,15.8,41.48368,84.05192,59.04899,2.0261,conventional_oilfield_range
145.02,49.2955,4.04,20.123,3.6,830.06695,2125.35403,1328.22669,2.5605,high_pressure_gas_CO2
22.84,0.2435,4.12,2.243,11.25,0.09507,1.22865,0.34177,12.9236,conventional_oilfield_range
147.09,3.2995,4.59,15.301,8.46,136.54545,302.09946,203.10171,2.2124,conventional_oilfield_range
48.59,68.9674,5.06,50.518,13.18,107.26644,257.54485,166.21047,2.401,high_pressure_gas_CO2
105.79,3.6983,6.46,5.838,10.76,23.41151,15.72893,19.18953,1.4884,conventional_oilfield_range
123.87,0.5144,4.06,4.489,16.65,8.311,32.59095,16.45792,3.9214,conventional_oilfield_range
36.33,1.1945,3.89,22.605,1.49,3.91239,49.70038,13.94444,12.7033,conventional_oilfield_range
136.03,1.5855,3.75,3.574,8.51,18.71429,84.67387,39.80718,4.5246,conventional_oilfield_range
15.23,15.777,6.49,32.833,3.85,9.27371,15.06952,11.8216,1.625,high_pressure_gas_CO2
123.97,6.5288,4.76,2.158,19.85,17.13347,35.0111,24.49207,2.0434,conventional_oilfield_range
92.52,0.1708,3.87,1.735,10.97,0.95551,7.67743,2.70847,8.0349,conventional_oilfield_range
57.61,1.0013,4.32,77.751,4.52,23.57236,125.10373,54.3046,5.3072,conventional_oilfield_range
145.47,1.3674,3.82,103.34,3.51,373.91961,1578.94205,768.37322,4.2227,conventional_oilfield_range
124.09,2.9434,5.09,33.439,17.31,81.89784,165.37703,116.37878,2.0193,conventional_oilfield_range
135.0,0.3253,6.34,7.042,6.9,11.94682,6.98276,9.13355,1.7109,conventional_oilfield_range
82.09,6.0793,6.05,10.907,2.55,40.71449,31.35073,35.72715,1.2987,conventional_oilfield_range
27.55,0.2394,4.64,39.842,1.06,1.36283,7.91709,3.28476,5.8093,conventional_oilfield_range
107.59,0.5589,5.33,34.517,3.66,46.98001,70.97358,57.74374,1.5107,conventional_oilfield_range
77.82,0.6722,4.78,111.989,17.63,28.72653,92.08855,51.4333,3.2057,conventional_oilfield_range
129.4,69.5607,4.72,4.792,1.8,420.67705,471.91023,445.55786,1.1218,high_pressure_gas_CO2
142.01,0.3129,3.67,41.469,11.08,35.7672,375.60691,115.90689,10.5014,conventional_oilfield_range
144.51,1.8705,5.03,38.93,9.59,95.6662,299.9189,169.38743,3.1351,conventional_oilfield_range
133.77,12.4064,4.72,21.933,18.22,235.0118,300.6664,265.81978,1.2794,high_pressure_gas_CO2
106.88,17.7421,4.23,40.56,19.02,283.62424,465.82314,363.48141,1.6424,high_pressure_gas_CO2
81.58,6.7233,5.32,125.649,13.49,211.96311,255.42434,232.68119,1.205,conventional_oilfield_range
37.63,0.168,6.02,13.117,19.05,0.36516,1.29984,0.68895,3.5596,conventional_oilfield_range
59.13,0.2186,6.24,3.496,10.78,0.53634,0.87681,0.68576,1.6348,conventional_oilfield_range
48.38,0.7597,4.14,40.366,11.38,5.91078,55.19374,18.06206,9.3378,conventional_oilfield_range
140.3,8.4903,5.98,1.194,9.26,23.97856,15.84981,19.49502,1.5129,conventional_oilfield_range
56.58,7.0241,4.49,5.89,0.1,10.83863,35.84458,19.71056,3.3071,conventional_oilfield_range
56.41,0.2014,4.98,1.529,10.29,0.25175,1.30516,0.57322,5.1843,conventional_oilfield_range
75.67,0.293,5.47,3.105,7.91,1.05674,3.63917,1.96104,3.4438,conventional_oilfield_range
31.42,27.2039,3.83,9.003,16.79,8.76154,61.51128,23.21494,7.0206,high_pressure_gas_CO2
67.92,1.1959,6.11,2.703,3.79,2.63689,3.14155,2.87818,1.1914,conventional_oilfield_range
112.87,50.4654,3.98,2.71,9.59,83.34555,207.62369,131.54661,2.4911,high_pressure_gas_CO2
66.06,4.4707,5.9,35.845,6.5,38.37895,32.80881,35.48475,1.1698,conventional_oilfield_range
77.77,58.9771,6.03,7.017,2.19,95.71495,62.41049,77.28918,1.5336,high_pressure_gas_CO2
27.55,3.1623,5.8,3.271,13.57,0.60925,2.64039,1.26833,4.3339,conventional_oilfield_range
111.93,2.009,4.37,11.414,15.22,26.72223,103.42717,52.5719,3.8705,conventional_oilfield_range
79.13,0.5603,5.8,75.946,19.89,16.84782,42.32005,26.70208,2.5119,conventional_oilfield_range
33.77,13.1638,5.93,33.555,10.05,24.5671,46.01657,33.62281,1.8731,high_pressure_gas_CO2
90.72,8.0063,4.19,1.94,0.77,20.32966,47.32325,31.01719,2.3278,conventional_oilfield_range
66.81,7.0697,3.77,1.291,8.15,3.17306,27.23536,9.2962,8.5833,conventional_oilfield_range
38.56,1.0198,4.94,12.868,12.88,1.73024,9.68445,4.09346,5.5972,conventional_oilfield_range
45.68,1.13,4.75,4.966,0.95,1.75533,8.24529,3.80436,4.6973,conventional_oilfield_range
112.99,0.4324,4.92,94.829,2.02,92.20883,346.11121,178.64632,3.7536,conventional_oilfield_range
57.72,0.8186,3.79,1.071,11.04,0.52329,4.08637,1.46232,7.8089,conventional_oilfield_range
112.49,1.2138,5.84,14.153,7.43,27.03307,31.80491,29.32208,1.1765,conventional_oilfield_range
60.69,45.8756,3.89,41.299,2.41,129.42782,627.50764,284.98587,4.8483,high_pressure_gas_CO2
99.88,0.3726,5.61,103.27,1.5,45.33231,97.9767,66.64466,2.1613,conventional_oilfield_range
110.18,93.0966,4.11,37.022,0.88,1379.60154,3397.4842,2164.98832,2.4627,dense_phase_supercritical_CO2
41.62,42.7785,6.06,94.04,19.5,113.61548,81.94278,96.48818,1.3865,high_pressure_gas_CO2
109.01,54.0191,3.7,8.162,18.63,145.66851,497.77908,269.27818,3.4172,high_pressure_gas_CO2
91.88,12.3061,3.89,1.256,11.32,10.72284,31.89878,18.49447,2.9748,high_pressure_gas_CO2
112.4,1.5577,5.55,78.299,19.43,105.95264,170.07392,134.23778,1.6052,conventional_oilfield_range
60.7,21.7829,4.7,3.898,3.68,17.33609,46.35577,28.34833,2.6739,high_pressure_gas_CO2
106.02,43.3975,5.87,9.797,14.16,140.60211,102.09911,119.81382,1.3771,high_pressure_gas_CO2
36.95,13.328,5.16,2.357,0.91,3.3863,8.90021,5.48988,2.6283,high_pressure_gas_CO2
26.48,44.7515,6.28,3.877,15.81,4.38348,4.04261,4.2096,1.0843,high_pressure_gas_CO2
124.39,4.0159,3.5,5.703,12.1,35.30032,221.08725,88.3428,6.263,conventional_oilfield_range
107.29,4.4445,5.67,7.737,12.23,31.4955,38.58818,34.86193,1.2252,conventional_oilfield_range
123.31,29.6343,4.16,126.015,3.53,2586.95609,4713.83834,3492.0614,1.8222,high_pressure_gas_CO2
146.92,21.6052,5.84,1.705,14.92,55.86972,47.96395,51.76613,1.1648,high_pressure_gas_CO2
131.15,7.9968,5.15,59.915,4.41,549.4339,942.76693,719.71391,1.7159,conventional_oilfield_range
122.12,18.1423,3.97,3.193,14.53,43.09027,225.15184,98.49799,5.2251,high_pressure_gas_CO2
18.59,0.3504,4.06,75.259,3.78,1.4786,28.87979,6.53465,19.5318,conventional_oilfield_range
98.9,0.1156,3.99,2.436,7.88,0.94974,8.25623,2.80023,8.6931,conventional_oilfield_range
15.45,0.5442,6.23,129.315,2.0,2.77249,8.86225,4.95687,3.1965,conventional_oilfield_range
122.16,6.4548,4.63,1.109,16.53,11.49296,18.77839,14.69079,1.6339,conventional_oilfield_range
11.34,0.5559,3.75,2.044,12.55,0.13353,1.60735,0.46328,12.0373,conventional_oilfield_range
143.85,0.2085,5.71,5.45,14.15,7.80042,13.87043,10.40169,1.7782,conventional_oilfield_range
86.61,2.1527,3.99,5.271,3.09,13.4549,62.98704,29.11158,4.6813,conventional_oilfield_range
95.99,0.234,5.97,1.674,5.93,0.81903,1.83396,1.22559,2.2392,conventional_oilfield_range
25.57,54.5131,3.57,8.501,2.95,13.22533,97.93952,35.99003,7.4055,high_pressure_gas_CO2
132.45,1.4264,6.15,61.724,2.25,206.77644,175.07102,190.26445,1.1811,conventional_oilfield_range
19.75,73.7135,4.57,21.868,2.37,41.38578,85.55676,59.5049,2.0673,high_pressure_gas_CO2
134.86,6.5091,4.03,14.268,11.99,132.36585,406.01691,231.82487,3.0674,conventional_oilfield_range
101.75,0.803,5.95,5.73,2.08,11.48682,10.19548,10.82191,1.1267,conventional_oilfield_range
140.27,27.0494,5.63,1.466,0.04,99.15311,59.89417,77.06291,1.6555,high_pressure_gas_CO2
100.1,0.9136,4.67,37.129,15.71,26.89942,99.60702,51.76264,3.7029,conventional_oilfield_range
88.79,75.6408,4.34,1.573,19.9,29.23219,69.19471,44.97458,2.3671,dense_phase_supercritical_CO2
51.3,1.8685,5.58,7.958,15.87,2.34305,8.06873,4.34804,3.4437,conventional_oilfield_range
99.82,0.5467,4.76,12.071,10.68,6.9743,31.96058,14.92992,4.5826,conventional_oilfield_range
60.77,5.5321,4.77,18.093,13.87,16.55778,39.37927,25.53494,2.3783,conventional_oilfield_range
39.1,0.102,6.48,1.09,11.17,0.0858,0.10974,0.09704,1.279,conventional_oilfield_range
13.64,1.117,6.05,76.944,16.38,2.32701,6.88296,4.00209,2.9579,conventional_oilfield_range
128.73,82.3112,6.24,3.371,16.56,194.12868,68.36777,115.2048,2.8395,dense_phase_supercritical_CO2
144.5,12.9386,4.63,1.141,19.3,23.17349,58.38436,36.78273,2.5194,high_pressure_gas_CO2
101.1,0.1665,6.01,78.386,0.6,24.97821,45.05565,33.54712,1.8038,conventional_oilfield_range
16.17,5.0998,5.94,2.117,3.65,0.60524,0.94524,0.75637,1.5618,conventional_oilfield_range
106.29,0.7916,4.73,5.421,15.63,6.35036,18.70154,10.89778,2.945,conventional_oilfield_range
27.6,44.0019,3.6,43.106,10.07,57.40945,319.17899,135.36576,5.5597,high_pressure_gas_CO2
103.59,42.4551,5.16,63.842,18.38,437.6331,657.98099,536.6137,1.5035,high_pressure_gas_CO2
66.43,0.2954,6.42,13.641,19.56,2.01226,2.80179,2.37444,1.3924,conventional_oilfield_range
94.76,0.4536,4.05,42.01,11.19,23.62429,98.22091,48.17052,4.1576,conventional_oilfield_range
72.92,0.8701,5.43,63.122,3.3,28.98153,49.04911,37.70303,1.6924,conventional_oilfield_range
33.24,0.2114,3.73,20.54,16.93,0.74327,11.17292,2.88176,15.032,conventional_oilfield_range
83.53,0.157,5.29,44.285,6.18,6.50625,25.08648,12.77572,3.8557,conventional_oilfield_range
9.69,0.642,6.43,16.945,11.27,0.48687,1.02832,0.70757,2.1121,conventional_oilfield_range
50.61,67.6905,3.53,5.972,5.65,29.20123,199.68981,76.36222,6.8384,high_pressure_gas_CO2
114.02,15.0336,6.42,33.81,1.95,293.99462,212.49416,249.94428,1.3835,high_pressure_gas_CO2
19.65,26.4535,3.95,18.956,7.64,8.35979,65.9724,23.48437,7.8916,high_pressure_gas_CO2
47.07,0.2848,4.89,84.389,1.87,6.09398,25.3744,12.43507,4.1638,conventional_oilfield_range
122.08,9.1761,5.81,2.241,19.27,16.83711,17.67454,17.25074,1.0497,conventional_oilfield_range
99.45,61.7563,4.52,51.168,6.78,641.78891,1901.8591,1104.80409,2.9634,high_pressure_gas_CO2
67.48,46.9937,5.82,6.975,4.18,51.09708,45.16132,48.03761,1.1314,high_pressure_gas_CO2
27.1,7.6448,4.99,56.384,2.85,21.68957,55.68253,34.75241,2.5672,conventional_oilfield_range
145.5,22.0972,3.76,1.603,6.27,90.43492,237.91049,146.68134,2.6307,high_pressure_gas_CO2
45.62,1.2302,3.77,2.454,15.44,0.65775,8.51075,2.36599,12.9392,conventional_oilfield_range
42.12,42.6554,5.45,2.021,2.48,7.37254,11.51626,9.21434,1.562,high_pressure_gas_CO2
129.56,1.5952,6.07,99.033,2.58,228.6868,324.30986,272.33322,1.4181,conventional_oilfield_range
143.05,1.3214,5.55,12.618,5.26,76.3138,65.60295,70.75599,1.1633,conventional_oilfield_range
94.99,8.5428,5.72,3.41,16.42,22.80001,16.97116,19.67086,1.3435,conventional_oilfield_range
47.15,0.2983,4.7,1.441,7.76,0.20853,1.47511,0.55462,7.0739,conventional_oilfield_range
72.55,8.4616,6.2,10.27,1.72,27.99873,16.75149,21.65688,1.6714,conventional_oilfield_range
138.76,20.1674,4.1,5.192,6.35,208.11089,411.38638,292.59868,1.9768,high_pressure_gas_CO2
106.83,2.6832,4.34,1.211,3.11,5.15568,24.48349,11.23517,4.7488,conventional_oilfield_range
51.43,0.1242,5.3,6.723,18.73,0.31299,1.84001,0.75888,5.8789,conventional_oilfield_range
73.64,0.1453,6.1,118.316,13.67,9.83469,24.94281,15.6622,2.5362,conventional_oilfield_range
17.12,0.1614,4.72,4.459,14.24,0.09898,0.72922,0.26866,7.3672,conventional_oilfield_range
102.1,0.6003,5.99,1.589,18.03,1.43864,2.83924,2.02105,1.9736,conventional_oilfield_range
28.86,1.1164,4.76,10.833,13.78,1.26136,8.1302,3.20237,6.4456,conventional_oilfield_range
56.43,11.9868,4.67,1.051,15.66,2.1734,6.78597,3.84039,3.1223,high_pressure_gas_CO2
101.85,7.0719,4.47,140.096,18.78,303.50441,627.36504,436.35772,2.0671,conventional_oilfield_range
50.89,0.2828,4.88,2.094,17.29,0.35873,1.85725,0.81625,5.1772,conventional_oilfield_range
63.93,3.6482,3.51,9.56,16.65,8.79353,77.34478,26.07937,8.7956,conventional_oilfield_range
145.57,0.196,4.16,135.04,8.4,102.37596,578.01522,243.25884,5.646,conventional_oilfield_range
59.75,1.1073,6.36,130.198,11.54,39.51998,35.7886,37.60804,1.1043,conventional_oilfield_range
7.35,48.9739,5.01,77.325,13.99,21.4454,66.5516,37.77864,3.1033,high_pressure_gas_CO2
64.51,1.1393,5.13,13.755,15.3,5.46886,16.46927,9.49042,3.0115,conventional_oilfield_range
67.12,0.3394,5.28,15.174,7.63,3.89325,8.71652,5.82543,2.2389,conventional_oilfield_range
68.44,0.7075,5.36,103.081,17.14,27.14798,51.88516,37.53102,1.9112,conventional_oilfield_range
20.05,8.8894,5.35,7.852,9.93,2.5807,4.83604,3.53276,1.8739,conventional_oilfield_range
19.46,2.1494,5.24,1.178,5.8,0.21183,1.01408,0.46347,4.7873,conventional_oilfield_range
70.92,1.3907,4.09,10.516,2.49,12.24943,47.99014,24.24566,3.9177,conventional_oilfield_range
64.88,28.9237,5.61,41.003,0.15,147.82322,204.58339,173.90278,1.384,high_pressure_gas_CO2
46.12,43.5333,4.29,66.776,15.9,91.08776,394.07628,189.46114,4.3263,high_pressure_gas_CO2
135.53,1.7525,3.55,2.157,7.49,16.78129,64.48763,32.89659,3.8428,conventional_oilfield_range
91.99,1.0122,6.38,144.706,4.84,111.99826,91.73415,101.36106,1.2209,conventional_oilfield_range
98.44,30.5949,5.9,18.091,2.58,170.84671,113.62723,139.32996,1.5036,high_pressure_gas_CO2
30.19,51.5839,5.05,8.95,1.99,19.09601,33.53295,25.30505,1.756,high_pressure_gas_CO2
96.56,22.5343,6.03,23.179,5.2,137.73379,122.63957,129.96774,1.1231,high_pressure_gas_CO2
34.55,0.1905,4.81,23.363,11.87,1.0982,6.37912,2.6468,5.8087,conventional_oilfield_range
138.49,0.1723,4.65,41.248,2.61,31.2165,162.21576,71.16044,5.1965,conventional_oilfield_range
56.93,0.5238,6.19,4.427,10.71,1.07765,2.3839,1.60282,2.2121,conventional_oilfield_range
118.98,20.4727,5.48,3.966,18.7,48.03781,44.02896,45.98973,1.0911,high_pressure_gas_CO2
89.01,0.2043,4.88,19.803,2.14,6.28774,40.97755,16.05167,6.5171,conventional_oilfield_range
18.45,3.039,4.58,66.719,7.82,6.58029,43.9479,17.00558,6.6787,conventional_oilfield_range
15.67,75.4487,3.73,31.312,7.51,24.38492,296.09469,84.97202,12.1425,dense_phase_liquid_CO2
122.24,0.3463,3.53,2.448,11.35,3.42074,30.05611,10.13973,8.7864,conventional_oilfield_range
146.51,95.7676,4.95,21.684,10.93,1857.83839,1843.18377,1850.49657,1.008,dense_phase_supercritical_CO2
139.35,0.3789,3.59,1.122,10.23,3.88186,31.69651,11.0924,8.1653,conventional_oilfield_range
21.64,0.4476,4.48,3.008,14.55,0.17102,1.34355,0.47935,7.8561,conventional_oilfield_range
74.83,72.3916,4.55,15.853,5.89,168.85509,284.56298,219.20289,1.6852,high_pressure_gas_CO2
79.34,1.5843,4.08,2.379,13.74,2.96025,13.85698,6.4047,4.681,conventional_oilfield_range
61.96,5.6357,5.8,4.765,15.88,6.87665,7.3099,7.08997,1.063,conventional_oilfield_range
133.01,1.8673,5.74,59.629,12.46,152.90403,168.93276,160.7187,1.1048,conventional_oilfield_range
87.24,1.324,5.4,1.38,3.34,3.207,5.41397,4.16684,1.6882,conventional_oilfield_range
90.1,0.7593,5.98,25.339,19.3,11.92306,17.35392,14.38443,1.4555,conventional_oilfield_range
31.09,0.9291,5.87,6.005,1.45,0.84081,1.98869,1.2931,2.3652,conventional_oilfield_range
118.03,0.2328,4.46,1.056,6.58,1.04212,7.10952,2.72194,6.8222,conventional_oilfield_range
135.32,4.8409,4.66,20.397,10.55,179.02606,362.39241,254.71099,2.0242,conventional_oilfield_range
93.15,44.6766,6.08,1.455,17.85,16.92762,15.03946,15.95563,1.1255,high_pressure_gas_CO2
51.08,0.9128,4.09,55.822,9.97,11.69695,77.6196,30.13159,6.6359,conventional_oilfield_range
22.99,0.3262,4.48,6.81,11.53,0.25783,3.45986,0.94449,13.4191,conventional_oilfield_range
129.13,92.0162,6.23,4.157,16.83,164.88309,102.89841,130.2544,1.6024,dense_phase_supercritical_CO2
138.12,0.131,5.43,1.416,1.9,2.47308,3.69083,3.02121,1.4924,conventional_oilfield_range
44.83,18.2422,4.7,16.251,6.26,20.43794,64.81122,36.39516,3.1711,high_pressure_gas_CO2
105.99,2.3107,6.05,127.237,2.43,207.296,280.70299,241.22315,1.3541,conventional_oilfield_range
9.25,0.1392,3.53,1.693,6.46,0.02843,0.74349,0.14538,26.1541,conventional_oilfield_range
29.68,0.3745,6.21,6.349,18.06,0.46252,0.67875,0.5603,1.4675,conventional_oilfield_range
130.86,0.6013,5.85,1.742,18.94,4.29853,4.88537,4.58257,1.1365,conventional_oilfield_range
93.85,27.3815,4.31,2.348,2.76,34.12214,98.05891,57.84445,2.8738,high_pressure_gas_CO2
129.97,18.1595,6.16,126.4,8.27,1432.31729,833.76712,1092.8033,1.7179,high_pressure_gas_CO2
81.5,5.4157,5.48,133.237,6.44,197.20933,265.43342,228.79237,1.3459,conventional_oilfield_range
43.25,0.7739,3.75,16.42,17.46,1.61408,17.46594,5.30956,10.821,conventional_oilfield_range
34.85,0.1714,6.42,1.353,0.26,0.11689,0.31893,0.19308,2.7284,conventional_oilfield_range
32.25,0.2059,4.13,19.277,10.55,0.85984,7.08987,2.46904,8.2456,conventional_oilfield_range
50.21,2.3018,3.96,12.527,18.28,4.14061,36.19763,12.24256,8.7421,conventional_oilfield_range
146.38,40.1399,5.04,49.819,3.76,2040.98345,2298.99405,2166.15069,1.1264,high_pressure_gas_CO2
49.54,40.6906,5.45,2.092,17.52,6.5458,8.22076,7.33563,1.2559,high_pressure_gas_CO2
134.64,0.364,3.59,27.563,9.05,35.35936,429.05776,123.17145,12.1342,conventional_oilfield_range
17.19,1.9698,3.95,12.383,10.16,1.34301,14.2337,4.37218,10.5984,conventional_oilfield_range
19.18,8.8281,5.7,8.31,5.88,2.35679,7.23644,4.12974,3.0705,conventional_oilfield_range
81.79,3.0259,4.8,30.358,12.93,39.28107,95.94395,61.39039,2.4425,conventional_oilfield_range
12.7,0.128,4.3,1.391,2.02,0.03389,0.64488,0.14784,19.0262,conventional_oilfield_range
108.79,1.4987,3.8,39.545,17.59,49.36584,330.52328,127.73629,6.6954,conventional_oilfield_range
118.93,1.1038,4.36,19.844,14.68,40.56416,143.54168,76.30628,3.5386,conventional_oilfield_range
106.57,2.6932,4.42,93.971,4.77,200.54306,724.43926,381.1578,3.6124,conventional_oilfield_range
32.16,50.0735,3.93,1.066,9.49,2.69877,17.17638,6.80845,6.3645,high_pressure_gas_CO2
43.26,0.1702,5.54,71.846,11.88,3.40285,9.88298,5.79917,2.9043,conventional_oilfield_range
75.8,0.5528,3.83,60.542,11.35,23.60522,143.40688,58.18205,6.0752,conventional_oilfield_range
81.16,0.3176,3.94,1.601,6.09,0.85522,6.05229,2.27509,7.0769,conventional_oilfield_range
111.55,93.1922,4.27,11.446,7.29,520.28697,839.61793,660.94044,1.6138,dense_phase_supercritical_CO2
107.97,47.2191,5.82,73.251,18.04,739.68312,488.75803,601.27038,1.5134,high_pressure_gas_CO2
104.44,15.2984,3.56,134.773,17.13,542.01856,2505.22366,1165.28011,4.622,high_pressure_gas_CO2
77.19,0.5409,5.72,131.211,7.19,35.98192,63.08338,47.64306,1.7532,conventional_oilfield_range
143.45,8.2452,6.4,81.049,13.58,884.51227,312.48046,525.73073,2.8306,conventional_oilfield_range
143.95,3.8082,4.3,30.041,17.76,153.83925,553.26721,291.7434,3.5964,conventional_oilfield_range
149.12,0.8472,3.62,13.544,6.87,46.91579,287.73078,116.1857,6.1329,conventional_oilfield_range
70.98,80.2526,5.88,4.242,19.39,27.61696,26.87808,27.24501,1.0275,dense_phase_supercritical_CO2
72.62,0.2823,6.4,22.774,13.29,3.95182,6.45294,5.04984,1.6329,conventional_oilfield_range
120.97,0.1114,3.62,4.129,11.86,2.77662,25.36422,8.39207,9.1349,conventional_oilfield_range
67.4,9.5667,3.5,3.525,7.0,9.26614,101.7984,30.71283,10.9861,conventional_oilfield_range
101.47,20.2608,3.97,1.539,5.41,28.56947,85.13633,49.31835,2.98,high_pressure_gas_CO2
89.86,0.1746,4.16,10.707,7.09,3.73176,19.93465,8.62504,5.3419,conventional_oilfield_range
66.27,79.5647,3.79,3.703,6.04,38.84858,206.68229,89.60643,5.3202,dense_phase_supercritical_CO2
103.44,0.9278,5.23,30.688,3.99,44.83358,98.74058,66.53491,2.2024,conventional_oilfield_range
48.65,0.1806,5.2,23.296,10.92,1.11188,8.74893,3.11894,7.8686,conventional_oilfield_range
68.35,0.2605,4.83,4.805,18.7,0.77459,3.25279,1.58731,4.1994,conventional_oilfield_range
67.01,1.8261,4.73,1.149,11.18,1.41052,4.17609,2.42702,2.9607,conventional_oilfield_range
114.6,7.0085,4.41,3.373,10.24,34.14569,91.16483,55.79325,2.6699,conventional_oilfield_range
87.01,0.7586,5.77,7.153,8.06,8.13194,9.82861,8.94011,1.2086,conventional_oilfield_range
131.86,2.4025,3.66,1.315,16.6,7.65037,38.70789,17.20842,5.0596,conventional_oilfield_range
19.12,0.7443,4.94,5.26,1.22,0.41789,2.01058,0.91662,4.8113,conventional_oilfield_range
112.21,0.1442,4.12,2.059,14.81,1.04352,8.1746,2.92068,7.8337,conventional_oilfield_range
102.97,36.0385,4.4,4.748,19.78,74.48259,130.14077,98.45416,1.7473,high_pressure_gas_CO2
104.73,0.2209,3.5,20.602,2.42,12.74814,133.38877,41.23662,10.4634,conventional_oilfield_range
73.69,31.4905,4.83,1.322,2.44,9.16587,36.27796,18.23511,3.9579,high_pressure_gas_CO2
123.94,33.5091,5.14,61.385,13.63,1136.71539,853.68643,985.08807,1.3315,high_pressure_gas_CO2
67.69,8.102,4.05,60.428,13.15,84.29886,455.97304,196.05613,5.409,conventional_oilfield_range
84.27,2.6821,4.37,28.354,19.18,20.11886,106.50056,46.28898,5.2936,conventional_oilfield_range
61.72,12.3868,3.82,8.076,8.5,22.10797,105.85767,48.37662,4.7882,high_pressure_gas_CO2
86.81,0.1079,4.41,25.341,17.86,3.05199,20.92558,7.99154,6.8564,conventional_oilfield_range
136.52,77.3374,4.9,37.45,5.54,2318.53523,1981.00024,2143.13295,1.1704,dense_phase_supercritical_CO2
129.1,3.2331,4.55,34.42,7.81,219.39979,480.73636,324.76678,2.1911,conventional_oilfield_range
56.02,14.3756,4.52,36.0,15.73,40.97511,195.61036,89.5274,4.7739,high_pressure_gas_CO2
48.92,1.5198,6.25,25.344,7.53,5.52175,10.45663,7.59861,1.8937,conventional_oilfield_range
88.53,60.5671,5.83,13.912,2.59,185.06395,237.93714,209.84181,1.2857,high_pressure_gas_CO2
55.47,7.1191,4.71,1.252,17.04,1.79822,6.05842,3.30067,3.3691,conventional_oilfield_range
20.4,63.4895,4.93,45.043,19.63,31.48683,59.30618,43.213,1.8835,high_pressure_gas_CO2
39.31,50.0476,4.02,87.519,15.12,103.28384,527.20727,233.34951,5.1045,high_pressure_gas_CO2
93.73,0.2205,6.04,1.441,15.27,0.53177,0.89543,0.69005,1.6839,conventional_oilfield_range
138.91,0.9193,5.6,6.634,19.78,15.16088,21.20792,17.93128,1.3989,conventional_oilfield_range
41.61,2.0537,4.36,2.74,3.24,1.41121,5.7463,2.84767,4.0719,conventional_oilfield_range
32.88,5.576,5.39,28.514,4.07,12.46289,19.52429,15.59901,1.5666,conventional_oilfield_range
57.14,1.6753,5.14,1.434,3.71,1.09321,2.33496,1.59768,2.1359,conventional_oilfield_range
98.12,3.0798,6.0,17.425,9.47,35.10909,49.23279,41.57546,1.4023,conventional_oilfield_range
86.01,0.2592,3.7,8.517,7.52,3.45306,34.04967,10.84322,9.8607,conventional_oilfield_range
118.45,0.7847,3.85,3.175,12.03,6.30829,44.79667,16.81043,7.1012,conventional_oilfield_range
141.39,58.4548,4.25,33.915,1.36,2578.63237,2326.95724,2449.5647,1.1082,high_pressure_gas_CO2
15.84,5.3219,6.06,106.586,10.0,11.46279,23.60227,16.44834,2.059,conventional_oilfield_range
106.14,0.2151,4.91,99.158,5.26,45.34555,141.46299,80.09193,3.1197,conventional_oilfield_range
42.83,1.0084,5.79,2.01,10.94,0.49254,0.78029,0.61994,1.5842,conventional_oilfield_range
101.18,43.1331,4.21,1.441,18.96,32.58846,53.69678,41.83175,1.6477,high_pressure_gas_CO2
116.01,0.1277,6.44,116.704,11.96,31.62924,35.35954,33.44242,1.1179,conventional_oilfield_range
84.96,69.1516,4.31,1.233,0.71,25.70451,76.12865,44.23629,2.9617,high_pressure_gas_CO2
67.57,0.8133,6.05,130.016,0.43,54.29331,69.04772,61.22769,1.2718,conventional_oilfield_range
122.65,4.0046,6.08,30.477,14.76,117.76803,92.491,104.36706,1.2733,conventional_oilfield_range
116.02,12.1989,4.79,8.488,2.76,78.51656,228.93121,134.07047,2.9157,high_pressure_gas_CO2
147.47,1.268,4.08,8.911,1.16,58.05563,281.74999,127.89517,4.8531,conventional_oilfield_range
37.93,17.4754,6.17,53.215,11.36,39.96216,41.45744,40.70293,1.0374,high_pressure_gas_CO2
109.37,27.4073,3.73,1.887,3.61,55.80292,180.99324,100.49851,3.2434,high_pressure_gas_CO2
100.01,0.5404,4.38,20.844,9.57,16.24325,77.18169,35.40737,4.7516,conventional_oilfield_range
41.28,4.275,4.98,39.802,7.14,17.20508,48.63769,28.92776,2.8269,conventional_oilfield_range
108.4,66.7238,5.84,4.334,13.07,109.15235,73.17553,89.37159,1.4917,high_pressure_gas_CO2
106.18,3.2384,3.66,91.077,14.11,154.8561,898.18006,372.94592,5.8001,conventional_oilfield_range
34.52,0.2579,6.43,3.174,14.84,0.19542,0.43265,0.29077,2.214,conventional_oilfield_range
123.38,0.2666,6.43,33.087,13.0,21.45177,22.42338,21.9322,1.0453,conventional_oilfield_range
77.34,0.1263,4.33,6.855,16.54,1.0968,7.89837,2.94329,7.2013,conventional_oilfield_range
93.41,3.0625,6.09,6.872,0.89,21.64245,22.30069,21.96911,1.0304,conventional_oilfield_range
67.51,0.1435,4.42,15.082,6.96,2.45386,15.1197,6.09111,6.1616,conventional_oilfield_range
134.51,58.6268,6.22,57.965,11.82,1859.8054,611.08859,1066.07029,3.0434,high_pressure_gas_CO2
125.24,2.0055,4.78,38.624,14.71,109.74159,243.89293,163.60072,2.2224,conventional_oilfield_range
61.28,14.5845,5.53,73.825,18.76,66.63989,126.80363,91.92486,1.9028,high_pressure_gas_CO2
87.4,3.6036,3.99,6.757,14.91,14.24185,62.6237,29.86431,4.3972,conventional_oilfield_range
7.2,25.0476,6.35,1.535,5.0,0.73517,1.05197,0.87942,1.4309,high_pressure_gas_CO2
62.22,7.0249,4.59,27.198,15.65,29.31272,72.71366,46.16747,2.4806,conventional_oilfield_range
23.02,5.0737,4.46,3.764,3.58,1.09935,8.41966,3.04239,7.6588,conventional_oilfield_range
72.63,79.0053,4.94,68.759,4.36,838.72024,999.46011,915.56945,1.1916,dense_phase_supercritical_CO2
45.08,6.7762,4.44,1.378,3.6,1.83871,7.13134,3.62112,3.8784,conventional_oilfield_range
131.01,0.2408,5.39,2.088,12.36,3.20381,6.25859,4.47787,1.9535,conventional_oilfield_range
10.58,11.3064,6.08,18.277,0.84,4.72637,7.82397,6.08103,1.6554,high_pressure_gas_CO2
108.61,0.5986,4.27,29.939,17.15,18.42691,131.97889,49.31494,7.1623,conventional_oilfield_range
92.08,1.1199,3.73,9.242,10.22,10.37122,87.62252,30.14552,8.4486,conventional_oilfield_range
58.85,29.3818,4.75,24.935,17.52,59.71028,146.50646,93.53043,2.4536,high_pressure_gas_CO2
119.28,1.0115,4.72,26.228,9.41,60.96281,130.88153,89.32472,2.1469,conventional_oilfield_range
28.25,0.1361,6.29,96.454,0.51,1.65391,4.54798,2.74262,2.7498,conventional_oilfield_range
79.07,22.0101,5.02,18.423,6.88,103.77066,228.66929,154.04273,2.2036,high_pressure_gas_CO2
9.73,15.0931,4.64,148.371,1.57,42.47089,183.44236,88.26642,4.3192,high_pressure_gas_CO2
37.56,3.2396,5.22,15.596,8.36,4.85672,10.88817,7.27191,2.2419,conventional_oilfield_range
81.52,0.1427,4.92,13.844,8.82,2.57696,17.14607,6.64716,6.6536,conventional_oilfield_range
47.49,0.5396,4.23,46.823,7.24,4.18588,50.23984,14.50165,12.0022,conventional_oilfield_range
21.74,0.5286,5.7,82.31,7.24,2.60217,12.40232,5.68093,4.7661,conventional_oilfield_range
137.62,9.1199,5.32,9.484,8.38,109.26678,140.8915,124.07563,1.2894,conventional_oilfield_range
23.17,4.1006,5.83,7.709,11.7,1.80289,3.95621,2.67069,2.1944,conventional_oilfield_range
46.6,0.874,3.74,8.245,19.66,0.98592,12.32501,3.4859,12.501,conventional_oilfield_range
117.03,50.0746,6.13,1.081,2.42,56.30898,34.31021,43.95421,1.6412,high_pressure_gas_CO2
139.87,16.9263,3.88,1.186,8.63,36.41299,79.82906,53.91489,2.1923,high_pressure_gas_CO2
24.19,39.8694,6.26,92.844,7.09,54.79555,76.17418,64.60655,1.3902,high_pressure_gas_CO2
108.24,0.2276,6.19,90.136,11.83,21.32375,28.36642,24.59428,1.3303,conventional_oilfield_range
11.56,16.453,4.56,9.481,8.18,2.29566,18.56058,6.52754,8.0851,high_pressure_gas_CO2
46.95,2.6997,3.9,2.507,15.32,1.74383,7.85816,3.7018,4.5063,conventional_oilfield_range
17.15,48.618,5.28,6.381,12.99,4.70407,14.13318,8.15374,3.0045,high_pressure_gas_CO2
78.76,5.8109,6.33,1.625,5.95,5.06438,5.44893,5.25314,1.0759,conventional_oilfield_range
135.11,5.4889,6.03,8.482,6.46,91.43461,73.72558,82.10402,1.2402,conventional_oilfield_range
25.76,27.667,5.7,142.102,4.21,66.47722,133.09593,94.063,2.0021,high_pressure_gas_CO2
94.24,0.1988,4.35,1.811,5.48,0.74805,7.36776,2.34765,9.8493,conventional_oilfield_range
46.83,56.6343,6.47,43.613,18.49,77.08098,46.23643,59.69882,1.6671,high_pressure_gas_CO2
34.99,32.8375,5.76,1.147,18.05,2.41098,2.47998,2.44523,1.0286,high_pressure_gas_CO2
120.85,0.1047,6.0,1.138,4.06,1.26351,1.47868,1.36687,1.1703,conventional_oilfield_range
111.15,3.6533,5.99,4.383,2.19,23.87699,16.57802,19.89556,1.4403,conventional_oilfield_range
69.44,1.9806,4.29,76.074,19.86,28.23403,132.73243,61.21741,4.7012,conventional_oilfield_range
56.29,0.1727,5.88,38.265,6.54,2.70771,7.9876,4.6506,2.9499,conventional_oilfield_range
96.44,3.4557,5.83,34.521,6.3,93.83721,80.83791,87.09537,1.1608,conventional_oilfield_range
140.19,24.1319,4.45,67.769,13.22,1305.97827,2170.94447,1683.80708,1.6623,high_pressure_gas_CO2
97.0,0.1057,3.91,6.587,18.86,1.29688,11.50657,3.86299,8.8725,conventional_oilfield_range
26.96,27.6444,5.7,4.121,3.97,7.1723,6.18521,6.66049,1.1596,high_pressure_gas_CO2
129.29,17.7149,3.51,1.401,11.15,39.03703,176.27964,82.95441,4.5157,high_pressure_gas_CO2
65.63,0.6155,4.64,18.647,12.75,3.69074,24.3046,9.47111,6.5853,conventional_oilfield_range
31.11,0.7949,4.2,4.322,9.7,0.54597,4.14412,1.50419,7.5903,conventional_oilfield_range
56.78,2.7725,3.79,1.756,17.62,1.23662,8.41855,3.22654,6.8077,conventional_oilfield_range
145.56,0.9467,5.49,1.787,9.29,9.63121,15.0554,12.04167,1.5632,conventional_oilfield_range
106.06,13.0154,5.82,11.289,16.09,63.65078,64.23173,63.94059,1.0091,high_pressure_gas_CO2
39.05,0.7461,5.02,86.359,15.66,8.37003,32.39551,16.46668,3.8704,conventional_oilfield_range
42.93,0.8971,4.67,9.156,7.97,1.97064,9.07158,4.2281,4.6034,conventional_oilfield_range
110.59,1.046,5.96,4.692,8.2,9.18502,11.05685,10.07757,1.2038,conventional_oilfield_range
34.9,7.5138,6.34,21.608,6.59,10.50295,11.8851,11.17267,1.1316,conventional_oilfield_range
109.72,25.541,3.77,34.163,18.24,305.08692,845.57198,507.91038,2.7716,high_pressure_gas_CO2
99.97,3.5971,4.59,2.703,3.14,8.95428,33.54086,17.33016,3.7458,conventional_oilfield_range
38.25,25.3429,6.23,5.265,4.31,9.17722,5.94658,7.38736,1.5433,high_pressure_gas_CO2
10.23,0.1148,6.32,1.671,7.96,0.02417,0.09048,0.04677,3.7436,conventional_oilfield_range
48.71,0.4898,5.82,3.453,5.45,0.89293,2.13959,1.38221,2.3962,conventional_oilfield_range
100.02,0.2475,5.72,3.868,1.7,3.7692,6.34642,4.8909,1.6838,conventional_oilfield_range
115.55,1.7625,3.54,64.077,12.1,140.19821,1003.35246,375.05762,7.1567,conventional_oilfield_range
119.93,0.3827,5.32,4.779,6.47,6.7357,14.96382,10.03951,2.2216,conventional_oilfield_range
44.74,0.4055,4.29,26.769,9.43,2.44228,23.02507,7.49892,9.4277,conventional_oilfield_range
145.2,4.8194,4.95,94.442,10.66,678.53462,1105.62256,866.1427,1.6294,conventional_oilfield_range
77.07,1.5168,4.62,15.467,2.17,15.95515,92.48674,38.41406,5.7967,conventional_oilfield_range
62.62,0.497,4.61,16.806,12.86,2.91941,24.67709,8.48779,8.4528,conventional_oilfield_range
146.49,0.1933,4.01,76.198,9.8,69.86696,453.97887,178.09583,6.4978,conventional_oilfield_range
94.39,2.6336,5.67,17.102,4.65,37.51376,43.51373,40.40252,1.1599,conventional_oilfield_range
50.16,1.0318,3.95,5.006,11.31,1.39738,12.79409,4.22826,9.1558,conventional_oilfield_range
105.11,18.4125,5.88,15.39,6.26,148.24303,106.28481,125.52284,1.3948,high_pressure_gas_CO2
107.79,3.4938,6.08,144.653,1.63,481.77051,390.71733,433.86183,1.233,conventional_oilfield_range
59.47,18.6492,3.99,42.466,3.32,61.09118,536.90358,181.10791,8.7886,high_pressure_gas_CO2
10.66,1.873,4.01,55.942,9.74,2.80297,27.24736,8.7392,9.7209,conventional_oilfield_range
62.91,0.7767,4.81,4.368,18.44,1.18944,4.59028,2.33664,3.8592,conventional_oilfield_range
94.19,1.3029,5.45,2.032,10.47,3.82025,8.23639,5.60938,2.156,conventional_oilfield_range
108.6,3.6153,4.25,10.169,18.72,37.56062,89.68887,58.0411,2.3878,conventional_oilfield_range
128.6,0.2547,5.07,63.807,0.2,56.10507,171.77951,98.1718,3.0617,conventional_oilfield_range
14.72,85.2959,4.44,2.561,13.88,2.81546,13.09793,6.07261,4.6522,dense_phase_liquid_CO2
13.86,2.5473,3.97,5.789,11.18,0.65289,9.20166,2.45105,14.0938,conventional_oilfield_range
139.54,0.6664,5.96,77.455,11.69,120.09912,174.52637,144.77729,1.4532,conventional_oilfield_range
63.47,0.5811,5.12,27.217,1.55,9.27929,34.72651,17.95097,3.7424,conventional_oilfield_range
45.6,0.6149,3.81,54.212,11.75,5.68579,54.7883,17.64978,9.636,conventional_oilfield_range
116.94,5.9774,4.33,57.116,17.43,191.63629,507.38222,311.82182,2.6476,conventional_oilfield_range
29.37,22.3921,6.47,1.58,16.07,1.7567,1.59996,1.6765,1.098,high_pressure_gas_CO2
131.82,0.9333,6.19,1.299,10.23,4.2381,5.16721,4.67965,1.2192,conventional_oilfield_range
52.43,3.1705,3.85,16.555,7.55,8.15032,83.58448,26.10058,10.2554,conventional_oilfield_range
50.21,3.6809,5.09,83.581,16.84,40.07592,67.83212,52.13861,1.6926,conventional_oilfield_range
125.87,13.6158,6.02,16.583,9.8,234.79092,105.20301,157.1646,2.2318,high_pressure_gas_CO2
85.9,2.0241,4.54,1.135,7.31,1.97123,9.84872,4.40615,4.9962,conventional_oilfield_range
110.63,0.4379,5.18,148.43,18.79,58.38788,168.71763,99.25253,2.8896,conventional_oilfield_range
113.41,0.1077,4.83,13.952,0.11,6.75312,30.87104,14.43869,4.5714,conventional_oilfield_range
58.49,0.5771,6.26,20.912,0.67,5.24302,9.91689,7.21072,1.8914,conventional_oilfield_range
11.37,12.2039,4.26,22.943,19.42,4.2279,18.46883,8.83654,4.3683,high_pressure_gas_CO2
139.5,98.1058,5.4,11.666,9.47,1076.59244,465.65282,708.03835,2.312,dense_phase_supercritical_CO2
122.08,0.1302,3.59,88.309,3.06,39.1044,280.22371,104.68038,7.166,conventional_oilfield_range
24.09,1.8143,6.04,1.324,12.75,0.25343,0.50995,0.3595,2.0122,conventional_oilfield_range
83.89,89.1683,4.08,21.683,0.33,459.25355,755.86424,589.18023,1.6459,dense_phase_supercritical_CO2
50.89,13.4254,6.22,18.925,18.89,11.88958,16.41219,13.96904,1.3804,high_pressure_gas_CO2
63.46,32.5949,5.51,1.385,16.5,5.23577,8.6583,6.73297,1.6537,high_pressure_gas_CO2
17.18,2.1389,4.33,2.706,10.11,0.42207,4.07074,1.31078,9.6446,conventional_oilfield_range
126.49,0.1023,4.32,5.796,6.83,3.06119,20.10054,7.84421,6.5662,conventional_oilfield_range
87.1,2.4492,3.85,1.574,14.59,3.46627,23.58792,9.04224,6.805,conventional_oilfield_range
145.04,19.9603,5.87,2.974,7.49,154.89064,82.50671,113.04652,1.8773,high_pressure_gas_CO2
40.78,32.5031,5.43,91.559,3.82,125.22464,187.57165,153.25988,1.4979,high_pressure_gas_CO2
12.73,13.1142,4.03,2.021,6.31,0.89739,8.07818,2.69246,9.0018,high_pressure_gas_CO2
133.12,0.3399,4.38,32.957,5.29,34.17288,185.58695,79.63693,5.4308,conventional_oilfield_range
55.58,8.4232,4.85,23.614,16.63,28.68262,63.60511,42.71254,2.2175,conventional_oilfield_range
60.92,4.11,4.13,33.731,6.94,31.14733,111.43317,58.91389,3.5776,conventional_oilfield_range
35.08,12.5592,5.01,63.951,15.89,35.84923,94.68078,58.26004,2.6411,high_pressure_gas_CO2
42.44,2.5297,3.59,1.782,13.17,0.82503,9.43909,2.79062,11.4408,conventional_oilfield_range
90.09,1.3087,4.63,19.072,0.68,22.65169,68.24571,39.31769,3.0128,conventional_oilfield_range
131.05,0.1056,4.76,5.35,12.96,4.87536,17.53353,9.24566,3.5964,conventional_oilfield_range
49.41,2.5149,4.06,1.115,16.18,0.51244,4.81744,1.57119,9.401,conventional_oilfield_range
68.07,1.5776,6.0,3.545,7.46,2.62611,5.35011,3.74833,2.0373,conventional_oilfield_range
48.53,81.7141,6.13,45.786,18.02,96.93771,86.1831,91.40237,1.1248,dense_phase_supercritical_CO2
117.24,72.7689,4.7,1.154,10.24,88.56843,72.32638,80.03645,1.2246,high_pressure_gas_CO2
144.96,67.3812,4.1,130.645,15.04,4977.38401,9568.59423,6901.20047,1.9224,high_pressure_gas_CO2
144.19,81.4658,4.43,46.398,16.03,1889.94231,3078.30741,2412.01647,1.6288,dense_phase_supercritical_CO2
5.12,0.277,6.15,4.525,1.61,0.09873,0.38595,0.19521,3.9091,conventional_oilfield_range
18.07,0.5422,5.55,69.223,7.49,1.86684,9.29422,4.16543,4.9786,conventional_oilfield_range
73.27,11.491,5.6,96.919,13.37,185.25153,162.27184,173.38139,1.1416,high_pressure_gas_CO2
115.64,0.1939,3.89,45.757,2.67,28.19418,138.99317,62.60031,4.9299,conventional_oilfield_range
123.87,15.528,4.77,7.195,1.43,108.22338,242.86111,162.1211,2.2441,high_pressure_gas_CO2
90.03,0.4625,5.33,46.87,7.38,17.66795,70.13121,35.20049,3.9694,conventional_oilfield_range
93.53,17.9909,6.24,25.4,2.76,196.75033,128.52015,159.01692,1.5309,high_pressure_gas_CO2
68.13,1.0441,5.46,8.441,5.7,3.74688,13.84415,7.20225,3.6948,conventional_oilfield_range
10.05,75.0824,4.77,2.269,13.65,2.44354,6.45866,3.97265,2.6432,dense_phase_liquid_CO2
16.98,11.434,3.8,75.302,16.07,15.48837,126.81746,44.31924,8.1879,high_pressure_gas_CO2
88.33,1.419,4.86,11.426,19.2,7.28537,33.22365,15.55785,4.5603,conventional_oilfield_range
48.93,0.597,5.4,20.586,16.05,2.11377,8.42908,4.22104,3.9877,conventional_oilfield_range
73.66,1.012,5.11,6.223,15.71,4.11377,9.40798,6.22112,2.2869,conventional_oilfield_range
60.6,10.572,3.95,5.415,18.68,7.39417,40.55209,17.31615,5.4843,high_pressure_gas_CO2
122.86,15.2365,4.86,1.275,5.63,36.77856,56.15035,45.44369,1.5267,high_pressure_gas_CO2
58.23,46.5048,5.56,3.541,6.75,19.20397,34.06889,25.57847,1.7741,high_pressure_gas_CO2
83.7,0.3437,4.57,1.092,6.49,0.61676,3.00939,1.36238,4.8794,conventional_oilfield_range
56.8,0.1288,5.72,3.476,1.68,0.55134,1.56379,0.92854,2.8363,conventional_oilfield_range
96.77,1.9647,4.32,130.269,13.78,128.83667,714.4359,303.39009,5.5453,conventional_oilfield_range
126.06,15.7784,5.07,9.944,1.53,186.80862,275.24645,226.75628,1.4734,high_pressure_gas_CO2
146.64,8.193,6.15,6.778,19.61,128.32795,60.56544,88.1603,2.1188,conventional_oilfield_range
113.64,1.8518,3.57,116.968,5.14,184.78326,1107.79291,452.43959,5.9951,conventional_oilfield_range
126.34,1.9967,3.85,2.612,5.22,14.76888,93.91515,37.24275,6.359,conventional_oilfield_range
128.87,0.5386,5.9,6.522,9.46,13.17006,13.04671,13.10824,1.0095,conventional_oilfield_range
113.3,21.6235,4.33,28.914,12.09,397.8612,634.22818,502.32936,1.5941,high_pressure_gas_CO2
44.54,1.6655,3.56,7.973,2.6,2.81617,43.45338,11.06219,15.4299,conventional_oilfield_range
146.51,0.9005,4.16,1.095,6.49,8.25896,30.04,15.75116,3.6373,conventional_oilfield_range
108.24,30.2639,5.26,24.062,6.58,254.70692,495.22054,355.15644,1.9443,high_pressure_gas_CO2
6.82,1.0514,4.54,9.269,9.24,0.37735,3.16963,1.09365,8.3996,conventional_oilfield_range
106.17,10.4462,4.27,1.175,17.05,13.45548,28.9716,19.74403,2.1531,high_pressure_gas_CO2
86.39,1.0862,4.12,139.048,7.38,76.90493,525.46613,201.02471,6.8327,conventional_oilfield_range
102.8,0.1227,5.37,2.306,7.03,0.66259,4.09056,1.64632,6.1736,conventional_oilfield_range
8.39,83.19,5.17,11.693,4.69,11.35585,25.4253,16.99194,2.239,dense_phase_liquid_CO2
93.03,35.4001,3.79,2.986,19.84,27.98655,109.11986,55.262,3.899,high_pressure_gas_CO2
28.07,21.5067,5.7,7.462,8.17,6.70929,9.22136,7.86567,1.3744,high_pressure_gas_CO2
91.89,0.9083,4.59,1.698,17.7,2.39493,6.4161,3.91996,2.679,conventional_oilfield_range
51.08,4.0447,4.68,74.026,9.9,23.77719,139.16631,57.52377,5.8529,conventional_oilfield_range
70.17,59.1196,4.03,4.242,10.65,35.1052,153.96345,73.51815,4.3858,high_pressure_gas_CO2
29.98,52.7039,4.65,26.376,19.48,20.17747,90.34705,42.69631,4.4776,high_pressure_gas_CO2
94.74,0.2604,5.36,149.183,11.99,34.8073,61.99283,46.45216,1.781,conventional_oilfield_range
52.13,0.5621,5.21,10.64,1.82,1.95139,10.84268,4.59982,5.5564,conventional_oilfield_range
133.11,9.1696,5.16,75.669,17.01,587.4418,787.69981,680.24098,1.3409,conventional_oilfield_range
131.82,0.3355,6.31,101.162,6.45,89.39697,134.90231,109.81738,1.509,conventional_oilfield_range
35.02,2.4185,4.24,20.546,19.79,3.65573,14.38843,7.2526,3.9359,conventional_oilfield_range
77.53,0.2155,5.31,5.258,18.4,1.17144,3.97664,2.15833,3.3947,conventional_oilfield_range
144.56,0.1049,3.6,29.712,17.34,23.39885,148.18957,58.88519,6.3332,conventional_oilfield_range
15.2,1.7835,4.28,36.144,2.42,3.013,20.9108,7.93751,6.9402,conventional_oilfield_range
82.45,0.1178,4.94,38.011,5.86,4.51652,33.03908,12.21563,7.3152,conventional_oilfield_range
116.47,1.2306,5.65,12.978,12.99,23.74816,36.62718,29.49285,1.5423,conventional_oilfield_range
26.17,0.6131,5.98,43.637,2.24,2.9746,8.37486,4.99117,2.8155,conventional_oilfield_range
54.28,54.8181,5.89,2.865,1.94,18.60384,16.83073,17.69509,1.1053,high_pressure_gas_CO2
135.38,2.9835,4.23,3.679,5.91,24.75934,117.56602,53.95236,4.7483,conventional_oilfield_range
106.44,5.0663,5.28,45.364,2.96,177.60652,309.52401,234.46424,1.7428,conventional_oilfield_range
58.77,1.2251,4.37,113.751,3.17,28.89217,162.49657,68.51918,5.6242,conventional_oilfield_range
68.78,0.7667,5.73,32.551,2.93,12.0747,29.50243,18.87414,2.4433,conventional_oilfield_range
97.33,0.1213,4.13,4.563,11.68,1.43947,15.00109,4.6469,10.4212,conventional_oilfield_range
113.09,97.3537,4.72,22.173,3.41,834.69659,1258.66952,1024.9913,1.5079,dense_phase_supercritical_CO2
128.63,0.8768,4.62,76.42,9.7,141.79523,466.55925,257.20784,3.2904,conventional_oilfield_range
30.43,49.1361,3.54,114.986,6.85,113.77479,1012.94748,339.48179,8.9031,high_pressure_gas_CO2
45.36,21.5796,5.87,25.969,7.13,25.91693,50.61807,36.21968,1.9531,high_pressure_gas_CO2
136.41,33.1079,6.04,50.591,10.48,1249.50515,686.62643,926.25226,1.8198,high_pressure_gas_CO2
101.32,1.5685,3.8,5.213,1.34,10.80012,75.86607,28.62452,7.0246,conventional_oilfield_range
112.48,41.4808,6.41,1.324,11.33,41.69085,19.39617,28.43664,2.1494,high_pressure_gas_CO2
112.22,11.7246,5.45,3.415,13.79,33.32175,38.47668,35.80657,1.1547,high_pressure_gas_CO2
93.32,4.5282,3.77,2.591,16.61,11.3885,50.30736,23.93586,4.4174,conventional_oilfield_range
80.77,0.1523,4.18,18.814,11.63,2.59466,27.22148,8.40419,10.4914,conventional_oilfield_range
118.3,0.9048,5.4,2.676,2.33,9.24822,15.32895,11.90653,1.6575,conventional_oilfield_range
83.64,0.4416,4.96,17.335,11.63,7.13201,22.16812,12.57391,3.1083,conventional_oilfield_range
133.55,21.4876,4.08,56.679,12.29,886.65781,2240.38584,1409.41676,2.5268,high_pressure_gas_CO2
114.41,6.3689,4.98,2.422,10.15,13.48289,34.89034,21.68923,2.5877,conventional_oilfield_range
48.45,39.9745,4.25,3.972,11.23,11.97838,57.00834,26.13174,4.7593,high_pressure_gas_CO2
146.7,68.7213,4.96,4.95,19.49,261.3221,283.38509,272.13009,1.0844,high_pressure_gas_CO2
14.51,1.9772,4.41,103.164,8.86,5.06992,41.27509,14.46587,8.1412,conventional_oilfield_range
31.49,21.6958,5.79,2.911,10.04,3.17103,6.33945,4.48359,1.9992,high_pressure_gas_CO2
19.92,0.7947,5.33,17.481,3.09,1.36492,6.66705,3.01661,4.8846,conventional_oilfield_range
118.94,36.0638,5.33,2.198,19.13,66.6911,46.52402,55.70223,1.4335,high_pressure_gas_CO2
119.37,21.8406,4.31,107.14,9.44,1265.50895,2317.46028,1712.53226,1.8312,high_pressure_gas_CO2
26.02,1.0027,4.56,41.846,8.99,2.59671,24.02123,7.89786,9.2506,conventional_oilfield_range
65.48,19.3494,4.71,128.214,7.07,313.1967,418.20264,361.91116,1.3353,high_pressure_gas_CO2
116.22,0.1144,5.61,2.844,14.33,1.41429,3.79629,2.31712,2.6842,conventional_oilfield_range
51.67,23.5917,4.48,16.541,3.99,40.68473,157.58598,80.07086,3.8733,high_pressure_gas_CO2
129.18,0.2092,4.23,5.108,9.59,5.49141,24.82444,11.67566,4.5206,conventional_oilfield_range
145.81,0.1374,5.48,31.385,18.18,17.65045,41.02695,26.90992,2.3244,conventional_oilfield_range
92.97,1.3337,3.8,24.654,5.52,22.29489,263.67215,76.67165,11.8266,conventional_oilfield_range
21.1,0.2528,5.75,5.084,15.5,0.13451,0.60671,0.28567,4.5105,conventional_oilfield_range
26.81,0.7881,4.1,1.554,4.9,0.16345,2.02685,0.57557,12.4006,conventional_oilfield_range
42.8,3.9182,4.37,1.116,15.44,0.91783,4.25547,1.9763,4.6365,conventional_oilfield_range
108.15,0.8747,6.06,93.237,8.92,98.21723,92.44501,95.28742,1.0624,conventional_oilfield_range
72.91,2.4122,4.5,29.831,14.08,21.12211,116.26345,49.55531,5.5043,conventional_oilfield_range
8.36,0.2278,4.73,7.285,9.73,0.14765,1.34042,0.44488,9.0781,conventional_oilfield_range
137.38,3.4418,3.55,8.941,0.64,64.46144,460.42564,172.27798,7.1427,conventional_oilfield_range
119.57,2.9925,5.22,24.013,14.69,50.22344,102.67993,71.81183,2.0445,conventional_oilfield_range
118.19,3.9381,5.9,69.442,1.75,380.01929,245.13596,305.21532,1.5502,conventional_oilfield_range
148.98,18.0186,5.8,8.665,5.54,213.40377,212.86749,213.13546,1.0025,high_pressure_gas_CO2
112.15,8.9399,3.72,25.69,6.8,137.0011,758.44605,322.34756,5.5361,conventional_oilfield_range
123.93,1.9824,3.56,17.811,0.13,79.28435,463.06434,191.60834,5.8406,conventional_oilfield_range
37.66,1.9118,4.28,3.055,13.49,0.7545,6.96163,2.29184,9.2268,conventional_oilfield_range
101.48,20.4072,5.22,5.912,17.61,55.16234,59.83764,57.45245,1.0848,high_pressure_gas_CO2
117.08,0.4154,4.04,1.14,12.04,2.22337,8.36821,4.31343,3.7637,conventional_oilfield_range
83.31,73.1108,4.48,4.855,4.6,93.36744,210.92862,140.33483,2.2591,high_pressure_gas_CO2
66.52,0.6505,6.31,2.97,7.11,1.7862,2.44792,2.09104,1.3705,conventional_oilfield_range
68.75,31.8033,4.63,9.249,14.88,39.45961,79.45518,55.99349,2.0136,high_pressure_gas_CO2
69.79,1.5759,4.12,6.73,16.29,4.47345,26.21606,10.82941,5.8604,conventional_oilfield_range
137.43,14.9127,3.87,44.304,2.41,642.83137,2605.65635,1294.217,4.0534,high_pressure_gas_CO2
113.7,0.8926,4.07,139.245,16.0,107.07951,656.78267,265.1942,6.1336,conventional_oilfield_range
21.24,2.3489,3.52,56.014,8.01,6.27996,73.86642,21.53782,11.7623,conventional_oilfield_range
142.13,32.3299,4.8,69.969,6.01,2184.56995,2574.96675,2371.74935,1.1787,high_pressure_gas_CO2
98.32,1.4759,4.91,117.526,5.49,116.73495,298.00633,186.51476,2.5528,conventional_oilfield_range
25.41,0.5585,5.19,1.899,3.12,0.17753,0.73303,0.36074,4.1289,conventional_oilfield_range
13.87,25.5353,6.1,27.434,7.43,10.39453,16.98594,13.28762,1.6341,high_pressure_gas_CO2
30.0,64.3984,6.4,41.171,16.21,54.05259,50.1275,52.05307,1.0783,high_pressure_gas_CO2
20.86,0.307,4.99,4.635,12.51,0.19107,1.07735,0.45371,5.6385,conventional_oilfield_range
51.56,22.3772,4.49,85.932,0.68,198.91217,372.18209,272.08739,1.8711,high_pressure_gas_CO2
11.74,1.3524,5.3,13.896,3.16,1.36093,4.48561,2.47075,3.296,conventional_oilfield_range
18.36,92.1668,3.84,10.843,19.67,12.14919,55.05393,25.86234,4.5315,dense_phase_liquid_CO2
24.49,6.4538,5.41,4.761,9.39,1.86211,4.43251,2.87294,2.3804,conventional_oilfield_range
100.17,1.2495,5.34,36.205,9.56,42.17,57.11004,49.07475,1.3543,conventional_oilfield_range
33.46,0.4549,3.89,112.333,4.51,6.57643,82.93798,23.35458,12.6114,conventional_oilfield_range
63.56,45.7882,3.82,3.107,3.69,22.52327,94.04337,46.02352,4.1754,high_pressure_gas_CO2
146.22,10.1174,5.06,18.029,17.67,241.61249,274.83596,257.68935,1.1375,high_pressure_gas_CO2
66.19,9.6295,5.24,108.101,0.68,201.47413,294.03444,243.39337,1.4594,conventional_oilfield_range
11.96,0.3924,4.05,2.047,0.68,0.09665,1.30941,0.35574,13.5484,conventional_oilfield_range
51.77,5.2031,4.95,5.602,12.57,5.16633,11.30598,7.64267,2.1884,conventional_oilfield_range
70.56,0.4411,5.36,15.413,2.36,4.88415,19.95859,9.87323,4.0864,conventional_oilfield_range
138.96,1.0275,6.18,3.594,16.14,10.20163,10.73236,10.46363,1.052,conventional_oilfield_range
101.17,10.0934,4.53,13.476,1.26,83.4082,296.15534,157.16801,3.5507,high_pressure_gas_CO2
144.89,0.2392,4.18,9.895,2.22,16.03434,87.88567,37.53917,5.4811,conventional_oilfield_range
131.63,0.8339,4.81,138.66,1.66,303.23799,582.30083,420.20915,1.9203,conventional_oilfield_range
62.65,66.6422,6.5,2.655,16.8,18.41207,9.57872,13.28021,1.9222,high_pressure_gas_CO2
111.34,1.1529,5.3,2.139,17.2,3.21471,7.85007,5.02351,2.4419,conventional_oilfield_range
57.59,0.4912,6.34,14.296,7.49,3.19831,4.56652,3.82167,1.4278,conventional_oilfield_range
96.98,7.1541,6.03,43.099,3.04,213.561,129.41449,166.24647,1.6502,conventional_oilfield_range
129.45,0.6843,6.38,116.116,5.93,252.26078,102.72585,160.97734,2.4557,conventional_oilfield_range
134.59,2.5352,3.91,110.024,0.01,511.86716,2724.75668,1180.97987,5.3232,conventional_oilfield_range
50.18,58.7701,5.34,122.313,1.18,329.66994,546.25289,424.36206,1.657,high_pressure_gas_CO2
124.25,19.6688,5.92,117.292,4.85,1565.4166,729.99098,1068.99018,2.1444,high_pressure_gas_CO2
61.69,0.3803,6.0,1.424,19.27,0.28889,0.85995,0.49843,2.9768,conventional_oilfield_range
22.9,16.5564,6.33,2.14,8.87,1.40078,1.3993,1.40004,1.0011,high_pressure_gas_CO2
6.56,0.2248,4.43,1.672,12.57,0.02364,0.43862,0.10182,18.5581,conventional_oilfield_range
48.33,0.2369,5.73,9.744,1.41,1.61841,3.06559,2.22742,1.8942,conventional_oilfield_range
54.5,0.6551,6.46,6.764,17.82,1.46563,1.86224,1.65208,1.2706,conventional_oilfield_range
89.82,42.5331,5.57,53.556,15.17,386.94949,375.73063,381.2988,1.0299,high_pressure_gas_CO2
149.65,6.4558,5.3,6.151,17.39,68.86747,68.17034,68.51802,1.0102,conventional_oilfield_range
144.67,1.8409,5.41,76.328,5.6,332.90114,387.06172,358.9614,1.1627,conventional_oilfield_range
41.49,3.3379,4.76,66.048,19.66,14.10873,57.32913,28.44014,4.0634,conventional_oilfield_range
121.87,0.5349,4.98,19.331,13.31,29.61946,72.25179,46.26077,2.4393,conventional_oilfield_range
107.74,4.8085,6.01,6.574,10.38,37.55188,25.03021,30.6583,1.5003,conventional_oilfield_range
92.24,5.9024,5.88,119.164,11.51,292.18919,287.00956,289.58779,1.018,conventional_oilfield_range
57.3,10.4191,6.21,8.278,7.87,14.26529,11.32266,12.7091,1.2599,high_pressure_gas_CO2
119.28,36.0329,5.22,13.727,18.8,250.72452,182.84685,214.11256,1.3712,high_pressure_gas_CO2
117.76,10.1673,3.58,17.127,0.48,207.11402,870.85098,424.69453,4.2047,high_pressure_gas_CO2
138.5,25.4499,5.69,70.54,5.07,1753.10703,952.47204,1292.20177,1.8406,high_pressure_gas_CO2
146.17,0.5573,4.84,1.271,9.16,6.24847,13.6677,9.24133,2.1874,conventional_oilfield_range
120.08,0.4248,5.81,15.521,6.44,16.90898,30.4124,22.67692,1.7986,conventional_oilfield_range
123.24,34.2105,6.07,5.325,12.33,139.46564,52.18861,85.31423,2.6723,high_pressure_gas_CO2
38.0,30.6231,3.8,37.24,12.79,37.49763,303.62117,106.70086,8.0971,high_pressure_gas_CO2
32.0,1.4063,4.29,34.623,7.01,5.12262,24.58848,11.22308,4.8,conventional_oilfield_range
114.44,75.4962,4.47,1.748,11.64,102.45993,114.62722,108.37295,1.1188,dense_phase_supercritical_CO2
86.27,18.6342,5.11,7.346,13.91,43.05314,70.04368,54.91448,1.6269,high_pressure_gas_CO2
91.71,42.7365,4.71,3.742,14.32,41.54762,83.67671,58.96243,2.014,high_pressure_gas_CO2
138.58,0.2046,6.37,59.236,17.75,35.81966,45.58591,40.40881,1.2727,conventional_oilfield_range
16.92,99.6131,4.83,1.227,10.96,2.29505,6.23988,3.78429,2.7188,dense_phase_liquid_CO2
76.7,31.6041,6.45,3.419,4.52,29.17363,15.15889,21.0295,1.9245,high_pressure_gas_CO2
6.8,0.5383,3.56,21.491,16.76,0.30675,9.61613,1.71749,31.3481,conventional_oilfield_range
87.37,1.7257,6.04,18.369,12.55,28.13354,15.8891,21.14277,1.7706,conventional_oilfield_range
113.28,13.1898,6.45,56.018,5.27,358.34655,299.50717,327.60855,1.1965,high_pressure_gas_CO2
140.85,0.913,4.57,121.589,2.69,426.34704,595.34351,503.80844,1.3964,conventional_oilfield_range
40.8,4.1193,3.89,136.386,15.68,24.84557,242.8485,77.67695,9.7743,conventional_oilfield_range
50.46,26.4095,5.31,36.899,14.35,49.17211,80.26879,62.82504,1.6324,high_pressure_gas_CO2
147.84,2.4881,5.22,1.305,12.38,11.7635,20.31195,15.45768,1.7267,conventional_oilfield_range
143.21,0.3266,5.18,16.46,1.15,27.45598,98.66338,52.04709,3.5935,conventional_oilfield_range
26.44,11.1179,3.7,36.671,11.4,17.18516,109.17633,43.31527,6.3529,high_pressure_gas_CO2
108.47,2.9678,5.61,112.592,19.72,174.06658,253.97563,210.25858,1.4591,conventional_oilfield_range
83.07,10.5682,4.49,17.38,17.52,50.25729,126.67976,79.79086,2.5206,high_pressure_gas_CO2
83.24,11.0654,4.44,1.035,12.19,5.70914,14.84824,9.2071,2.6008,high_pressure_gas_CO2
22.35,85.5188,5.34,14.218,14.61,17.80297,29.03015,22.73374,1.6306,dense_phase_liquid_CO2
92.22,18.9001,4.04,2.48,12.99,20.00053,75.429,38.84096,3.7713,high_pressure_gas_CO2
17.92,68.9353,5.22,116.192,7.75,66.81969,218.29865,120.7752,3.267,high_pressure_gas_CO2
25.08,1.0712,3.79,5.927,14.15,0.63806,6.29332,2.00387,9.8633,conventional_oilfield_range
31.76,1.6006,4.18,139.583,12.66,10.69604,136.01212,38.14172,12.7161,conventional_oilfield_range
80.96,0.1151,5.32,137.07,1.18,16.0938,65.12741,32.37511,4.0467,conventional_oilfield_range
144.72,3.8669,3.51,6.875,0.55,111.9505,411.01098,214.50614,3.6714,conventional_oilfield_range
129.61,73.6436,4.07,22.443,3.64,1156.75679,2737.51373,1779.50487,2.3665,high_pressure_gas_CO2
131.45,54.6819,5.3,17.744,17.83,468.81739,300.0788,375.0762,1.5623,high_pressure_gas_CO2
30.74,0.2796,5.96,1.164,0.78,0.07176,0.29124,0.14456,4.0587,conventional_oilfield_range
141.4,26.4006,4.43,4.307,6.98,199.847,391.82039,279.82875,1.9606,high_pressure_gas_CO2
135.53,3.1114,5.31,148.015,18.4,655.13674,515.94424,581.38974,1.2698,conventional_oilfield_range
84.46,1.4674,4.84,1.792,11.09,2.33581,9.11531,4.61429,3.9024,conventional_oilfield_range
39.72,28.3633,4.07,7.582,7.17,19.40093,55.54009,32.82574,2.8628,high_pressure_gas_CO2
122.58,53.5802,5.62,66.969,1.98,1458.11829,1242.12952,1345.79782,1.1739,high_pressure_gas_CO2
51.48,3.8196,5.23,14.372,7.88,8.19364,22.74135,13.65044,2.7755,conventional_oilfield_range
51.45,2.2065,4.09,113.441,8.53,30.4612,230.48634,83.79075,7.5666,conventional_oilfield_range
8.46,0.2056,5.18,21.217,6.12,0.39665,2.15239,0.92398,5.4264,conventional_oilfield_range
116.77,12.4941,5.08,1.232,18.94,13.93521,26.39972,19.18034,1.8945,high_pressure_gas_CO2
135.54,4.2497,5.42,40.615,10.69,293.72155,310.29518,301.89465,1.0564,conventional_oilfield_range
32.29,78.0839,3.66,62.536,17.47,76.3385,386.34345,171.73491,5.0609,dense_phase_supercritical_CO2
30.85,1.2956,5.6,95.87,1.97,14.89302,26.82858,19.98896,1.8014,conventional_oilfield_range
108.3,0.1655,4.11,2.818,12.81,2.40875,11.51483,5.26653,4.7804,conventional_oilfield_range
34.87,11.6995,6.27,1.024,4.81,1.51393,1.06402,1.26919,1.4228,high_pressure_gas_CO2
147.74,91.4653,5.98,6.442,16.76,542.54051,206.63085,334.82176,2.6257,dense_phase_supercritical_CO2
40.7,10.1297,6.15,8.32,11.41,8.0228,6.55135,7.24984,1.2246,high_pressure_gas_CO2
34.71,43.2557,5.71,3.92,13.81,6.09414,10.58072,8.02996,1.7362,high_pressure_gas_CO2
45.32,50.4926,5.95,11.545,12.0,26.91991,25.94695,26.42895,1.0375,high_pressure_gas_CO2
105.92,2.2253,5.49,3.056,12.75,12.28209,17.60328,14.70391,1.4332,conventional_oilfield_range
75.84,0.3549,4.48,113.018,5.13,20.50987,94.91304,44.1209,4.6277,conventional_oilfield_range
62.74,4.0624,4.35,17.402,2.17,24.7785,109.66496,52.12805,4.4258,conventional_oilfield_range
133.18,70.8969,5.16,12.123,2.54,913.67523,644.71692,767.50367,1.4172,high_pressure_gas_CO2
20.85,0.4852,6.0,2.52,15.25,0.13557,0.32738,0.21067,2.4149,conventional_oilfield_range
94.22,2.0622,3.93,19.913,0.82,51.17642,188.34051,98.17634,3.6802,conventional_oilfield_range
32.4,0.4279,4.45,17.289,18.97,0.63233,9.95496,2.50894,15.7434,conventional_oilfield_range
138.67,1.1229,4.1,25.217,7.83,90.3194,386.47847,186.83282,4.279,conventional_oilfield_range
14.23,0.3564,4.08,27.033,8.78,0.66051,8.89576,2.42399,13.468,conventional_oilfield_range
40.64,3.8519,5.17,2.051,19.28,1.13936,2.89528,1.81625,2.5412,conventional_oilfield_range
64.44,4.007,5.36,2.343,18.66,2.33405,5.45417,3.56795,2.3368,conventional_oilfield_range
20.05,0.5023,4.64,16.769,16.27,0.56712,4.26705,1.55561,7.5241,conventional_oilfield_range
37.56,7.6711,5.19,1.448,12.98,1.67408,2.5031,2.04704,1.4952,conventional_oilfield_range
98.49,0.7037,5.35,9.518,14.96,7.19613,13.61506,9.89826,1.892,conventional_oilfield_range
55.05,92.0306,4.86,100.174,3.06,401.04161,837.02173,579.37945,2.0871,dense_phase_supercritical_CO2
25.94,8.1523,4.02,127.375,19.98,23.61305,140.14231,57.52554,5.935,conventional_oilfield_range
8.04,26.0826,3.93,10.02,14.21,2.79695,25.54196,8.45219,9.1321,high_pressure_gas_CO2
63.32,33.1441,4.56,112.104,8.42,236.85273,919.21789,466.60397,3.881,high_pressure_gas_CO2
69.36,1.4633,4.59,5.122,7.98,3.8998,14.98293,7.64398,3.842,conventional_oilfield_range
36.46,0.374,4.08,79.624,13.19,2.72605,31.12896,9.21191,11.4191,conventional_oilfield_range
84.49,19.5853,4.72,25.2,4.27,153.16316,327.3671,223.92092,2.1374,high_pressure_gas_CO2
99.57,0.7961,6.0,48.479,12.47,40.09929,46.27732,43.0777,1.1541,conventional_oilfield_range
85.0,0.2952,4.65,13.37,3.61,4.18698,28.51772,10.92718,6.811,conventional_oilfield_range
60.97,10.0226,4.32,42.005,11.27,58.68535,245.86023,120.11825,4.1895,high_pressure_gas_CO2
118.37,0.3921,4.73,10.463,17.36,12.13387,42.09746,22.60099,3.4694,conventional_oilfield_range
50.85,62.9594,5.34,39.822,17.52,84.83355,104.42679,94.1217,1.231,high_pressure_gas_CO2
17.43,0.1062,6.09,1.303,17.05,0.01902,0.1166,0.04709,6.1314,conventional_oilfield_range
34.44,0.283,4.14,67.514,7.26,3.51927,29.18513,10.1346,8.293,conventional_oilfield_range
125.1,2.6623,5.61,4.271,2.03,20.87837,29.97216,25.01539,1.4356,conventional_oilfield_range
27.04,1.7602,5.1,22.154,3.17,2.68617,12.98263,5.90538,4.8331,conventional_oilfield_range
147.58,11.746,6.21,133.087,13.28,1773.90146,910.39607,1270.80798,1.9485,high_pressure_gas_CO2
114.57,0.2552,4.64,6.692,3.41,8.63685,27.47343,15.40403,3.181,conventional_oilfield_range
123.6,62.0621,5.25,2.487,17.88,147.97736,77.70657,107.23252,1.9043,high_pressure_gas_CO2
87.18,45.3745,6.46,84.935,1.38,866.44629,399.62301,588.43171,2.1682,high_pressure_gas_CO2
62.07,0.2808,6.48,52.628,13.38,6.57059,7.56584,7.05068,1.1515,conventional_oilfield_range
108.15,70.1916,3.75,20.501,15.99,591.54561,1283.30524,871.28272,2.1694,high_pressure_gas_CO2
65.57,0.3215,6.05,2.617,5.6,0.53044,1.3788,0.85521,2.5993,conventional_oilfield_range
75.99,52.1735,3.66,3.309,6.13,33.51291,186.21945,78.99846,5.5566,high_pressure_gas_CO2
10.87,17.7825,5.78,9.928,1.6,3.62219,7.77752,5.3077,2.1472,high_pressure_gas_CO2
146.85,7.4561,5.7,1.101,7.61,33.73275,21.16473,26.71974,1.5938,conventional_oilfield_range
10.22,10.3684,5.59,5.375,16.06,1.31352,2.20295,1.70106,1.6771,high_pressure_gas_CO2
64.04,1.0626,6.33,36.717,11.05,10.29826,14.49242,12.21666,1.4073,conventional_oilfield_range
137.44,57.0596,3.75,28.168,6.37,1164.79578,3375.84365,1982.9696,2.8982,high_pressure_gas_CO2
122.56,26.2229,3.82,1.452,7.47,57.35311,196.74258,106.22523,3.4304,high_pressure_gas_CO2
117.94,39.0006,3.53,1.07,16.14,39.38279,104.96786,64.29562,2.6653,high_pressure_gas_CO2
27.66,7.5575,6.11,10.061,17.47,3.14336,4.15236,3.6128,1.321,conventional_oilfield_range
22.69,12.9552,4.1,42.025,1.62,25.6435,153.81025,62.80313,5.998,high_pressure_gas_CO2
5.56,23.7016,4.2,1.285,1.59,0.6543,6.25994,2.02383,9.5673,high_pressure_gas_CO2
74.03,0.3908,6.46,20.775,3.72,6.15692,10.22262,7.93346,1.6603,conventional_oilfield_range
130.43,0.1527,4.05,1.032,3.52,1.60425,10.95961,4.19309,6.8316,conventional_oilfield_range
83.59,82.8269,5.6,33.846,1.52,533.11969,478.43545,505.03798,1.1143,dense_phase_supercritical_CO2
148.84,0.3071,5.41,19.45,12.03,27.17848,56.04155,39.02722,2.062,conventional_oilfield_range
66.85,29.7444,5.71,14.273,13.1,61.38387,54.73659,57.96502,1.1214,high_pressure_gas_CO2
114.37,0.1563,3.69,5.611,14.66,2.33089,22.07524,7.1732,9.4707,conventional_oilfield_range
16.59,19.6472,5.65,1.062,14.89,0.7889,1.48606,1.08275,1.8837,high_pressure_gas_CO2
137.87,1.2146,5.54,29.91,1.32,112.74076,215.58311,155.90062,1.9122,conventional_oilfield_range
70.36,16.8491,4.94,12.229,15.27,26.13922,129.67487,58.22027,4.9609,high_pressure_gas_CO2
32.59,5.7768,3.63,5.86,9.3,1.80995,30.09407,7.38029,16.627,conventional_oilfield_range
127.74,82.5711,4.89,90.469,9.04,3688.743,4160.26046,3917.4139,1.1278,dense_phase_supercritical_CO2
65.84,0.1184,3.92,4.889,19.8,0.37753,4.36907,1.28431,11.5728,conventional_oilfield_range
7.02,23.666,5.49,2.377,11.86,0.99395,2.64155,1.62036,2.6576,high_pressure_gas_CO2
61.74,0.2816,4.51,1.115,7.84,0.25955,2.99681,0.88194,11.5462,conventional_oilfield_range
84.65,0.4822,4.96,37.575,8.66,16.52145,49.6487,28.64033,3.0051,conventional_oilfield_range
145.52,0.1511,6.38,1.398,6.47,2.23889,2.54919,2.389,1.1386,conventional_oilfield_range
39.1,67.6105,5.91,8.054,0.26,28.54723,33.04713,30.71488,1.1576,high_pressure_gas_CO2
96.42,11.2765,4.79,1.841,2.59,17.33707,49.67102,29.34535,2.865,high_pressure_gas_CO2
122.03,39.1104,4.61,129.344,1.26,2187.0026,4409.59251,3105.44526,2.0163,high_pressure_gas_CO2
35.37,0.9519,4.2,78.936,6.25,11.91228,53.66209,25.28316,4.5048,conventional_oilfield_range
119.09,4.6237,5.23,5.253,3.89,46.83517,68.75829,56.74774,1.4681,conventional_oilfield_range
96.74,81.9232,4.19,19.501,4.74,479.08183,823.4612,628.09657,1.7188,dense_phase_supercritical_CO2
73.11,0.1143,5.03,1.614,15.0,0.24838,1.14999,0.53445,4.6299,conventional_oilfield_range
76.19,6.4239,6.17,121.7,5.32,135.00355,177.79859,154.93044,1.317,conventional_oilfield_range
119.74,0.674,3.93,69.957,1.18,99.84403,735.00901,270.89899,7.3616,conventional_oilfield_range
52.45,29.8202,4.95,2.08,5.46,6.86737,29.86635,14.32143,4.349,high_pressure_gas_CO2
92.69,4.0638,5.97,25.434,19.15,38.09883,38.77391,38.43489,1.0177,conventional_oilfield_range
111.35,16.0874,4.08,54.748,5.65,516.84474,1231.56863,797.82815,2.3829,high_pressure_gas_CO2
123.7,0.1078,4.28,2.058,0.51,1.62921,8.99548,3.82826,5.5214,conventional_oilfield_range
16.41,2.4821,6.23,2.095,12.52,0.23644,0.51549,0.34911,2.1802,conventional_oilfield_range
114.98,0.2105,4.32,3.986,14.13,2.57304,15.78547,6.37312,6.1349,conventional_oilfield_range
23.64,73.8442,3.87,77.317,11.05,67.65977,496.00885,183.19346,7.3309,dense_phase_liquid_CO2
109.47,4.4708,5.39,25.496,7.91,86.66076,190.16534,128.37395,2.1944,conventional_oilfield_range
10.01,0.7059,5.2,17.265,17.67,0.55719,2.72736,1.23275,4.8948,conventional_oilfield_range
24.12,0.1555,3.7,2.137,10.46,0.08066,1.38865,0.33468,17.2159,conventional_oilfield_range
114.43,82.5959,4.51,7.906,15.02,205.87475,407.36014,289.59484,1.9787,dense_phase_supercritical_CO2
81.08,8.4228,4.69,2.174,16.46,7.85553,15.78372,11.13505,2.0093,conventional_oilfield_range
21.71,54.2342,4.28,3.316,12.9,4.03947,19.29864,8.82928,4.7775,high_pressure_gas_CO2
127.22,0.4749,3.63,2.996,4.65,8.63451,70.06893,24.59697,8.115,conventional_oilfield_range
77.58,0.9308,5.77,28.744,0.39,18.8618,25.69968,22.01686,1.3625,conventional_oilfield_range
102.1,12.3417,5.15,1.223,11.79,13.69657,23.53929,17.95571,1.7186,high_pressure_gas_CO2
6.04,12.7489,5.24,6.325,17.97,1.14641,4.18225,2.18965,3.6481,high_pressure_gas_CO2
82.75,55.6675,5.73,4.096,11.13,48.26515,42.80705,45.45425,1.1275,high_pressure_gas_CO2
34.23,6.6505,4.5,5.149,5.21,3.55109,17.24036,7.82445,4.855,conventional_oilfield_range
9.18,6.4581,5.45,12.994,8.11,1.98847,6.55871,3.61134,3.2984,conventional_oilfield_range
121.67,16.9216,6.12,2.726,11.4,51.18081,20.76565,32.60066,2.4647,high_pressure_gas_CO2
102.76,45.7042,5.95,6.101,1.09,128.76525,77.98826,100.21067,1.6511,high_pressure_gas_CO2
133.24,0.5715,5.03,4.725,4.33,14.25589,35.66756,22.54934,2.502,conventional_oilfield_range
77.44,14.4486,5.66,9.917,7.82,41.40023,30.99007,35.81894,1.3359,high_pressure_gas_CO2
74.63,6.1691,5.89,28.282,18.76,37.02459,40.56783,38.75574,1.0957,conventional_oilfield_range
5.04,0.1241,3.65,1.058,5.48,0.01963,0.46325,0.09537,23.596,conventional_oilfield_range
110.67,76.4936,3.79,6.323,12.92,266.03033,537.77593,378.23895,2.0215,dense_phase_supercritical_CO2
59.06,0.6917,5.46,4.439,0.7,1.94028,5.21634,3.18138,2.6884,conventional_oilfield_range
71.25,62.6234,6.45,97.764,2.41,479.36369,225.38891,328.69934,2.1268,high_pressure_gas_CO2
119.95,43.7393,6.3,2.398,2.25,104.01959,37.11418,62.13374,2.8027,high_pressure_gas_CO2
133.53,12.155,4.32,1.12,11.26,35.07169,70.05766,49.56854,1.9976,high_pressure_gas_CO2
36.24,1.5582,4.63,1.205,8.65,0.33531,2.15567,0.85018,6.4289,conventional_oilfield_range
6.92,49.2294,5.47,122.407,17.53,28.1623,51.85627,38.21507,1.8413,high_pressure_gas_CO2
34.39,0.6337,5.51,124.735,3.76,7.81004,22.06998,13.12888,2.8258,conventional_oilfield_range
149.4,0.1356,5.19,73.267,11.18,49.83533,98.90997,70.20834,1.9847,conventional_oilfield_range
108.76,16.888,4.36,1.557,7.35,29.01069,52.34042,38.96706,1.8042,high_pressure_gas_CO2
59.12,50.7531,5.68,15.023,6.41,65.88907,67.08356,66.48363,1.0181,high_pressure_gas_CO2
89.13,1.3072,6.45,46.746,2.95,38.65105,28.50848,33.19462,1.3558,conventional_oilfield_range
102.98,1.6729,6.38,1.542,5.06,6.55709,5.42032,5.96167,1.2097,conventional_oilfield_range
98.59,2.2506,5.12,30.233,17.79,31.7253,115.17786,60.44876,3.6305,conventional_oilfield_range
147.49,0.2724,4.52,23.813,14.9,34.76053,91.83234,56.49903,2.6419,conventional_oilfield_range
146.7,23.8141,5.97,7.286,16.47,325.97958,78.81214,160.28459,4.1362,high_pressure_gas_CO2
83.88,3.62,5.23,3.583,11.01,10.58164,14.07066,12.20208,1.3297,conventional_oilfield_range
104.18,23.0766,4.97,5.108,16.73,41.15829,110.33791,67.38932,2.6808,high_pressure_gas_CO2
80.85,28.7133,4.16,5.809,8.16,46.77246,135.49841,79.60901,2.897,high_pressure_gas_CO2
97.87,2.2959,6.0,88.738,3.77,195.79635,148.03685,170.25004,1.3226,conventional_oilfield_range
78.15,0.2106,3.93,1.436,19.0,0.36867,4.12315,1.23291,11.1839,conventional_oilfield_range
124.66,4.2257,3.79,59.213,0.47,374.17702,1551.66291,761.9689,4.1469,conventional_oilfield_range
31.93,21.2914,3.71,3.56,19.02,2.62149,24.86566,8.07373,9.4853,high_pressure_gas_CO2
63.44,12.401,4.4,6.979,4.17,15.50317,75.21182,34.14706,4.8514,high_pressure_gas_CO2
74.37,6.9889,3.63,11.727,0.63,30.62351,212.089,80.591,6.9257,conventional_oilfield_range
106.59,38.3287,4.65,14.892,1.96,272.72948,402.66458,331.38875,1.4764,high_pressure_gas_CO2
55.9,82.0516,4.97,1.147,0.77,9.04143,23.59851,14.607,2.61,dense_phase_supercritical_CO2
73.86,4.2776,3.75,37.679,14.31,46.04376,228.99929,102.68393,4.9735,conventional_oilfield_range
113.61,0.5298,6.45,1.188,6.2,2.59722,1.48899,1.96653,1.7443,conventional_oilfield_range
36.4,1.7054,3.53,1.903,17.25,0.47481,3.78991,1.34145,7.982,conventional_oilfield_range
69.44,3.2079,4.89,32.887,7.76,37.97355,77.71566,54.32439,2.0466,conventional_oilfield_range
12.06,5.7146,5.59,11.713,18.05,1.34228,4.32738,2.41009,3.2239,conventional_oilfield_range
47.09,0.9868,3.83,2.172,16.75,0.56089,6.5343,1.91442,11.65,conventional_oilfield_range
5.83,21.2432,5.92,93.38,15.45,15.78178,27.45498,20.81558,1.7397,high_pressure_gas_CO2
54.31,11.1969,6.04,3.146,8.89,5.36667,4.50289,4.91585,1.1918,high_pressure_gas_CO2
19.72,0.2616,5.72,114.827,11.26,1.67175,8.47089,3.76314,5.0671,conventional_oilfield_range
106.34,0.1152,5.08,32.344,12.7,9.92057,33.56299,18.2473,3.3832,conventional_oilfield_range
45.44,4.6973,4.77,1.386,5.26,1.62673,4.92783,2.83129,3.0293,conventional_oilfield_range
63.19,57.2563,6.22,80.397,2.42,443.48892,307.74711,369.43529,1.4411,high_pressure_gas_CO2
101.37,2.1792,6.49,6.492,5.26,24.10816,14.37581,18.61651,1.677,conventional_oilfield_range
31.9,1.7369,5.18,3.202,2.95,1.02542,3.95589,2.01406,3.8578,conventional_oilfield_range
6.62,0.1513,5.86,1.759,13.32,0.0235,0.11322,0.05159,4.8173,conventional_oilfield_range
132.66,0.2577,6.26,74.596,16.02,53.57699,61.40143,57.35594,1.146,conventional_oilfield_range
74.42,0.1982,4.66,23.896,10.83,4.02855,19.5756,8.88039,4.8592,conventional_oilfield_range
23.41,3.3854,6.08,1.406,10.27,0.49394,0.70238,0.58901,1.422,conventional_oilfield_range
40.82,18.2071,6.02,6.125,4.51,9.53228,11.78974,10.60109,1.2368,high_pressure_gas_CO2
67.62,40.9266,5.84,1.149,13.43,10.5794,7.36636,8.82789,1.4362,high_pressure_gas_CO2
92.93,39.8847,5.75,1.893,12.3,33.39299,16.51532,23.48395,2.0219,high_pressure_gas_CO2
98.68,18.4625,3.97,20.111,5.75,175.41882,490.00086,293.18147,2.7933,high_pressure_gas_CO2
9.48,0.1581,3.75,87.159,2.91,0.77366,17.90722,3.72211,23.1461,conventional_oilfield_range
62.02,2.4747,5.92,99.019,6.07,42.33976,69.49611,54.24434,1.6414,conventional_oilfield_range
49.68,70.0629,5.03,6.921,17.42,22.39536,34.29632,27.71423,1.5314,high_pressure_gas_CO2
138.9,6.5406,5.48,17.744,9.39,233.85836,222.72604,228.22433,1.05,conventional_oilfield_range
54.65,3.5563,5.39,3.528,5.36,3.35813,8.74335,5.4186,2.6036,conventional_oilfield_range
79.46,0.8693,6.22,94.23,11.32,33.30954,49.61971,40.65476,1.4897,conventional_oilfield_range
124.73,3.5729,4.73,3.752,8.48,23.33575,46.62306,32.9846,1.9979,conventional_oilfield_range
134.13,0.2617,5.81,4.385,13.74,5.02641,9.96998,7.07907,1.9835,conventional_oilfield_range
51.57,24.7795,5.25,2.384,14.49,7.54809,9.40903,8.42735,1.2465,high_pressure_gas_CO2
34.83,23.4334,5.99,2.503,12.95,2.99199,4.14038,3.51966,1.3838,high_pressure_gas_CO2
75.23,0.649,5.2,14.772,2.93,6.68076,19.81498,11.50561,2.966,conventional_oilfield_range
145.14,27.5007,6.45,1.017,3.78,101.74846,20.95996,46.18055,4.8544,high_pressure_gas_CO2
70.94,93.8774,5.25,4.008,11.35,51.79159,63.02958,57.13495,1.217,dense_phase_supercritical_CO2
67.02,88.1231,5.29,10.88,7.74,114.45675,135.88423,124.71113,1.1872,dense_phase_supercritical_CO2
57.39,25.3454,3.66,69.748,5.55,133.439,852.43392,337.26537,6.3882,high_pressure_gas_CO2
118.66,59.8747,5.56,2.792,17.83,89.20847,64.36016,75.7725,1.3861,high_pressure_gas_CO2
53.95,7.4659,4.33,8.616,4.61,9.61818,43.42947,20.43801,4.5154,conventional_oilfield_range
43.68,4.5483,6.02,2.139,11.07,1.44777,2.46344,1.88852,1.7015,conventional_oilfield_range
121.83,29.8785,4.11,21.934,19.09,394.6124,892.64164,593.50439,2.2621,high_pressure_gas_CO2
146.91,0.6444,4.96,1.615,16.91,5.96597,15.68833,9.67451,2.6296,conventional_oilfield_range
29.02,0.3316,4.16,1.713,4.78,0.13192,2.10079,0.52644,15.9243,conventional_oilfield_range
91.96,1.4458,4.14,1.654,1.64,3.65064,16.02686,7.64908,4.3901,conventional_oilfield_range
112.18,1.4237,5.35,6.718,10.83,15.26264,40.13421,24.74983,2.6296,conventional_oilfield_range
76.27,23.3756,5.07,5.022,9.98,23.01302,39.35125,30.09304,1.71,high_pressure_gas_CO2
92.95,1.3149,5.61,20.311,13.98,15.5594,39.45679,24.77749,2.5359,conventional_oilfield_range
35.03,0.8763,4.72,3.478,5.81,0.62777,4.61083,1.70133,7.3448,conventional_oilfield_range
73.11,0.1183,6.31,3.397,13.95,0.36945,0.93922,0.58907,2.5422,conventional_oilfield_range
61.39,1.0853,4.64,11.705,14.48,4.209,17.45891,8.57231,4.148,conventional_oilfield_range
41.96,0.4849,4.6,147.835,9.57,11.70469,89.80888,32.42199,7.6729,conventional_oilfield_range
98.53,6.2707,5.93,69.304,19.58,116.56688,163.47749,138.04369,1.4024,conventional_oilfield_range
18.05,55.9178,3.78,32.588,1.0,45.53364,275.25718,111.95295,6.0451,high_pressure_gas_CO2
70.7,0.7576,6.08,4.037,18.32,1.61838,2.73786,2.10497,1.6917,conventional_oilfield_range
80.47,0.496,3.78,1.299,13.09,0.87286,4.57711,1.9988,5.2438,conventional_oilfield_range
141.52,0.3372,5.14,112.179,17.9,97.32838,293.25307,168.94332,3.013,conventional_oilfield_range
33.33,13.7274,3.7,1.663,16.35,1.50566,12.75793,4.38282,8.4733,high_pressure_gas_CO2
72.07,19.1682,5.67,2.149,18.64,8.62798,9.86452,9.22556,1.1433,high_pressure_gas_CO2
129.03,19.909,5.04,1.109,10.09,38.21591,44.53234,41.25341,1.1653,high_pressure_gas_CO2
12.01,0.2936,3.9,75.009,16.69,0.76885,15.03186,3.3996,19.5511,conventional_oilfield_range
40.64,0.3353,3.83,3.468,12.8,0.32954,4.08822,1.1607,12.4059,conventional_oilfield_range
59.73,0.1004,4.88,54.745,13.55,2.23719,18.38504,6.41334,8.2179,conventional_oilfield_range
63.57,3.7597,6.39,112.895,7.08,59.64727,57.84128,58.73734,1.0312,conventional_oilfield_range
113.65,17.9843,5.07,7.712,10.06,75.30978,139.7988,102.6071,1.8563,high_pressure_gas_CO2
35.0,6.3008,4.6,4.461,12.09,2.01061,11.58864,4.82704,5.7637,conventional_oilfield_range
59.18,0.8783,4.1,1.084,8.71,0.52652,3.91058,1.43493,7.4272,conventional_oilfield_range
130.45,23.5273,5.75,25.849,6.04,561.22368,395.17818,470.9388,1.4202,high_pressure_gas_CO2
37.93,2.0753,4.96,10.347,9.3,3.08807,9.43164,5.39681,3.0542,conventional_oilfield_range
65.29,0.1426,6.34,89.544,18.45,5.03462,9.23651,6.81926,1.8346,conventional_oilfield_range
72.44,1.4443,5.46,8.772,11.96,5.24583,14.90524,8.84254,2.8413,conventional_oilfield_range
74.18,63.377,6.11,11.05,7.05,127.37882,101.61161,113.76804,1.2536,high_pressure_gas_CO2
29.06,94.6888,3.94,35.272,5.39,79.77662,358.39065,169.08932,4.4924,dense_phase_liquid_CO2
80.56,0.1181,4.71,54.655,9.21,6.1257,34.28271,14.49158,5.5965,conventional_oilfield_range
12.38,3.5563,3.87,8.995,9.75,1.09097,12.24022,3.65427,11.2196,conventional_oilfield_range
118.0,15.3459,5.2,1.401,19.36,22.96571,22.13123,22.54461,1.0377,high_pressure_gas_CO2
100.79,2.0873,5.67,3.813,2.84,12.80043,15.47785,14.07562,1.2092,conventional_oilfield_range
60.66,1.5247,3.63,4.562,19.07,2.083,23.22048,6.95473,11.1476,conventional_oilfield_range
65.55,30.0446,3.95,15.504,5.1,69.67185,288.06554,141.66883,4.1346,high_pressure_gas_CO2
14.6,37.7157,4.3,11.229,1.32,5.30635,51.61562,16.54964,9.7271,high_pressure_gas_CO2
139.1,3.0231,3.74,10.003,17.99,38.63051,182.80205,84.03413,4.7321,conventional_oilfield_range
128.34,73.6216,4.27,16.425,17.78,588.49102,846.42917,705.77331,1.4383,high_pressure_gas_CO2
101.42,3.803,5.5,65.738,11.8,121.76364,141.62814,131.32082,1.1631,conventional_oilfield_range
117.85,0.5444,5.94,8.793,5.44,16.20689,16.555,16.38002,1.0215,conventional_oilfield_range
146.05,94.1757,3.65,19.39,16.03,1180.53709,4235.0492,2235.98583,3.5874,dense_phase_supercritical_CO2
85.48,34.1558,4.16,120.428,9.29,695.60246,2096.89492,1207.72732,3.0145,high_pressure_gas_CO2
83.62,1.2274,5.73,8.174,6.62,9.27011,14.2628,11.4986,1.5386,conventional_oilfield_range
74.77,60.9859,3.7,4.822,17.79,29.76631,190.21646,75.24655,6.3903,high_pressure_gas_CO2
27.34,2.6274,3.59,109.721,2.36,16.33947,292.92386,69.18252,17.9274,conventional_oilfield_range
76.32,74.9588,5.27,7.621,16.99,68.39703,106.31704,85.27467,1.5544,dense_phase_supercritical_CO2
28.91,0.3003,4.48,6.608,1.66,0.56191,4.63062,1.61307,8.2408,conventional_oilfield_range
6.23,4.1794,4.98,1.588,19.4,0.17676,0.66455,0.34273,3.7596,conventional_oilfield_range
148.82,0.1015,4.03,1.952,19.67,1.51565,14.31748,4.65835,9.4465,conventional_oilfield_range
124.88,1.1796,5.22,1.225,17.86,3.87716,7.63313,5.44012,1.9687,conventional_oilfield_range
89.52,92.1624,5.34,61.306,3.84,1070.02301,1085.45285,1077.71031,1.0144,dense_phase_supercritical_CO2
149.05,0.2102,5.28,21.84,10.52,30.30379,52.42673,39.85886,1.73,conventional_oilfield_range
14.42,6.5842,4.28,25.133,14.0,4.42308,31.00078,11.70977,7.0089,conventional_oilfield_range
104.91,0.1248,6.06,27.998,13.9,7.823,10.13642,8.90489,1.2957,conventional_oilfield_range
78.79,0.7603,5.62,7.461,16.14,3.84413,12.17523,6.84128,3.1672,conventional_oilfield_range
49.85,0.9546,4.22,2.107,3.1,1.02618,6.8475,2.6508,6.6728,conventional_oilfield_range
22.07,0.2104,4.85,2.113,1.47,0.10344,0.61654,0.25254,5.9602,conventional_oilfield_range
88.99,14.3193,4.81,1.849,12.89,16.22004,24.50225,19.93558,1.5106,high_pressure_gas_CO2
90.21,64.9095,4.13,10.71,0.68,225.74012,604.63322,369.44549,2.6784,high_pressure_gas_CO2
14.58,0.1242,6.06,3.538,3.73,0.05449,0.27109,0.12154,4.9747,conventional_oilfield_range
62.64,13.4099,4.47,1.946,6.54,8.03931,21.27104,13.07686,2.6459,high_pressure_gas_CO2
50.64,55.7802,5.2,33.339,0.15,140.00301,133.27905,136.59966,1.0505,high_pressure_gas_CO2
65.29,2.8886,6.47,2.101,17.68,1.9969,2.2509,2.1201,1.1272,conventional_oilfield_range
143.77,52.7134,5.66,8.116,15.42,324.47364,187.88685,246.90956,1.727,high_pressure_gas_CO2
121.03,1.3154,3.51,11.236,16.49,21.23309,168.36482,59.79051,7.9294,conventional_oilfield_range
53.22,9.4623,5.71,12.557,10.62,23.23132,15.15269,18.76211,1.5331,conventional_oilfield_range
93.81,6.8655,4.8,116.651,16.01,174.02573,556.13651,311.09815,3.1957,conventional_oilfield_range
84.33,4.1341,5.77,1.25,6.65,3.50672,6.16946,4.6513,1.7593,conventional_oilfield_range
119.82,2.6519,6.13,105.122,18.28,188.60294,152.81618,169.7692,1.2342,conventional_oilfield_range
50.7,5.9249,4.85,4.502,13.04,4.61516,13.43566,7.8745,2.9112,conventional_oilfield_range
136.14,0.5787,4.3,14.287,0.81,45.7402,144.72087,81.36069,3.164,conventional_oilfield_range
62.56,1.95,6.38,55.728,5.47,30.14288,23.68967,26.72218,1.2724,conventional_oilfield_range
65.43,3.2008,6.36,53.603,12.8,30.70584,40.13214,35.10401,1.307,conventional_oilfield_range
12.42,92.5988,4.14,27.48,5.75,29.06736,152.11834,66.4957,5.2333,dense_phase_liquid_CO2
148.45,4.8113,4.49,15.35,4.01,197.84694,425.63822,290.1917,2.1514,conventional_oilfield_range
98.79,69.141,3.56,1.917,14.99,47.50142,235.57422,105.78332,4.9593,high_pressure_gas_CO2
102.41,1.7649,6.22,2.781,3.28,12.08618,9.76601,10.86433,1.2376,conventional_oilfield_range
49.88,4.236,5.15,1.41,19.66,1.25674,2.07346,1.61425,1.6499,conventional_oilfield_range
5.48,0.5232,5.84,53.548,18.89,0.71533,2.55134,1.35095,3.5666,conventional_oilfield_range
70.44,0.2314,5.8,49.699,9.31,8.62585,19.58796,12.99857,2.2708,conventional_oilfield_range
45.35,0.1777,5.87,5.871,7.76,0.5373,1.96845,1.02842,3.6636,conventional_oilfield_range
110.17,54.0455,5.36,128.692,15.33,1779.65092,1420.08946,1589.73693,1.2532,high_pressure_gas_CO2
54.6,3.6835,5.57,2.646,19.82,1.76585,2.83163,2.23612,1.6035,conventional_oilfield_range
54.33,1.4718,5.77,1.68,10.25,0.94975,1.56057,1.21744,1.6431,conventional_oilfield_range
32.57,8.1746,5.82,42.378,1.34,23.03873,34.49201,28.18957,1.4971,conventional_oilfield_range
100.27,54.7833,4.98,47.579,7.75,648.31998,812.47873,725.77282,1.2532,high_pressure_gas_CO2
11.08,2.2842,3.51,5.935,19.75,0.49106,6.02093,1.71949,12.2611,conventional_oilfield_range
65.25,32.5505,6.41,75.129,1.7,317.60239,137.04501,208.62844,2.3175,high_pressure_gas_CO2
86.4,0.2236,3.91,11.905,19.92,2.51093,19.46394,6.9909,7.7517,conventional_oilfield_range
95.62,0.1252,6.01,4.897,6.24,1.87505,2.74416,2.26835,1.4635,conventional_oilfield_range
129.51,0.1461,4.4,125.292,2.74,69.23287,412.97932,169.09094,5.9651,conventional_oilfield_range
27.19,1.0467,4.74,1.452,10.62,0.24574,1.42389,0.59153,5.7943,conventional_oilfield_range
48.47,0.117,6.44,5.167,14.24,0.38484,0.40902,0.39675,1.0628,conventional_oilfield_range
92.42,35.8682,4.59,1.611,5.28,24.68741,82.04415,45.00508,3.3233,high_pressure_gas_CO2
31.48,0.4334,5.9,3.19,5.53,0.34868,0.70703,0.49651,2.0277,conventional_oilfield_range
83.49,37.8232,5.93,15.651,11.55,115.69774,77.72666,94.83037,1.4885,high_pressure_gas_CO2
85.09,0.781,6.19,43.359,0.81,33.70022,31.37222,32.51539,1.0742,conventional_oilfield_range
100.4,0.6414,3.66,1.411,18.98,1.37799,11.46354,3.97449,8.3191,conventional_oilfield_range
74.16,2.5566,4.58,15.113,5.29,14.2457,56.59523,28.39434,3.9728,conventional_oilfield_range
120.15,0.1762,4.01,25.773,11.38,16.64533,80.0182,36.49561,4.8072,conventional_oilfield_range
7.44,0.4521,5.62,2.336,19.15,0.06111,0.21069,0.11347,3.4478,conventional_oilfield_range
148.5,0.1037,5.07,3.933,15.89,3.77578,9.39546,5.95611,2.4883,conventional_oilfield_range
84.4,0.1507,4.13,28.262,3.85,5.21954,48.53775,15.9168,9.2992,conventional_oilfield_range
63.66,5.9198,6.23,4.226,4.98,8.21203,6.90481,7.53011,1.1893,conventional_oilfield_range
65.93,8.8107,4.99,134.22,8.11,168.44247,419.77628,265.91005,2.4921,conventional_oilfield_range
23.59,0.3573,5.42,1.824,13.42,0.10133,0.4679,0.21774,4.6178,conventional_oilfield_range
149.73,17.1649,5.69,30.803,2.66,970.40727,948.69609,959.49027,1.0229,high_pressure_gas_CO2
88.31,9.0273,5.65,63.987,0.28,247.29784,277.09004,261.77045,1.1205,conventional_oilfield_range
25.94,14.8916,5.86,77.73,6.5,25.99573,60.42832,39.6343,2.3245,high_pressure_gas_CO2
103.65,2.1391,4.1,24.095,4.14,44.74803,333.46711,122.15562,7.4521,conventional_oilfield_range
129.43,9.7031,4.97,116.258,8.75,932.43237,1678.04401,1250.86472,1.7996,conventional_oilfield_range
28.0,22.0892,6.0,42.503,10.49,26.24286,36.44404,30.92565,1.3887,high_pressure_gas_CO2
46.65,0.7085,4.03,47.155,9.46,6.16113,53.3572,18.13121,8.6603,conventional_oilfield_range
70.89,0.8121,4.17,2.737,17.28,1.63055,5.56938,3.01349,3.4156,conventional_oilfield_range
44.1,2.7609,4.81,1.952,15.62,0.79908,3.12659,1.58064,3.9127,conventional_oilfield_range
148.04,4.5211,5.43,2.065,5.35,34.19618,45.10444,39.2734,1.319,conventional_oilfield_range
19.33,38.5485,5.05,4.732,8.07,7.08154,15.428,10.45246,2.1786,high_pressure_gas_CO2
20.53,49.6966,4.26,3.401,19.15,4.30653,13.07916,7.50505,3.0371,high_pressure_gas_CO2
88.29,59.3324,6.27,23.203,19.55,312.62112,100.59453,177.33577,3.1077,high_pressure_gas_CO2
52.47,11.7196,5.16,17.215,0.03,29.25023,66.88354,44.23075,2.2866,high_pressure_gas_CO2
49.42,19.6104,4.25,56.347,11.72,56.51893,232.60672,114.65899,4.1156,high_pressure_gas_CO2
144.29,4.9619,4.57,6.71,12.49,87.34873,148.00558,113.7018,1.6944,conventional_oilfield_range
129.38,1.1766,5.78,14.412,9.86,33.57825,52.79721,42.10508,1.5724,conventional_oilfield_range
105.01,0.204,6.19,3.187,17.33,1.68297,2.54366,2.06904,1.5114,conventional_oilfield_range
149.41,0.1651,5.54,132.956,8.83,130.68127,241.31239,177.581,1.8466,conventional_oilfield_range
36.68,0.1952,4.27,99.562,8.18,4.24264,35.08719,12.20091,8.2701,conventional_oilfield_range
134.02,47.7868,3.78,102.274,12.24,2771.98257,7327.96777,4506.99445,2.6436,high_pressure_gas_CO2
91.76,17.3482,6.31,3.349,9.52,28.27446,18.87633,23.10234,1.4979,high_pressure_gas_CO2
114.81,15.3459,6.28,11.623,19.85,106.81167,35.59407,61.65924,3.0008,high_pressure_gas_CO2
19.51,3.2442,4.19,17.895,0.0,2.76279,18.20901,7.09279,6.5908,conventional_oilfield_range
114.23,4.6651,3.99,40.543,19.61,91.83083,412.44087,194.61446,4.4913,conventional_oilfield_range
32.92,29.305,4.2,1.254,3.59,2.89885,11.83965,5.85845,4.0843,high_pressure_gas_CO2
47.77,0.1527,4.85,22.194,0.63,1.50161,7.5569,3.36861,5.0325,conventional_oilfield_range
58.16,18.6109,5.78,65.537,8.64,98.29136,94.91976,96.59085,1.0355,high_pressure_gas_CO2
28.06,1.3623,4.01,1.192,3.5,0.30441,2.41382,0.8572,7.9296,conventional_oilfield_range
17.3,0.2969,3.72,8.002,8.69,0.23584,4.30445,1.00755,18.2518,conventional_oilfield_range
108.49,13.841,6.15,14.296,18.02,65.26451,46.511,55.09553,1.4032,high_pressure_gas_CO2
89.91,0.9776,4.86,63.605,11.89,36.48418,110.36056,63.45404,3.0249,conventional_oilfield_range
70.11,0.3284,6.01,9.301,6.31,1.83027,3.57078,2.55646,1.951,conventional_oilfield_range
120.75,32.1271,4.09,4.397,15.45,92.06302,252.14459,152.35876,2.7388,high_pressure_gas_CO2
89.3,24.5361,3.88,1.309,14.74,9.57537,47.61648,21.35288,4.9728,high_pressure_gas_CO2
86.21,1.5269,5.45,35.51,16.33,28.35017,49.66257,37.52256,1.7518,conventional_oilfield_range
131.99,24.9361,4.22,1.29,17.17,36.47061,84.70259,55.58017,2.3225,high_pressure_gas_CO2
83.16,0.1781,5.08,1.598,5.22,0.46498,2.20634,1.01286,4.7451,conventional_oilfield_range
11.38,2.9616,6.01,2.014,15.8,0.22274,0.49075,0.33062,2.2032,conventional_oilfield_range
26.43,2.1235,4.77,23.951,1.6,4.02018,17.46224,8.37863,4.3436,conventional_oilfield_range
103.79,95.1165,4.51,1.18,0.23,90.828,119.19503,104.04925,1.3123,dense_phase_supercritical_CO2
8.51,26.8406,3.59,5.032,15.15,2.01139,15.88881,5.65319,7.8994,high_pressure_gas_CO2
16.98,0.3726,6.36,1.636,15.67,0.05345,0.14476,0.08797,2.708,conventional_oilfield_range
119.18,17.5961,5.31,36.737,19.77,267.6164,408.95176,330.82049,1.5281,high_pressure_gas_CO2
120.23,3.2513,4.37,4.322,3.19,26.91508,87.76771,48.60324,3.2609,conventional_oilfield_range
101.88,4.1691,4.36,13.69,15.36,46.3492,164.11774,87.21654,3.5409,conventional_oilfield_range
46.9,7.3277,3.63,6.694,0.81,7.45944,65.54958,22.11252,8.7875,conventional_oilfield_range
91.89,0.1019,4.28,3.424,6.91,0.92282,8.57336,2.81276,9.2904,conventional_oilfield_range
79.8,3.8914,4.72,16.794,4.72,33.00521,100.65527,57.63808,3.0497,conventional_oilfield_range
38.04,0.9224,5.48,6.265,16.43,0.86118,2.17791,1.36951,2.529,conventional_oilfield_range
11.07,13.8952,5.38,1.304,4.16,0.46656,2.20133,1.01344,4.7182,high_pressure_gas_CO2
85.95,7.1495,5.86,1.089,12.49,3.76462,3.72059,3.74254,1.0118,conventional_oilfield_range
139.07,0.3583,3.69,3.826,0.94,11.64361,80.84723,30.68149,6.9435,conventional_oilfield_range
126.06,0.2359,5.17,14.183,0.1,14.93332,37.91869,23.79605,2.5392,conventional_oilfield_range
129.26,0.3407,6.35,12.153,18.62,9.84909,10.70637,10.26879,1.087,conventional_oilfield_range
115.76,3.8456,3.69,3.826,3.1,34.71306,154.88957,73.32592,4.462,conventional_oilfield_range
94.77,0.7682,4.01,17.517,13.39,12.72853,66.77563,29.154,5.2461,conventional_oilfield_range
28.0,0.5347,4.76,36.328,7.37,1.96879,11.15691,4.68675,5.6669,conventional_oilfield_range
36.01,0.8487,5.83,1.509,17.47,0.23756,0.4782,0.33705,2.013,conventional_oilfield_range
147.42,1.4779,4.56,42.925,15.15,154.23328,374.71045,240.40138,2.4295,conventional_oilfield_range
63.48,0.4867,5.53,5.492,13.66,1.22767,5.65154,2.63405,4.6035,conventional_oilfield_range
137.16,0.1174,3.75,6.622,8.22,5.82135,57.00021,18.21588,9.7916,conventional_oilfield_range
88.48,27.8077,5.02,99.486,15.44,439.33179,578.41125,504.09765,1.3166,high_pressure_gas_CO2
85.63,3.1835,4.04,137.27,6.63,198.12732,783.67184,394.03908,3.9554,conventional_oilfield_range
125.6,0.153,5.56,1.207,13.74,1.63413,2.68808,2.09587,1.645,conventional_oilfield_range
39.63,56.164,4.13,46.218,7.1,97.68662,339.67845,182.15938,3.4772,high_pressure_gas_CO2
50.69,13.3855,4.68,3.04,2.83,7.24444,22.36579,12.72901,3.0873,high_pressure_gas_CO2
91.98,3.79,5.66,51.689,10.89,81.71056,107.53149,93.73611,1.316,conventional_oilfield_range
91.03,7.8095,4.09,2.963,8.1,14.71763,68.08635,31.65549,4.6262,conventional_oilfield_range
132.95,36.681,5.67,120.449,18.36,1584.1125,1071.81711,1303.02682,1.478,high_pressure_gas_CO2
114.97,0.9601,4.67,10.11,10.01,15.57513,66.31075,32.13718,4.2575,conventional_oilfield_range
130.28,47.3665,3.53,2.525,16.41,105.85602,344.91902,191.0805,3.2584,high_pressure_gas_CO2
20.48,21.672,3.84,1.898,11.94,1.62231,10.6307,4.15286,6.5528,high_pressure_gas_CO2
59.71,2.6111,5.61,3.752,5.67,3.81198,6.46438,4.96408,1.6958,conventional_oilfield_range
110.09,1.7641,3.51,22.464,4.27,44.36279,493.77912,148.0048,11.1305,conventional_oilfield_range
24.42,0.1492,4.43,1.427,2.46,0.04634,0.69242,0.17913,14.9413,conventional_oilfield_range
46.59,4.1466,4.18,7.31,9.55,5.08727,22.02496,10.58522,4.3294,conventional_oilfield_range
114.7,1.6666,4.01,37.429,18.83,48.53847,236.23499,107.08167,4.867,conventional_oilfield_range
15.66,2.2588,4.51,8.132,1.84,1.36836,7.09036,3.11484,5.1816,conventional_oilfield_range
129.31,0.7618,5.06,7.695,14.94,18.02178,28.03539,22.47771,1.5556,conventional_oilfield_range
117.81,1.0291,4.98,7.255,8.71,17.15722,37.92365,25.50812,2.2104,conventional_oilfield_range
105.58,0.2236,3.89,49.891,0.36,28.40813,206.79036,76.64547,7.2793,conventional_oilfield_range
148.59,3.6372,4.11,7.079,17.69,82.24115,230.71197,137.74621,2.8053,conventional_oilfield_range
8.95,0.2897,4.87,4.979,14.9,0.09944,0.86982,0.29411,8.7468,conventional_oilfield_range
36.7,49.2585,4.57,60.08,10.18,92.57566,327.91077,174.23133,3.5421,high_pressure_gas_CO2
75.38,34.8574,4.77,16.657,18.05,51.92665,103.90969,73.45531,2.0011,high_pressure_gas_CO2
125.55,0.7434,6.39,1.787,6.08,4.28248,4.13054,4.20582,1.0368,conventional_oilfield_range
147.85,21.9144,4.53,3.286,17.26,139.75189,153.57745,146.50167,1.0989,high_pressure_gas_CO2
81.65,1.6687,4.14,25.344,12.29,21.76258,116.41906,50.33467,5.3495,conventional_oilfield_range
58.73,11.8392,3.55,61.561,10.15,97.39964,546.92524,230.80365,5.6153,high_pressure_gas_CO2
14.4,0.738,5.22,108.283,14.29,2.32567,14.68226,5.84347,6.3131,conventional_oilfield_range
122.06,1.6165,5.29,17.638,18.85,29.80396,69.59581,45.54372,2.3351,conventional_oilfield_range
122.17,40.62,5.47,64.087,12.83,1141.24698,669.07563,873.83096,1.7057,high_pressure_gas_CO2
103.01,19.1979,6.06,1.567,10.44,27.36796,18.86438,22.72179,1.4508,high_pressure_gas_CO2
89.0,8.1345,5.21,2.088,11.31,9.53496,22.96254,14.79686,2.4082,conventional_oilfield_range
133.66,5.1103,5.88,73.207,19.07,353.57659,250.60883,297.67334,1.4109,conventional_oilfield_range
126.68,26.3774,4.17,49.946,15.53,570.82356,1824.24252,1020.45118,3.1958,high_pressure_gas_CO2
144.29,0.146,5.37,1.122,11.16,2.09389,4.84039,3.18359,2.3117,conventional_oilfield_range
71.29,1.7911,6.17,24.941,3.48,20.34711,28.28747,23.99101,1.3902,conventional_oilfield_range
149.23,0.4834,5.32,5.116,13.25,17.71103,21.72035,19.61351,1.2264,conventional_oilfield_range
135.29,3.636,5.47,16.639,0.35,154.5881,147.37944,150.94074,1.0489,conventional_oilfield_range
5.45,1.0816,4.72,27.798,19.63,0.7405,4.44892,1.81505,6.008,conventional_oilfield_range
67.95,0.123,5.91,50.842,8.12,4.59595,8.62235,6.29507,1.8761,conventional_oilfield_range
26.26,9.6107,3.78,15.783,11.46,5.18114,65.2539,18.38722,12.5945,conventional_oilfield_range
138.9,0.4466,5.19,57.53,1.97,120.83568,151.87327,135.46849,1.2569,conventional_oilfield_range
116.14,26.4057,4.44,5.408,18.48,105.33488,209.10445,148.41157,1.9851,high_pressure_gas_CO2
117.7,1.5704,3.95,18.997,15.46,42.65808,171.44282,85.51854,4.019,conventional_oilfield_range
135.35,36.6362,6.0,2.277,15.05,121.41817,46.96791,75.51661,2.5851,high_pressure_gas_CO2
79.52,6.3267,6.22,7.033,19.97,18.56272,14.93102,16.64813,1.2432,conventional_oilfield_range
61.14,0.4038,3.74,2.635,12.24,0.76287,5.45318,2.03963,7.1482,conventional_oilfield_range
8.7,68.5536,4.63,1.324,12.97,1.61137,5.86751,3.07485,3.6413,high_pressure_gas_CO2
15.61,16.3377,3.66,7.716,3.54,3.3831,33.9798,10.72181,10.044,high_pressure_gas_CO2
89.46,2.1377,4.73,2.054,14.6,3.92651,13.32884,7.23435,3.3946,conventional_oilfield_range
7.44,3.0606,4.83,4.098,3.25,0.46698,2.47784,1.07569,5.3061,conventional_oilfield_range
25.26,1.6205,6.09,28.908,11.93,2.44072,6.81847,4.07946,2.7936,conventional_oilfield_range
18.35,41.4329,5.67,62.728,18.46,41.5459,35.49398,38.4009,1.1705,high_pressure_gas_CO2
86.99,62.7271,3.7,49.253,0.45,819.47499,2151.31663,1327.76134,2.6252,high_pressure_gas_CO2
43.11,81.45,4.1,9.72,1.78,58.51473,233.17468,116.80819,3.9849,dense_phase_supercritical_CO2
56.89,61.9203,4.11,98.38,8.03,224.93589,1286.00041,537.83608,5.7172,high_pressure_gas_CO2
72.32,0.4119,6.49,94.428,13.56,17.99582,20.33403,19.12923,1.1299,conventional_oilfield_range
60.08,0.4535,4.77,62.465,19.59,6.11075,39.7455,15.58444,6.5042,conventional_oilfield_range
84.19,84.9766,4.63,2.596,8.95,65.63966,83.47962,74.02414,1.2718,dense_phase_supercritical_CO2
49.53,5.9933,5.68,2.329,11.58,3.4158,4.5466,3.94085,1.3311,conventional_oilfield_range
47.63,0.1346,5.95,8.674,5.7,0.72073,1.76482,1.12781,2.4487,conventional_oilfield_range
103.9,31.3329,4.7,14.535,18.55,185.62266,212.73346,198.71626,1.1461,high_pressure_gas_CO2
77.45,3.4687,6.25,1.457,16.68,2.03309,1.80362,1.91492,1.1272,conventional_oilfield_range
134.67,5.8476,5.98,1.67,3.87,17.78996,19.42486,18.58944,1.0919,conventional_oilfield_range
29.88,4.3489,5.7,11.725,14.62,2.64259,5.86499,3.93684,2.2194,conventional_oilfield_range
66.77,30.1301,6.12,14.918,17.53,51.24816,33.05171,41.15628,1.5505,high_pressure_gas_CO2
103.82,0.9022,3.59,3.149,15.01,4.6755,34.98566,12.78966,7.4828,conventional_oilfield_range
118.91,5.8322,5.66,8.568,13.61,66.81935,54.79924,60.51157,1.2193,conventional_oilfield_range
106.52,1.6143,6.31,3.262,8.1,9.26751,6.75035,7.90942,1.3729,conventional_oilfield_range
119.9,1.2453,3.51,15.012,1.69,46.1493,281.49801,113.97779,6.0997,conventional_oilfield_range
96.23,0.9631,3.98,144.215,13.57,83.43211,496.91501,203.61401,5.9559,conventional_oilfield_range
53.58,92.6019,6.31,31.219,8.1,162.17788,98.88693,126.63836,1.64,dense_phase_supercritical_CO2
99.44,64.7443,3.72,17.447,6.55,301.26886,1334.25476,634.01058,4.4288,high_pressure_gas_CO2
91.15,0.1313,5.27,47.994,5.37,8.08152,36.48023,17.1702,4.514,conventional_oilfield_range
46.88,4.367,3.55,2.211,17.84,1.6086,13.89162,4.72716,8.6358,conventional_oilfield_range
9.92,6.5388,5.69,27.622,10.85,4.37718,8.74187,6.18585,1.9971,conventional_oilfield_range
105.25,3.3272,4.38,1.918,17.65,5.89631,29.20425,13.1224,4.953,conventional_oilfield_range
79.27,7.7366,5.44,4.141,9.04,11.35325,19.28376,14.7964,1.6985,conventional_oilfield_range
122.49,54.7969,5.59,9.131,7.14,404.40512,335.99224,368.61495,1.2036,high_pressure_gas_CO2
63.24,1.4842,4.09,47.168,13.13,21.13111,114.0964,49.10177,5.3995,conventional_oilfield_range
44.86,21.9151,6.39,1.374,12.56,3.78032,2.37443,2.99601,1.5921,high_pressure_gas_CO2
82.17,1.4237,3.95,22.756,18.31,10.49429,87.79294,30.35333,8.3658,conventional_oilfield_range
27.32,31.7881,4.46,17.996,9.88,16.22422,48.7529,28.12433,3.0049,high_pressure_gas_CO2
82.16,11.0838,3.5,25.143,13.65,73.79503,370.55272,165.36309,5.0214,high_pressure_gas_CO2
105.85,44.5719,5.49,77.337,15.11,669.86564,865.58782,761.46408,1.2922,high_pressure_gas_CO2
53.12,2.3437,3.61,29.143,3.36,15.26217,126.75295,43.98324,8.305,conventional_oilfield_range
113.24,36.0948,4.3,2.496,10.47,55.35238,148.45285,90.64888,2.682,high_pressure_gas_CO2
25.35,30.1582,5.33,2.536,4.93,4.44534,6.80109,5.49847,1.5299,high_pressure_gas_CO2
112.21,34.692,5.87,64.095,4.44,1218.21648,583.55273,843.14504,2.0876,high_pressure_gas_CO2
135.72,5.2214,3.81,7.605,5.21,75.80642,245.33403,136.3741,3.2363,conventional_oilfield_range
32.06,19.2528,5.67,106.775,3.56,82.68379,109.3596,95.09083,1.3226,high_pressure_gas_CO2
145.45,0.3278,6.34,3.036,13.89,5.67937,6.92332,6.27057,1.219,conventional_oilfield_range
104.53,0.2026,6.08,110.818,2.12,40.16974,51.53176,45.49745,1.2829,conventional_oilfield_range
8.72,8.6589,5.06,120.478,18.99,9.35809,39.84389,19.30965,4.2577,conventional_oilfield_range
51.46,2.9061,5.54,62.37,4.48,29.52586,72.18258,46.1655,2.4447,conventional_oilfield_range
22.4,10.6238,5.04,18.011,18.53,5.49257,18.3259,10.03276,3.3365,high_pressure_gas_CO2
75.22,0.1383,5.06,34.156,11.64,4.05426,18.35916,8.62744,4.5284,conventional_oilfield_range
126.59,0.4271,4.42,5.102,9.07,8.11771,41.06975,18.25904,5.0593,conventional_oilfield_range
20.55,15.3744,4.6,84.768,16.35,14.68133,100.42674,38.39789,6.8404,high_pressure_gas_CO2
81.06,0.5181,4.78,71.297,0.92,32.65058,110.51189,60.06893,3.3847,conventional_oilfield_range
127.76,12.3418,5.43,1.728,19.01,26.24214,24.69143,25.45498,1.0628,high_pressure_gas_CO2
56.31,2.3437,5.35,115.579,2.44,40.65565,104.72437,65.25057,2.5759,conventional_oilfield_range
13.72,15.7582,3.89,10.97,5.43,5.25311,46.32378,15.59948,8.8184,high_pressure_gas_CO2
81.38,37.0988,4.54,2.261,2.74,25.98895,89.91487,48.34038,3.4597,high_pressure_gas_CO2
122.36,1.9251,3.68,5.082,15.46,12.81729,99.15792,35.65019,7.7363,conventional_oilfield_range
70.22,2.1213,4.4,2.316,9.85,2.42346,13.92356,5.80889,5.7453,conventional_oilfield_range
112.42,10.1846,5.12,5.481,11.77,68.21529,66.6849,67.44576,1.0229,high_pressure_gas_CO2
51.01,13.7413,5.34,2.437,2.58,8.64331,9.90645,9.25335,1.1461,high_pressure_gas_CO2
145.31,27.3687,4.78,5.286,2.72,333.78507,259.56496,294.34488,1.2859,high_pressure_gas_CO2
11.22,25.4018,4.62,3.159,12.95,1.58548,11.07703,4.19076,6.9865,high_pressure_gas_CO2
24.01,42.8662,6.15,63.066,15.99,40.30889,39.73108,40.01894,1.0145,high_pressure_gas_CO2
5.81,1.0466,3.6,2.78,12.66,0.11128,2.38254,0.5149,21.411,conventional_oilfield_range
19.55,0.8124,6.05,13.867,7.66,0.51359,1.59557,0.90525,3.1067,conventional_oilfield_range
76.14,3.1532,6.05,143.001,4.44,102.66172,157.91227,127.32456,1.5382,conventional_oilfield_range
68.95,70.5298,5.43,2.117,0.13,27.32206,40.53044,33.27725,1.4834,high_pressure_gas_CO2
112.12,0.3185,4.61,2.852,19.17,1.6142,8.55195,3.71545,5.2979,conventional_oilfield_range
30.07,4.2667,5.95,40.168,3.81,11.88637,19.99659,15.4171,1.6823,conventional_oilfield_range
25.77,33.3811,3.52,4.607,1.85,6.38519,57.37935,19.141,8.9863,high_pressure_gas_CO2
18.03,0.5423,4.29,2.231,14.35,0.11012,1.28666,0.37641,11.6843,conventional_oilfield_range
28.93,2.6001,5.06,1.547,9.12,0.51024,1.28405,0.80943,2.5165,conventional_oilfield_range
74.61,0.9174,5.74,6.171,12.55,2.95079,6.43221,4.35661,2.1798,conventional_oilfield_range
130.1,67.0522,4.48,22.19,10.22,922.90937,1037.67001,978.6089,1.1243,high_pressure_gas_CO2
70.77,49.9982,5.16,38.688,7.85,201.70348,306.69303,248.71882,1.5205,high_pressure_gas_CO2
68.73,0.2306,4.91,1.373,13.75,0.36704,2.09005,0.87586,5.6944,conventional_oilfield_range
110.6,59.8942,5.47,126.898,19.13,1718.62584,1116.16997,1385.01933,1.5398,high_pressure_gas_CO2
30.02,5.3696,5.2,21.771,14.82,7.69437,12.6274,9.85697,1.6411,conventional_oilfield_range
111.26,25.0155,5.47,18.767,12.81,233.34873,268.52699,250.32065,1.1508,high_pressure_gas_CO2
39.29,0.316,5.46,33.778,4.89,1.64997,7.35544,3.48372,4.4579,conventional_oilfield_range
34.46,4.6541,4.42,8.116,9.78,2.68804,14.14895,6.16709,5.2637,conventional_oilfield_range
132.96,0.4535,5.92,4.273,18.84,5.88219,7.54918,6.66376,1.2834,conventional_oilfield_range
41.81,27.0577,5.82,21.382,14.5,28.77334,39.18553,33.57825,1.3619,high_pressure_gas_CO2
124.61,38.1806,4.82,2.55,3.49,118.66417,154.1345,135.24142,1.2989,high_pressure_gas_CO2
40.74,50.4914,4.91,14.022,9.95,37.13091,83.37655,55.64033,2.2455,high_pressure_gas_CO2
134.83,0.9564,5.24,16.404,18.3,34.60279,67.83216,48.44772,1.9603,conventional_oilfield_range
122.79,18.1237,3.8,53.229,7.94,722.57609,1604.45281,1076.72616,2.2205,high_pressure_gas_CO2
84.46,0.331,6.15,3.779,11.08,1.22602,1.90906,1.52989,1.5571,conventional_oilfield_range
133.3,3.5964,5.02,17.299,6.99,129.67967,268.96624,186.76042,2.0741,conventional_oilfield_range
107.22,1.3079,5.04,2.522,12.75,5.43612,13.64565,8.61275,2.5102,conventional_oilfield_range
126.49,17.8575,6.49,47.041,4.04,699.50721,341.59014,488.81977,2.0478,high_pressure_gas_CO2
138.77,8.6342,5.94,72.604,11.48,720.09941,479.7778,587.78202,1.5009,conventional_oilfield_range
126.1,0.3083,4.13,38.38,17.97,26.8054,138.33082,60.89346,5.1606,conventional_oilfield_range
26.64,5.3897,5.84,38.729,11.74,8.19137,16.93004,11.77626,2.0668,conventional_oilfield_range
48.9,2.7159,5.46,39.743,3.86,15.19319,35.78395,23.31679,2.3553,conventional_oilfield_range
5.71,1.765,4.91,2.87,11.87,0.27247,1.55855,0.65165,5.7201,conventional_oilfield_range
26.05,0.1397,3.95,2.139,4.14,0.10511,1.72948,0.42636,16.4541,conventional_oilfield_range
106.56,2.4046,4.9,27.329,1.07,61.47527,149.2771,95.79587,2.4282,conventional_oilfield_range
17.94,0.2178,4.71,1.913,3.61,0.09147,0.85702,0.27999,9.3691,conventional_oilfield_range
69.74,14.757,5.49,103.285,15.2,187.50174,220.97354,203.55079,1.1785,high_pressure_gas_CO2
95.33,15.4541,3.61,17.558,8.63,101.69215,672.6561,261.54129,6.6146,high_pressure_gas_CO2
100.75,2.3229,6.13,58.26,15.53,100.71263,87.50417,93.87638,1.1509,conventional_oilfield_range
45.9,0.2002,4.35,52.331,13.66,2.27691,20.85854,6.89152,9.1609,conventional_oilfield_range
53.89,0.1062,5.49,137.052,3.0,6.14554,26.73575,12.81817,4.3504,conventional_oilfield_range
126.8,5.9457,5.6,6.281,19.35,40.43163,30.67868,35.21916,1.3179,conventional_oilfield_range
14.57,16.8398,5.47,56.564,4.29,15.27099,34.66098,23.00668,2.2697,high_pressure_gas_CO2
23.59,12.125,4.99,1.089,1.94,1.02875,3.14747,1.79943,3.0595,high_pressure_gas_CO2
44.94,1.8689,4.58,5.138,7.33,1.71522,15.0197,5.07564,8.7567,conventional_oilfield_range
35.74,0.1205,6.32,85.623,15.57,2.76455,4.21553,3.4138,1.5248,conventional_oilfield_range
139.88,1.8509,4.59,2.251,4.62,17.609,48.18613,29.12919,2.7364,conventional_oilfield_range
91.86,0.153,5.66,125.239,8.62,23.12959,51.01409,34.35018,2.2056,conventional_oilfield_range
38.09,0.2396,4.34,25.982,18.02,0.91747,10.81571,3.1501,11.7886,conventional_oilfield_range
130.29,30.4301,5.55,24.954,4.44,647.8456,441.83841,535.01689,1.4663,high_pressure_gas_CO2
41.21,0.2366,5.35,94.591,8.11,2.8901,18.625,7.33676,6.4444,conventional_oilfield_range
97.78,1.2756,6.18,4.686,1.3,7.49002,10.70464,8.95421,1.4292,conventional_oilfield_range
149.72,1.3059,4.78,2.373,4.92,17.63355,43.55922,27.71468,2.4702,conventional_oilfield_range
126.33,0.5666,4.8,1.74,11.1,4.35136,8.75851,6.17345,2.0128,conventional_oilfield_range
79.56,0.1307,3.58,96.258,15.85,8.33512,117.15513,31.24903,14.0556,conventional_oilfield_range
62.8,19.5134,3.77,2.25,10.33,7.0933,43.97866,17.66222,6.2,high_pressure_gas_CO2
122.79,10.2467,4.84,2.101,0.61,37.17353,42.45252,39.72543,1.142,high_pressure_gas_CO2
107.12,2.4568,4.09,1.237,9.06,5.51576,29.05568,12.65955,5.2678,conventional_oilfield_range
38.23,0.1734,3.64,78.289,7.22,2.37088,47.29817,10.58955,19.9496,conventional_oilfield_range
48.53,25.2976,4.02,34.049,0.5,63.05019,320.11273,142.06748,5.0771,high_pressure_gas_CO2
82.1,3.8403,4.57,8.449,8.59,16.8143,57.58989,31.11806,3.4251,conventional_oilfield_range
22.47,0.1038,4.1,28.858,17.44,0.34096,6.32621,1.46866,18.5544,conventional_oilfield_range
124.27,57.3282,4.82,3.574,8.75,128.39627,255.39927,181.08648,1.9891,high_pressure_gas_CO2
16.45,5.6943,5.07,64.219,13.99,7.30478,30.84141,15.00965,4.2221,conventional_oilfield_range
147.07,1.6179,4.78,4.741,6.61,26.9495,64.71683,41.76226,2.4014,conventional_oilfield_range
120.29,0.1418,5.27,28.213,2.49,16.61528,45.95216,27.63165,2.7657,conventional_oilfield_range
99.99,5.7108,5.13,111.877,1.36,331.88274,453.27455,387.85822,1.3658,conventional_oilfield_range
129.4,7.8203,4.31,1.015,4.99,21.52544,52.03548,33.4677,2.4174,conventional_oilfield_range
118.75,0.1339,5.33,12.361,16.16,4.84884,19.12574,9.63004,3.9444,conventional_oilfield_range
124.15,61.3456,4.69,20.842,19.79,417.14777,550.77357,479.32658,1.3203,high_pressure_gas_CO2
33.81,5.9014,5.56,58.967,7.64,16.56704,39.89911,25.71012,2.4083,conventional_oilfield_range
64.58,1.3996,3.8,2.956,5.73,2.73086,19.82839,7.35857,7.2609,conventional_oilfield_range
43.6,0.5011,4.02,5.028,3.66,0.8079,5.40824,2.09029,6.6942,conventional_oilfield_range
102.11,6.1005,5.25,96.5,19.91,193.29324,307.01338,243.60544,1.5883,conventional_oilfield_range
108.17,54.1019,4.0,8.658,19.76,145.10165,377.14793,233.9333,2.5992,high_pressure_gas_CO2
72.75,3.5214,5.96,15.007,3.43,22.44621,26.52469,24.40038,1.1817,conventional_oilfield_range
27.96,9.91,3.58,55.969,12.56,24.6612,222.48472,74.07253,9.0217,conventional_oilfield_range
140.79,67.7864,5.9,3.25,13.69,221.85703,83.18845,135.85265,2.6669,high_pressure_gas_CO2
91.34,45.1703,5.84,9.466,2.93,214.49982,145.80912,176.8503,1.4711,high_pressure_gas_CO2
144.57,15.5909,5.11,23.022,19.29,428.28085,361.86785,393.67635,1.1835,high_pressure_gas_CO2
123.22,35.8263,6.41,104.611,17.88,1273.64498,564.6593,848.04215,2.2556,high_pressure_gas_CO2
114.89,2.2588,6.14,5.954,10.26,26.75035,16.40367,20.94764,1.6308,conventional_oilfield_range
68.85,3.3155,4.81,1.059,3.45,2.27364,5.85414,3.64831,2.5748,conventional_oilfield_range
11.79,2.648,4.92,1.599,16.85,0.19055,0.8259,0.3967,4.3344,conventional_oilfield_range
17.34,6.1241,3.77,25.704,1.68,6.95215,83.82463,24.14046,12.0574,conventional_oilfield_range
102.78,5.906,5.87,20.204,8.47,90.6367,73.59878,81.67467,1.2315,conventional_oilfield_range
110.3,1.5008,6.33,28.746,16.96,40.176,31.56611,35.6118,1.2728,conventional_oilfield_range
11.25,1.1586,5.64,3.655,15.81,0.20422,0.59773,0.34938,2.9269,conventional_oilfield_range
56.42,0.1355,6.2,24.99,3.54,1.89156,6.22006,3.43011,3.2883,conventional_oilfield_range
105.18,4.7268,4.5,6.626,2.14,45.8437,94.21128,65.71905,2.0551,conventional_oilfield_range
129.55,9.4601,5.42,2.486,12.8,51.2994,29.94678,39.19505,1.713,conventional_oilfield_range
106.79,0.7065,5.33,6.84,4.97,10.10887,27.22737,16.59029,2.6934,conventional_oilfield_range
8.72,2.2865,4.44,1.383,0.23,0.17811,1.61402,0.53617,9.0617,conventional_oilfield_range
25.64,87.8373,4.57,45.075,16.51,41.61057,183.25614,87.32349,4.4041,dense_phase_liquid_CO2
23.13,3.2181,5.22,52.202,4.44,6.35143,27.314,13.17129,4.3004,conventional_oilfield_range
77.76,6.9541,6.14,1.991,5.17,4.36544,7.16219,5.59161,1.6407,conventional_oilfield_range
114.17,2.1653,5.23,8.407,12.46,29.34027,46.96605,37.12138,1.6007,conventional_oilfield_range
36.1,30.8382,5.26,44.322,14.5,34.02298,104.32878,59.57832,3.0664,high_pressure_gas_CO2
91.96,27.8349,6.5,79.436,14.29,476.36316,218.89186,322.91178,2.1762,high_pressure_gas_CO2
109.36,48.2311,4.53,136.387,0.88,2257.82964,5038.09835,3372.70926,2.2314,high_pressure_gas_CO2
18.69,0.9939,5.99,1.116,3.31,0.157,0.3346,0.2292,2.1312,conventional_oilfield_range
48.8,0.2716,3.87,1.629,6.36,0.28978,3.23643,0.96843,11.1684,conventional_oilfield_range
46.93,0.1216,5.2,7.498,1.26,0.54314,2.24002,1.10302,4.1242,conventional_oilfield_range
137.18,17.481,5.82,1.887,5.17,50.70714,41.63816,45.94945,1.2178,high_pressure_gas_CO2
96.42,4.3663,6.37,38.675,17.33,57.6997,53.31359,55.4633,1.0823,conventional_oilfield_range
19.05,0.1733,4.31,13.335,19.91,0.20636,1.80645,0.61055,8.754,conventional_oilfield_range
95.27,57.194,5.38,115.123,10.92,977.58137,955.71416,966.58593,1.0229,high_pressure_gas_CO2
121.69,0.5584,6.43,7.267,12.37,7.56998,10.7863,9.03615,1.4249,conventional_oilfield_range
60.27,0.8651,6.18,1.572,6.81,0.81165,1.40274,1.06702,1.7282,conventional_oilfield_range
100.69,0.2148,5.34,37.322,13.59,15.43513,34.74609,23.15837,2.2511,conventional_oilfield_range
74.27,1.2132,5.59,6.763,13.9,4.14836,8.79827,6.04139,2.1209,conventional_oilfield_range
16.4,11.1763,3.69,64.811,10.76,13.94786,101.54524,37.63428,7.2803,high_pressure_gas_CO2
35.04,0.8773,4.73,34.964,2.52,3.6519,24.26391,9.41326,6.6442,conventional_oilfield_range
59.0,0.147,4.96,1.279,11.88,0.16064,0.82383,0.36379,5.1283,conventional_oilfield_range
24.7,3.8999,5.24,2.451,5.87,0.70942,3.0761,1.47724,4.3361,conventional_oilfield_range
130.45,22.7275,5.72,16.276,8.7,332.39286,246.94736,286.50225,1.346,high_pressure_gas_CO2
119.43,0.6115,3.54,52.506,6.21,55.69979,555.42696,175.88964,9.9718,conventional_oilfield_range
114.66,1.0465,6.18,17.499,15.65,24.27181,27.94433,26.04342,1.1513,conventional_oilfield_range
37.01,22.0688,5.92,1.156,2.62,2.86877,2.83927,2.85398,1.0104,high_pressure_gas_CO2
120.84,42.4284,5.85,72.279,3.69,1241.80564,1084.256,1160.35995,1.1453,high_pressure_gas_CO2
12.86,1.5469,4.5,21.066,4.58,1.87669,13.19886,4.97697,7.033,conventional_oilfield_range
102.91,0.3025,4.06,2.402,5.88,3.04803,13.75918,6.47599,4.5141,conventional_oilfield_range
67.09,44.0618,5.58,10.749,8.02,66.6109,54.65591,60.33804,1.2187,high_pressure_gas_CO2
61.57,0.2046,4.03,34.927,2.0,3.15044,62.85729,14.07224,19.9519,conventional_oilfield_range
77.99,74.0689,5.1,13.341,7.76,210.0958,230.13507,219.88727,1.0954,dense_phase_supercritical_CO2
147.02,0.1109,4.92,13.288,7.92,11.09603,23.45609,16.13287,2.1139,conventional_oilfield_range
23.54,42.0588,4.02,19.766,18.84,9.83703,85.68836,29.03306,8.7108,high_pressure_gas_CO2
6.97,25.4532,4.84,145.715,8.17,29.93284,140.54411,64.86049,4.6953,high_pressure_gas_CO2
122.74,0.1692,5.69,100.222,1.07,49.93449,101.13462,71.0641,2.0253,conventional_oilfield_range
115.16,2.73,4.18,5.653,11.77,18.12331,103.74305,43.3609,5.7243,conventional_oilfield_range
11.97,4.5954,6.42,24.156,7.37,2.91987,5.69206,4.07677,1.9494,conventional_oilfield_range
49.92,0.2345,5.17,43.115,10.07,3.42558,12.11157,6.44121,3.5356,conventional_oilfield_range
114.1,70.8061,3.64,29.556,8.58,761.29019,3026.82267,1517.98894,3.9759,high_pressure_gas_CO2
99.57,1.0366,3.94,2.681,17.6,4.89751,27.82426,11.67346,5.6813,conventional_oilfield_range
27.35,13.765,4.84,47.32,12.3,17.9344,40.70589,27.01918,2.2697,high_pressure_gas_CO2
103.91,7.284,5.95,1.53,8.77,13.02154,7.77824,10.06403,1.6741,conventional_oilfield_range
40.22,0.7593,5.42,41.231,9.79,6.33185,15.70814,9.97304,2.4808,conventional_oilfield_range
85.49,1.3757,4.01,1.44,9.49,2.0973,10.23314,4.63271,4.8792,conventional_oilfield_range
13.81,34.7044,5.32,6.953,4.94,5.7962,12.74352,8.59441,2.1986,high_pressure_gas_CO2
97.12,0.1258,5.33,53.12,4.59,12.40538,31.55839,19.7862,2.5439,conventional_oilfield_range
26.0,7.454,4.19,69.956,17.62,19.00325,92.4905,41.92398,4.8671,conventional_oilfield_range
130.17,23.095,5.72,13.184,14.3,214.0946,199.52924,206.68366,1.073,high_pressure_gas_CO2
46.56,51.8811,6.03,5.643,3.44,23.01885,31.03666,26.72879,1.3483,high_pressure_gas_CO2
143.55,0.6095,4.78,62.68,4.21,118.71415,356.6327,205.76042,3.0041,conventional_oilfield_range
14.56,6.4314,4.15,34.137,11.05,6.59258,42.60954,16.76027,6.4633,conventional_oilfield_range
114.57,25.1976,5.51,3.344,11.92,73.17994,67.66517,70.36855,1.0815,high_pressure_gas_CO2
77.84,9.6208,6.12,39.826,16.08,62.65995,58.32105,60.45159,1.0744,conventional_oilfield_range
90.02,3.4952,3.97,85.034,13.81,184.80994,677.17844,353.76448,3.6642,conventional_oilfield_range
50.6,5.4491,3.9,11.043,5.48,8.87985,68.72924,24.70436,7.7399,conventional_oilfield_range
59.64,0.1286,3.77,38.561,11.96,2.49169,28.72331,8.45987,11.5277,conventional_oilfield_range
41.63,0.6359,6.21,64.525,12.97,4.95282,9.24867,6.76809,1.8674,conventional_oilfield_range
39.14,5.0587,3.81,132.862,19.71,24.59178,193.1762,68.92421,7.8553,conventional_oilfield_range
61.83,28.2315,6.33,17.097,19.67,32.08051,26.37699,29.0893,1.2162,high_pressure_gas_CO2
12.16,5.4228,6.27,2.318,2.42,0.5911,0.95039,0.74952,1.6078,conventional_oilfield_range
38.35,46.4399,3.55,31.998,7.72,51.67172,402.4093,144.19841,7.7878,high_pressure_gas_CO2
136.96,3.3402,5.39,28.919,11.16,179.21077,171.16052,175.1394,1.047,conventional_oilfield_range
61.0,0.108,3.75,4.395,7.45,0.48809,5.74911,1.67514,11.7787,conventional_oilfield_range
138.0,0.5078,5.16,104.863,13.0,122.80741,253.7421,176.52595,2.0662,conventional_oilfield_range
79.0,0.1387,4.95,8.25,15.02,1.55819,4.93615,2.77335,3.1679,conventional_oilfield_range
33.27,0.8472,6.1,19.102,16.64,1.57602,3.06648,2.19837,1.9457,conventional_oilfield_range
33.79,20.8585,3.55,65.719,8.09,51.37296,471.62559,155.65605,9.1804,high_pressure_gas_CO2
123.26,67.6667,6.36,19.066,8.75,716.90641,256.44792,428.77635,2.7955,high_pressure_gas_CO2
104.91,2.0311,6.42,28.483,8.44,58.32905,42.40924,49.73621,1.3754,conventional_oilfield_range
98.86,56.0299,4.4,1.543,1.81,69.27019,64.18558,66.67944,1.0792,high_pressure_gas_CO2
37.6,0.7024,5.92,15.09,2.01,1.52727,3.70523,2.37885,2.426,conventional_oilfield_range
90.76,20.7624,4.91,13.729,0.3,128.78618,157.46976,142.40762,1.2227,high_pressure_gas_CO2
67.33,4.4127,4.38,2.025,10.69,2.72938,12.87812,5.92868,4.7183,conventional_oilfield_range
28.1,6.6191,5.85,14.089,10.8,3.83086,7.93565,5.51365,2.0715,conventional_oilfield_range
97.12,0.2264,5.09,30.505,12.82,9.89092,29.70743,17.14158,3.0035,conventional_oilfield_range
9.44,25.6184,4.79,6.165,16.88,1.46592,7.41286,3.29646,5.0568,high_pressure_gas_CO2
8.39,6.0828,3.88,112.885,2.65,14.60411,106.70216,39.47519,7.3063,conventional_oilfield_range
56.98,35.3029,5.39,18.042,16.62,46.14646,66.63934,55.45421,1.4441,high_pressure_gas_CO2
146.78,4.5697,3.52,113.078,17.95,574.22297,3202.8355,1356.14959,5.5777,conventional_oilfield_range
15.56,2.4152,4.51,4.831,19.15,0.35685,3.355,1.09419,9.4016,conventional_oilfield_range
107.38,10.3013,3.91,4.424,12.04,37.30994,129.18704,69.42594,3.4625,high_pressure_gas_CO2
102.58,31.9416,5.15,4.074,12.17,44.73966,61.39282,52.40891,1.3722,high_pressure_gas_CO2
68.18,0.3397,3.92,112.748,6.69,14.93387,150.3601,47.38626,10.0684,conventional_oilfield_range
122.62,44.1494,6.24,3.76,14.63,115.85704,55.60309,80.26213,2.0836,high_pressure_gas_CO2
124.38,1.0961,4.38,11.424,16.7,20.40116,110.99228,47.58541,5.4405,conventional_oilfield_range
23.33,34.2583,3.92,68.841,7.34,51.53528,228.12785,108.42801,4.4266,high_pressure_gas_CO2
7.62,15.957,3.69,7.395,18.51,1.74307,14.90771,5.09757,8.5526,high_pressure_gas_CO2
142.84,2.3882,4.13,1.977,16.95,13.26807,51.98008,26.26167,3.9177,conventional_oilfield_range
28.63,4.786,4.48,37.087,15.75,7.73113,40.3608,17.6645,5.2206,conventional_oilfield_range
80.42,68.5424,5.95,2.499,13.78,34.58645,20.72649,26.77416,1.6687,high_pressure_gas_CO2
24.76,1.8157,4.67,107.742,18.48,7.02934,34.51551,15.5763,4.9102,conventional_oilfield_range
74.81,0.1502,4.55,16.748,13.96,2.41001,13.76986,5.76069,5.7136,conventional_oilfield_range
88.28,83.9796,5.33,68.592,17.72,826.982,773.03578,799.55405,1.0698,dense_phase_supercritical_CO2
17.5,0.3612,3.74,82.263,14.88,1.56959,38.46425,7.77001,24.5059,conventional_oilfield_range
120.12,0.1445,5.21,2.719,0.66,3.19693,8.12788,5.09747,2.5424,conventional_oilfield_range
50.52,0.1107,6.37,3.614,14.01,0.24629,0.45519,0.33482,1.8482,conventional_oilfield_range
78.11,22.6789,5.19,5.153,5.86,36.67034,48.55435,42.19602,1.3241,high_pressure_gas_CO2
87.29,2.5408,5.28,17.664,17.3,18.845,41.71138,28.0366,2.2134,conventional_oilfield_range
42.28,74.0712,5.8,7.937,14.65,32.48478,23.06104,27.37029,1.4086,dense_phase_supercritical_CO2
79.63,0.2653,4.92,56.398,16.22,13.08224,46.48588,24.66048,3.5534,conventional_oilfield_range
110.18,0.163,4.27,1.255,7.04,0.82399,5.67138,2.16174,6.8829,conventional_oilfield_range
37.16,0.3544,4.9,4.424,19.42,0.30289,1.26356,0.61864,4.1717,conventional_oilfield_range
68.49,3.733,6.14,3.361,17.43,4.35315,4.90329,4.62004,1.1264,conventional_oilfield_range
63.82,0.6592,5.14,1.215,8.59,0.64966,2.49699,1.27365,3.8436,conventional_oilfield_range
148.51,97.5815,6.17,106.128,10.07,3896.86543,1839.43798,2677.31998,2.1185,dense_phase_supercritical_CO2
51.1,0.4826,6.26,54.459,12.61,6.38209,8.19973,7.23404,1.2848,conventional_oilfield_range
25.0,0.1388,4.5,9.321,8.89,0.23142,2.73109,0.795,11.8014,conventional_oilfield_range
57.22,7.2381,4.56,6.203,7.94,9.16216,36.05484,18.17526,3.9352,conventional_oilfield_range
124.57,6.0562,5.12,5.313,15.31,49.28084,70.1228,58.78529,1.4229,conventional_oilfield_range
106.48,15.5546,5.5,20.223,17.79,139.04901,140.76189,139.90283,1.0123,high_pressure_gas_CO2
19.52,21.7134,6.32,1.608,19.73,1.07702,1.06117,1.06906,1.0149,high_pressure_gas_CO2
47.77,67.1875,5.55,1.311,14.05,6.80935,8.48488,7.60108,1.2461,high_pressure_gas_CO2
108.98,1.2967,4.2,60.133,18.64,59.90197,250.986,122.61548,4.1899,conventional_oilfield_range
30.68,0.1005,3.75,1.969,8.75,0.06155,1.84712,0.33717,30.0122,conventional_oilfield_range
87.05,41.2828,3.68,2.206,8.35,38.61504,93.45952,60.07448,2.4203,high_pressure_gas_CO2
16.45,0.2153,4.14,36.783,3.66,1.02512,7.94464,2.8538,7.75,conventional_oilfield_range
99.93,11.4599,4.28,23.935,12.35,141.37561,372.18715,229.38654,2.6326,high_pressure_gas_CO2
143.6,2.9987,5.79,34.07,16.89,137.49924,161.61662,149.071,1.1754,conventional_oilfield_range
139.96,13.3319,5.27,6.263,0.56,182.85157,248.69945,213.24888,1.3601,high_pressure_gas_CO2
14.54,0.1069,4.68,121.164,12.44,1.15297,9.25631,3.26684,8.0282,conventional_oilfield_range
6.77,11.7514,5.24,1.015,6.96,0.48705,1.06169,0.7191,2.1798,high_pressure_gas_CO2
67.12,3.3071,5.6,45.136,1.29,33.69849,68.31805,47.98141,2.0273,conventional_oilfield_range
136.93,73.4912,6.47,5.407,12.31,478.87676,76.68948,191.63719,6.2444,high_pressure_gas_CO2
57.08,19.05,4.23,6.508,11.34,17.6574,71.9302,35.63847,4.0737,high_pressure_gas_CO2
15.25,0.1507,6.39,17.34,11.55,0.21469,0.58471,0.35431,2.7235,conventional_oilfield_range
67.13,55.2105,5.97,1.343,10.93,12.6851,8.20896,10.20448,1.5453,high_pressure_gas_CO2
11.39,12.1999,4.22,11.023,5.34,2.77815,17.57364,6.98729,6.3257,high_pressure_gas_CO2
143.68,9.697,5.21,4.254,11.62,100.89373,93.32154,97.0338,1.0811,conventional_oilfield_range
37.63,0.1019,4.97,6.612,16.96,0.20854,1.52184,0.56335,7.2975,conventional_oilfield_range
36.61,7.9186,5.99,1.441,4.25,1.32197,2.32425,1.75288,1.7582,conventional_oilfield_range
135.33,0.3556,3.82,14.76,3.68,28.66021,173.64715,70.54619,6.0588,conventional_oilfield_range
142.32,12.8047,3.95,52.184,6.15,899.02364,2395.8336,1467.62088,2.6649,high_pressure_gas_CO2
111.9,0.1247,3.62,88.648,8.44,24.39879,235.40272,75.78615,9.6481,conventional_oilfield_range
5.81,19.6298,5.12,97.255,10.21,16.42157,64.61532,32.5743,3.9348,high_pressure_gas_CO2
135.91,0.1841,4.68,3.01,2.72,5.49447,16.71559,9.58349,3.0423,conventional_oilfield_range
103.36,74.6558,6.27,9.851,15.08,267.6646,91.29299,156.31987,2.9319,dense_phase_supercritical_CO2
147.39,2.2565,6.07,74.64,1.75,366.58489,292.04909,327.20144,1.2552,conventional_oilfield_range
66.41,0.318,3.64,118.676,4.81,14.5711,151.86027,47.0401,10.422,conventional_oilfield_range
120.61,45.1059,3.92,6.386,10.41,234.82989,576.71139,368.00689,2.4559,high_pressure_gas_CO2
72.19,0.1186,5.29,1.006,8.9,0.2473,0.89265,0.46984,3.6096,conventional_oilfield_range
28.5,13.8383,5.15,2.476,8.63,2.24621,5.59366,3.54465,2.4903,high_pressure_gas_CO2
120.31,15.0201,4.01,5.851,18.21,70.52451,165.32466,107.97889,2.3442,high_pressure_gas_CO2
136.93,14.7356,5.56,17.009,8.67,328.34155,214.74508,265.53669,1.529,high_pressure_gas_CO2
35.66,1.301,5.15,1.505,11.77,0.31433,1.81463,0.75524,5.773,conventional_oilfield_range
105.09,2.5783,5.61,1.603,11.12,6.57233,8.32242,7.39579,1.2663,conventional_oilfield_range
148.9,1.0447,4.21,14.594,16.17,44.95019,168.27417,86.97101,3.7436,conventional_oilfield_range
84.39,1.3376,6.33,12.782,11.64,14.75779,9.19282,11.64756,1.6054,conventional_oilfield_range
45.04,76.6187,4.43,1.307,1.92,8.21988,26.74712,14.82762,3.254,dense_phase_supercritical_CO2
114.33,0.3073,3.66,15.829,12.3,9.03064,91.80357,28.79313,10.1658,conventional_oilfield_range
126.61,0.4852,5.49,2.179,5.04,5.18695,11.4121,7.69377,2.2002,conventional_oilfield_range
45.42,0.4308,3.9,42.713,10.5,4.34273,48.55021,14.52035,11.1797,conventional_oilfield_range
143.26,1.2014,5.31,2.674,0.2,23.09105,35.90583,28.79416,1.555,conventional_oilfield_range
6.89,0.1283,4.12,1.289,18.74,0.01344,0.23842,0.05661,17.7372,conventional_oilfield_range
24.02,14.152,4.99,70.915,2.54,32.61082,88.41175,53.69525,2.7111,high_pressure_gas_CO2
109.09,0.1331,5.83,1.924,1.87,1.36763,2.73854,1.93528,2.0024,conventional_oilfield_range
41.75,0.3901,5.55,62.375,6.89,4.71846,13.38969,7.94851,2.8377,conventional_oilfield_range
125.09,2.3483,4.57,92.303,1.92,293.09139,846.59686,498.12674,2.8885,conventional_oilfield_range
15.3,0.1172,3.99,20.034,8.31,0.30745,4.03354,1.11359,13.1195,conventional_oilfield_range
112.63,2.5647,4.63,21.053,17.21,57.23876,169.2953,98.43908,2.9577,conventional_oilfield_range
81.98,0.228,5.86,3.748,16.84,0.99868,1.45187,1.20414,1.4538,conventional_oilfield_range
14.7,1.4498,3.99,17.175,16.03,0.93867,12.27803,3.39485,13.0803,conventional_oilfield_range
75.59,3.1861,4.6,16.311,7.37,25.49478,54.8972,37.41112,2.1533,conventional_oilfield_range
136.57,2.4072,5.76,86.843,7.66,313.07159,237.35247,272.59552,1.319,conventional_oilfield_range
17.2,3.439,4.68,6.124,6.06,1.01226,8.64243,2.95777,8.5377,conventional_oilfield_range
41.94,9.2914,4.82,8.689,19.59,4.76247,13.80484,8.10833,2.8987,conventional_oilfield_range
32.34,0.4722,4.75,1.044,12.94,0.09728,0.85764,0.28884,8.8167,conventional_oilfield_range
23.77,0.3212,3.9,83.072,2.35,2.57082,44.81026,10.73308,17.4303,conventional_oilfield_range
36.38,1.7093,3.91,63.596,6.87,8.57684,77.45532,25.77444,9.0308,conventional_oilfield_range
43.65,0.2844,5.54,70.795,12.72,4.59894,12.15828,7.47765,2.6437,conventional_oilfield_range
76.48,90.9884,6.35,22.089,14.8,229.70953,95.50146,148.11345,2.4053,dense_phase_supercritical_CO2
39.81,0.8578,5.96,1.528,12.02,0.29982,0.59494,0.42235,1.9843,conventional_oilfield_range
34.15,1.0387,4.22,1.957,19.31,0.41805,2.25319,0.97054,5.3898,conventional_oilfield_range
146.25,0.3631,4.6,1.335,10.63,4.15872,15.46948,8.0208,3.7198,conventional_oilfield_range
34.33,27.9068,5.93,3.343,1.57,7.72507,5.91491,6.75967,1.306,high_pressure_gas_CO2
81.71,1.6482,4.62,36.653,7.4,23.73437,122.75333,53.9766,5.172,conventional_oilfield_range
137.84,4.9107,4.31,5.247,9.07,43.38294,133.14414,76.00121,3.069,conventional_oilfield_range
120.64,0.6379,5.82,91.563,12.71,104.6175,110.85315,107.6902,1.0596,conventional_oilfield_range
39.79,1.2947,4.92,73.358,7.86,13.00326,42.26697,23.44373,3.2505,conventional_oilfield_range
77.9,77.0594,3.69,2.844,5.61,57.64587,209.96051,110.01525,3.6422,dense_phase_supercritical_CO2
58.64,4.0407,6.22,17.629,18.51,15.01317,9.59796,12.00399,1.5642,conventional_oilfield_range
49.42,0.1831,4.53,45.158,11.92,2.04548,28.46272,7.6302,13.9149,conventional_oilfield_range
88.48,1.5532,6.03,2.486,17.07,3.24389,4.54898,3.8414,1.4023,conventional_oilfield_range
147.22,0.2571,4.6,36.403,19.75,33.35258,141.36151,68.66419,4.2384,conventional_oilfield_range
140.3,0.7207,6.49,118.917,13.01,168.83923,120.96833,142.91326,1.3957,conventional_oilfield_range
135.1,66.5083,5.95,4.519,6.33,278.55801,189.92147,230.00901,1.4667,high_pressure_gas_CO2
13.1,5.0086,4.16,47.455,4.52,8.0164,50.55699,20.1317,6.3067,conventional_oilfield_range
7.62,4.0038,5.56,1.843,18.8,0.23092,0.44366,0.32008,1.9213,conventional_oilfield_range
25.6,0.2295,4.61,15.654,1.85,0.69668,5.29768,1.92114,7.6042,conventional_oilfield_range
27.68,1.2253,6.41,4.054,17.93,0.30329,0.82248,0.49945,2.7118,conventional_oilfield_range
120.64,0.6016,6.03,26.033,13.57,37.26156,36.44953,36.85331,1.0223,conventional_oilfield_range
98.21,0.3096,5.44,59.622,0.51,21.49114,64.30095,37.17393,2.992,conventional_oilfield_range
131.92,28.9113,4.17,9.284,9.06,230.51576,558.71791,358.87781,2.4238,high_pressure_gas_CO2
51.97,0.3672,4.9,1.748,18.22,0.25065,1.24417,0.55844,4.9638,conventional_oilfield_range
115.66,12.6124,5.95,58.969,18.65,484.26765,275.98768,365.58434,1.7547,high_pressure_gas_CO2
58.29,8.8559,5.47,1.257,0.51,4.35201,8.01513,5.90609,1.8417,conventional_oilfield_range
30.84,0.2421,4.43,4.965,13.25,0.25248,2.21636,0.74806,8.7782,conventional_oilfield_range
8.84,0.8005,6.4,32.1,2.47,1.4696,2.17446,1.78762,1.4796,conventional_oilfield_range
81.72,7.632,3.76,145.16,18.17,195.17124,1145.70246,472.87226,5.8702,conventional_oilfield_range
95.25,1.1303,3.96,48.719,3.52,48.8659,239.14389,108.10172,4.8939,conventional_oilfield_range
32.04,15.0926,6.07,50.846,6.88,27.50749,24.1402,25.76891,1.1395,high_pressure_gas_CO2
56.08,47.8359,5.48,2.91,4.69,20.35176,28.51589,24.09042,1.4012,high_pressure_gas_CO2
116.77,2.1285,5.6,2.592,10.44,11.1099,14.26997,12.59118,1.2844,conventional_oilfield_range
57.72,2.6366,5.58,88.369,16.63,30.09483,50.4826,38.97775,1.6775,conventional_oilfield_range
37.86,1.9075,5.02,130.36,9.39,19.93169,76.98537,39.17204,3.8625,conventional_oilfield_range
146.54,0.137,4.06,20.95,15.76,19.10949,113.74651,46.62228,5.9524,conventional_oilfield_range
27.97,36.3597,4.64,1.64,9.83,2.81819,9.98581,5.30489,3.5433,high_pressure_gas_CO2
98.5,71.8539,6.44,3.046,19.25,54.26802,18.95628,32.07366,2.8628,high_pressure_gas_CO2
31.52,0.1857,6.08,28.168,16.84,0.54719,2.23846,1.10673,4.0908,conventional_oilfield_range
43.01,37.8955,5.84,10.995,6.49,25.96764,26.81985,26.3903,1.0328,high_pressure_gas_CO2
35.42,81.207,4.15,31.868,3.06,119.4735,291.01964,186.46483,2.4359,dense_phase_supercritical_CO2
78.71,8.0209,5.76,4.32,19.94,7.25194,17.91859,11.39932,2.4709,conventional_oilfield_range
129.42,4.9914,5.65,27.997,13.71,177.39954,148.31299,162.2056,1.1961,conventional_oilfield_range
143.96,1.6409,4.63,61.191,12.36,243.27735,529.70705,358.97873,2.1774,conventional_oilfield_range
100.13,50.1943,4.23,89.567,15.81,617.3911,2082.07677,1133.77938,3.3724,high_pressure_gas_CO2
14.67,8.7753,5.09,3.899,13.67,0.92703,3.77928,1.87176,4.0768,conventional_oilfield_range
39.27,2.8622,4.45,73.184,19.0,12.52249,52.54105,25.65044,4.1957,conventional_oilfield_range
51.97,0.1098,5.48,3.007,7.71,0.23752,1.03014,0.49465,4.3371,conventional_oilfield_range
118.76,9.8155,4.19,63.413,9.47,417.11185,1324.13469,743.17714,3.1745,conventional_oilfield_range
110.92,23.5647,3.64,4.931,11.37,88.93337,208.53748,136.18349,2.3449,high_pressure_gas_CO2
100.65,1.2731,4.78,36.95,1.44,37.62012,136.24715,71.59354,3.6217,conventional_oilfield_range
54.62,1.9266,3.55,107.41,1.83,36.41979,313.07845,106.78133,8.5964,conventional_oilfield_range
35.67,0.9186,5.14,6.005,3.7,1.04872,4.41944,2.15285,4.2141,conventional_oilfield_range
24.88,0.5766,4.8,2.21,0.3,0.19645,1.33082,0.51132,6.7742,conventional_oilfield_range
18.93,15.3777,3.77,4.668,18.82,1.31636,13.60815,4.2324,10.3377,high_pressure_gas_CO2
67.35,69.1679,4.71,14.376,12.95,80.04969,215.7651,131.42272,2.6954,high_pressure_gas_CO2
80.87,0.4435,3.99,11.681,9.68,5.93558,41.23961,15.64548,6.9479,conventional_oilfield_range
116.72,0.2486,5.46,29.427,0.57,31.25977,47.18,38.40359,1.5093,conventional_oilfield_range
144.76,4.0206,4.93,15.322,7.05,192.81998,179.27497,185.92417,1.0756,conventional_oilfield_range
141.4,11.3452,6.2,33.077,6.18,572.95702,294.05056,410.46112,1.9485,high_pressure_gas_CO2
116.64,0.9693,4.07,119.01,13.44,135.75201,491.1497,258.21417,3.618,conventional_oilfield_range
31.34,0.2366,3.64,1.834,1.39,0.17203,2.04522,0.59316,11.8888,conventional_oilfield_range
75.51,1.3627,6.48,16.797,9.12,13.95682,9.83556,11.71636,1.419,conventional_oilfield_range
108.09,0.1008,4.76,16.648,7.91,4.97665,31.82832,12.58564,6.3955,conventional_oilfield_range
68.11,1.5949,5.22,19.526,18.47,8.90411,20.64687,13.55884,2.3188,conventional_oilfield_range
123.35,1.4354,4.54,31.832,0.68,100.18351,284.27005,168.75773,2.8375,conventional_oilfield_range
63.97,1.1455,5.6,10.552,0.75,5.80663,7.80335,6.73136,1.3439,conventional_oilfield_range
86.93,7.0693,6.39,9.13,2.2,31.01657,20.54282,25.24218,1.5098,conventional_oilfield_range
24.92,12.2415,4.17,2.806,13.89,1.21294,8.34911,3.1823,6.8833,high_pressure_gas_CO2
30.99,1.1202,3.98,2.242,8.27,0.41642,4.87539,1.42485,11.7079,conventional_oilfield_range
148.18,36.3058,5.34,98.551,12.42,2211.8042,2000.79895,2103.65765,1.1055,high_pressure_gas_CO2
53.63,1.515,6.27,7.958,8.69,3.11268,4.99498,3.94306,1.6047,conventional_oilfield_range
42.95,50.5103,6.27,41.87,6.15,91.8414,76.20601,83.65923,1.2052,high_pressure_gas_CO2
135.02,6.8543,4.69,104.573,11.78,713.70831,1190.87548,921.92067,1.6686,conventional_oilfield_range
107.32,37.4261,4.33,9.576,4.53,260.14996,337.3208,296.233,1.2966,high_pressure_gas_CO2
43.25,3.7798,5.53,26.948,11.23,10.35568,23.03895,15.44616,2.2248,conventional_oilfield_range
52.59,1.8213,5.32,10.916,18.7,4.3054,8.72093,6.12757,2.0256,conventional_oilfield_range
82.31,20.4933,5.07,73.685,5.39,320.65877,567.69132,426.65584,1.7704,high_pressure_gas_CO2
6.16,48.1558,5.21,1.909,13.83,1.36412,3.76344,2.26578,2.7589,high_pressure_gas_CO2
11.29,0.956,6.2,13.442,3.85,0.5557,1.34939,0.86594,2.4283,conventional_oilfield_range
58.73,2.6173,5.26,74.058,2.51,39.68887,104.24257,64.32161,2.6265,conventional_oilfield_range
45.33,1.9884,4.41,105.044,2.97,21.89416,130.60348,53.47386,5.9652,conventional_oilfield_range
124.33,0.2656,5.71,5.946,2.73,9.98939,15.94829,12.62195,1.5965,conventional_oilfield_range
71.91,37.6197,6.09,14.146,11.9,83.7434,68.0334,75.48078,1.2309,high_pressure_gas_CO2
96.06,33.0178,6.39,16.164,8.6,209.20873,59.32592,111.40692,3.5264,high_pressure_gas_CO2
93.38,68.0997,4.28,6.088,5.97,132.93558,350.65313,215.9034,2.6378,high_pressure_gas_CO2
61.24,0.1794,4.17,15.119,7.42,1.99474,14.99371,5.46888,7.5166,conventional_oilfield_range
31.62,30.6507,3.97,28.814,2.71,36.11577,176.89159,79.92857,4.8979,high_pressure_gas_CO2
71.34,0.3543,4.72,26.765,0.37,7.62504,44.30331,18.37973,5.8102,conventional_oilfield_range
89.02,3.2606,5.58,55.34,7.92,98.99043,91.05824,94.94153,1.0871,conventional_oilfield_range
9.74,23.6815,6.47,26.116,14.22,8.37861,6.88125,7.59311,1.2176,high_pressure_gas_CO2
45.68,18.1882,6.38,2.152,16.09,4.45938,3.40464,3.89648,1.3098,high_pressure_gas_CO2
75.66,46.5378,3.69,3.744,19.87,23.34206,156.87293,60.51229,6.7206,high_pressure_gas_CO2
13.47,0.4843,5.88,65.526,18.94,1.2861,4.98423,2.53184,3.8755,conventional_oilfield_range
93.38,0.6934,4.67,2.479,15.03,2.22655,6.48331,3.79939,2.9118,conventional_oilfield_range
115.02,0.3953,3.9,145.569,12.47,82.4882,598.26591,222.14832,7.2527,conventional_oilfield_range
24.49,1.5989,6.47,2.944,17.56,0.35924,0.60959,0.46796,1.6969,conventional_oilfield_range
41.78,2.543,3.7,32.093,13.41,6.50731,85.12987,23.53649,13.0822,conventional_oilfield_range
140.26,0.1077,6.07,2.037,9.57,1.80566,2.5267,2.13597,1.3993,conventional_oilfield_range
50.7,49.6518,3.67,4.027,7.4,27.27543,115.62019,56.15684,4.239,high_pressure_gas_CO2
30.09,0.4926,5.25,47.28,16.32,2.01818,9.46706,4.37107,4.6909,conventional_oilfield_range
44.27,56.7152,5.88,1.263,10.8,3.67581,6.34537,4.82953,1.7262,high_pressure_gas_CO2
120.94,26.8224,5.89,99.098,0.33,1468.41297,1053.04902,1243.50748,1.3944,high_pressure_gas_CO2
28.69,24.6154,4.38,82.663,1.17,68.92823,214.29737,121.53657,3.109,high_pressure_gas_CO2
137.86,0.5982,6.15,10.153,15.52,28.11071,24.171,26.06653,1.163,conventional_oilfield_range
98.12,11.8291,4.46,3.688,2.12,37.10527,71.17846,51.39159,1.9183,high_pressure_gas_CO2
130.03,59.8381,3.65,6.066,10.83,191.87781,773.23684,385.18436,4.0298,high_pressure_gas_CO2
27.34,10.7874,5.39,5.479,17.44,2.61671,6.02306,3.96996,2.3018,high_pressure_gas_CO2
91.83,25.5855,5.25,31.431,7.71,238.01054,256.59094,247.12618,1.0781,high_pressure_gas_CO2
41.93,3.322,5.72,115.105,9.71,25.37039,49.76151,35.53124,1.9614,conventional_oilfield_range
116.57,0.1694,4.06,1.918,1.72,2.49307,14.60577,6.03433,5.8586,conventional_oilfield_range
145.07,0.1336,5.59,137.421,11.06,90.62342,113.4442,101.3938,1.2518,conventional_oilfield_range
12.25,56.1038,6.43,1.448,17.1,1.43426,1.03718,1.21966,1.3828,high_pressure_gas_CO2
105.57,24.7636,6.3,20.039,7.05,196.14362,108.3588,145.78713,1.8101,high_pressure_gas_CO2
41.51,1.1611,5.29,39.802,17.95,4.92517,16.24586,8.94503,3.2985,conventional_oilfield_range
30.45,51.9934,6.34,42.528,5.0,52.73192,47.20057,49.88964,1.1172,high_pressure_gas_CO2
8.11,37.2791,3.95,1.761,3.52,1.21001,8.18664,3.14737,6.7658,high_pressure_gas_CO2
42.8,43.3721,4.65,121.603,18.18,133.03116,372.79051,222.6943,2.8023,high_pressure_gas_CO2
83.24,0.3859,6.43,4.372,8.86,2.25617,2.46444,2.35801,1.0923,conventional_oilfield_range
77.82,3.595,5.03,18.297,6.61,27.41189,68.32159,43.27613,2.4924,conventional_oilfield_range
29.1,38.0666,5.34,6.63,10.15,7.641,21.18666,12.72349,2.7728,high_pressure_gas_CO2
131.87,0.3702,5.55,12.055,12.48,18.85022,24.7221,21.58743,1.3115,conventional_oilfield_range
97.03,0.4242,6.34,19.986,6.33,12.88814,15.55439,14.15864,1.2069,conventional_oilfield_range
138.59,2.6454,5.88,2.23,7.17,23.89867,21.91111,22.88332,1.0907,conventional_oilfield_range
133.44,1.1165,3.75,57.755,2.68,141.55977,743.47007,324.41555,5.252,conventional_oilfield_range
139.48,0.2836,4.36,1.43,18.48,3.22369,9.50246,5.53471,2.9477,conventional_oilfield_range
36.66,0.285,4.45,44.492,14.02,1.58843,18.23437,5.38183,11.4795,conventional_oilfield_range
72.17,14.4745,3.96,7.748,16.53,20.66975,74.39653,39.21426,3.5993,high_pressure_gas_CO2
143.32,0.1343,4.63,5.364,5.18,5.33933,26.46055,11.8862,4.9558,conventional_oilfield_range
84.93,0.1956,4.11,1.709,13.09,0.6106,4.53025,1.66318,7.4193,conventional_oilfield_range
44.53,4.0114,6.05,34.102,3.14,16.96382,21.86941,19.26107,1.2892,conventional_oilfield_range
128.32,0.1919,5.99,50.344,7.44,32.31589,61.68841,44.6488,1.9089,conventional_oilfield_range
133.1,13.6046,5.11,78.093,10.87,509.90688,944.22577,693.87838,1.8518,high_pressure_gas_CO2
48.2,0.106,5.79,1.733,6.53,0.1325,0.44828,0.24372,3.3832,conventional_oilfield_range
49.85,0.8256,3.9,66.221,0.02,13.19013,111.25558,38.30764,8.4348,conventional_oilfield_range
139.57,55.8083,4.99,24.488,9.61,1199.73962,894.57026,1035.97847,1.3411,high_pressure_gas_CO2
117.51,75.7335,5.41,4.104,17.4,143.13247,81.00628,107.67836,1.7669,dense_phase_supercritical_CO2
22.22,2.0232,3.89,4.411,3.61,0.63009,7.42291,2.16266,11.7808,conventional_oilfield_range
68.24,0.272,3.73,2.502,6.11,0.84205,8.93006,2.74219,10.6051,conventional_oilfield_range
93.7,3.9418,5.89,1.76,14.65,8.34848,5.2478,6.619,1.5909,conventional_oilfield_range
87.41,38.5139,6.1,1.57,17.25,13.34254,12.76361,13.04986,1.0454,high_pressure_gas_CO2
63.91,6.7333,6.43,4.02,13.81,6.94042,5.40257,6.12341,1.2847,conventional_oilfield_range
106.25,0.2151,5.15,1.331,17.5,0.81937,2.54283,1.44344,3.1034,conventional_oilfield_range
104.79,0.3194,3.51,1.027,18.72,0.82015,6.59487,2.32568,8.041,conventional_oilfield_range
33.04,1.542,6.12,1.019,12.64,0.23985,0.51033,0.34986,2.1277,conventional_oilfield_range
40.42,3.876,4.2,35.039,18.71,7.8595,53.43798,20.4938,6.7992,conventional_oilfield_range
65.6,26.9743,4.01,49.405,15.35,144.85866,528.77277,276.7622,3.6503,high_pressure_gas_CO2
82.43,1.9796,5.97,44.233,18.67,31.63667,33.19721,32.40755,1.0493,conventional_oilfield_range
85.59,46.6236,6.15,12.346,17.86,84.37861,42.36875,59.79144,1.9915,high_pressure_gas_CO2
34.56,27.7762,4.72,42.219,10.11,30.98611,94.91109,54.2303,3.063,high_pressure_gas_CO2
144.7,54.847,5.75,46.899,3.54,2075.50251,1334.22172,1664.08549,1.5556,high_pressure_gas_CO2
85.06,78.5953,3.83,131.117,3.8,1202.93012,3559.36845,2069.22003,2.9589,dense_phase_supercritical_CO2
34.16,0.4751,5.33,1.643,10.81,0.11564,0.75598,0.29567,6.5373,conventional_oilfield_range
55.65,0.3635,5.71,38.45,1.27,4.35318,15.45051,8.20115,3.5492,conventional_oilfield_range
115.82,66.5156,3.56,118.329,9.65,1958.72477,9635.288,4344.2925,4.9192,high_pressure_gas_CO2
66.26,7.717,4.61,18.471,0.13,44.32251,102.89664,67.53249,2.3215,conventional_oilfield_range
19.57,9.1742,4.3,47.457,12.42,8.29378,67.58661,23.6759,8.1491,conventional_oilfield_range
64.41,2.4095,5.01,1.741,19.4,1.00007,4.71498,2.17148,4.7146,conventional_oilfield_range
98.27,4.1981,4.4,27.405,3.56,66.02397,169.17134,105.68521,2.5623,conventional_oilfield_range
124.18,0.2832,4.67,6.342,19.07,4.62797,21.70242,10.02188,4.6894,conventional_oilfield_range
29.77,40.7036,5.22,1.603,6.47,3.62875,9.05091,5.73093,2.4942,high_pressure_gas_CO2
91.01,47.1333,3.99,5.125,12.05,63.62147,175.29565,105.60572,2.7553,high_pressure_gas_CO2
6.31,2.1528,4.39,1.982,17.23,0.15484,1.28525,0.44611,8.3004,conventional_oilfield_range
73.9,19.7014,4.74,19.252,19.94,61.16668,125.34424,87.56079,2.0492,high_pressure_gas_CO2
94.72,2.8398,5.19,15.992,11.91,27.64719,75.94336,45.82162,2.7469,conventional_oilfield_range
41.96,1.1372,5.35,17.478,8.11,3.98335,11.55018,6.78295,2.8996,conventional_oilfield_range
121.4,25.4653,6.04,1.758,9.24,48.03879,34.38306,40.64137,1.3972,high_pressure_gas_CO2
141.84,1.0717,4.7,18.427,16.17,59.63184,149.0144,94.26559,2.4989,conventional_oilfield_range
117.58,3.9913,4.3,4.872,15.85,27.59795,95.70222,51.39246,3.4677,conventional_oilfield_range
121.9,42.4145,4.48,2.354,16.71,79.64347,122.89978,98.93515,1.5431,high_pressure_gas_CO2
25.23,2.3771,4.69,4.274,12.04,1.06473,4.9908,2.30518,4.6874,conventional_oilfield_range
30.98,4.0172,4.26,13.544,15.4,4.59898,21.48744,9.94084,4.6722,conventional_oilfield_range
88.1,0.3714,5.5,1.229,9.65,0.78509,1.66793,1.14432,2.1245,conventional_oilfield_range
39.36,6.0956,4.92,65.098,14.87,24.26002,79.83822,44.00996,3.2909,conventional_oilfield_range
147.72,0.5125,3.95,122.838,15.77,175.62742,835.01132,382.95024,4.7544,conventional_oilfield_range
35.86,10.9388,5.66,45.013,8.07,18.45236,36.34866,25.89824,1.9699,high_pressure_gas_CO2
91.48,8.6129,3.55,127.932,7.15,330.98599,2559.32232,920.38026,7.7324,conventional_oilfield_range
116.25,0.3756,4.81,15.068,16.89,13.85128,36.8292,22.58609,2.6589,conventional_oilfield_range
87.57,3.2208,4.94,37.067,0.39,82.46969,197.16943,127.51667,2.3908,conventional_oilfield_range
65.09,8.4765,3.6,1.762,15.0,2.73586,31.39455,9.26774,11.4752,conventional_oilfield_range
22.82,0.4929,6.26,4.564,19.38,0.23255,0.53785,0.35366,2.3129,conventional_oilfield_range
11.27,2.8304,5.5,119.536,11.17,9.06083,20.38916,13.59201,2.2503,conventional_oilfield_range
59.26,0.7992,3.62,2.035,15.56,0.9497,10.27088,3.12319,10.8148,conventional_oilfield_range
93.64,2.035,4.93,4.857,8.51,12.0772,37.23224,21.20521,3.0829,conventional_oilfield_range
31.22,6.7138,4.5,2.943,12.7,1.317,6.3142,2.88372,4.7944,conventional_oilfield_range
9.26,3.1384,4.94,7.016,10.82,0.63945,3.21495,1.4338,5.0277,conventional_oilfield_range
91.61,6.3438,4.48,1.621,16.48,6.64453,22.16421,12.13552,3.3357,conventional_oilfield_range
5.89,30.9963,6.41,4.222,14.57,1.61502,2.10682,1.8446,1.3045,high_pressure_gas_CO2
125.19,49.9359,3.67,40.976,7.89,885.8214,2428.4298,1466.68166,2.7414,high_pressure_gas_CO2
139.93,0.1599,5.65,10.66,18.46,7.00665,11.75519,9.07549,1.6777,conventional_oilfield_range
72.18,0.2959,5.82,14.674,10.91,3.20941,8.01116,5.07061,2.4961,conventional_oilfield_range
51.54,10.6004,5.16,2.355,11.69,3.51005,11.10288,6.24273,3.1632,high_pressure_gas_CO2
55.21,13.7533,4.44,7.65,19.55,9.44313,43.19161,20.19564,4.5739,high_pressure_gas_CO2
17.18,0.1584,4.51,1.299,17.03,0.03306,0.35347,0.1081,10.6925,conventional_oilfield_range
18.45,2.2116,4.42,10.624,15.29,0.90634,6.85606,2.49278,7.5645,conventional_oilfield_range
25.47,2.0658,5.09,41.457,14.64,5.13214,21.03864,10.39102,4.0994,conventional_oilfield_range
71.88,1.1728,4.4,56.682,11.42,24.22323,133.71635,56.91258,5.5202,conventional_oilfield_range
135.69,0.4069,4.5,11.552,10.69,19.65572,78.1244,39.18662,3.9746,conventional_oilfield_range
36.58,0.1776,5.86,31.476,4.79,1.04013,3.0838,1.79096,2.9648,conventional_oilfield_range
147.16,1.9115,3.61,10.775,10.7,80.32827,503.94344,201.19867,6.2736,conventional_oilfield_range
14.91,24.1664,4.94,10.817,0.19,7.15736,19.27453,11.74541,2.693,high_pressure_gas_CO2
50.82,0.1541,4.04,9.305,6.11,0.68373,11.37726,2.78909,16.6399,conventional_oilfield_range
139.35,15.375,4.95,56.682,10.24,1046.61891,1313.20029,1172.35671,1.2547,high_pressure_gas_CO2
20.57,1.8818,4.94,4.331,17.39,0.33761,2.35825,0.89228,6.9851,conventional_oilfield_range
69.19,1.3699,3.99,57.626,11.78,27.11142,172.63021,68.41235,6.3674,conventional_oilfield_range
35.44,1.5423,5.26,17.887,17.77,2.03158,7.00692,3.77294,3.449,conventional_oilfield_range
145.89,1.0577,5.33,17.844,15.81,53.92299,79.07187,65.29771,1.4664,conventional_oilfield_range
82.18,4.5953,4.94,18.053,10.63,34.36291,117.905,63.65186,3.4312,conventional_oilfield_range
107.79,0.3099,5.61,14.988,8.19,7.15202,18.9689,11.64757,2.6522,conventional_oilfield_range
29.68,0.7663,4.33,109.88,15.53,4.82493,61.40724,17.21295,12.7271,conventional_oilfield_range
135.64,10.2324,5.67,18.549,8.76,183.86935,184.68276,184.27561,1.0044,high_pressure_gas_CO2
124.46,46.7196,4.49,35.073,6.97,620.47599,1511.32091,968.36891,2.4357,high_pressure_gas_CO2
112.58,33.7102,3.65,2.052,8.82,43.10224,174.69746,86.77471,4.0531,high_pressure_gas_CO2
93.33,49.1566,6.04,66.812,16.4,498.46453,395.69124,444.1149,1.2597,high_pressure_gas_CO2
97.7,52.7123,4.86,1.508,0.29,43.03966,85.80116,60.76885,1.9935,high_pressure_gas_CO2
48.39,78.7878,6.28,58.151,15.8,154.22088,88.65977,116.93241,1.7395,dense_phase_supercritical_CO2
76.97,41.8356,5.07,7.101,10.47,75.14539,100.585,86.93963,1.3385,high_pressure_gas_CO2
97.54,0.4263,5.01,43.29,16.98,18.33817,56.1383,32.08541,3.0613,conventional_oilfield_range
40.64,90.8269,4.98,14.874,5.5,67.86108,96.26387,80.82432,1.4185,dense_phase_supercritical_CO2
133.69,0.1169,5.88,26.855,17.33,14.37641,16.40348,15.35654,1.141,conventional_oilfield_range
127.66,31.6361,4.84,18.022,7.41,571.85294,823.7849,686.35546,1.4406,high_pressure_gas_CO2
139.07,5.6964,4.16,52.195,1.79,557.85547,1318.35313,857.58411,2.3633,conventional_oilfield_range
78.17,17.8885,5.76,10.261,14.98,41.29891,30.66506,35.58699,1.3468,high_pressure_gas_CO2
33.3,10.4714,3.56,41.678,2.44,24.01835,286.62401,82.9713,11.9335,high_pressure_gas_CO2
6.51,75.0893,5.1,71.753,19.7,21.51778,84.79885,42.71631,3.9409,dense_phase_liquid_CO2
50.7,0.2311,5.67,1.236,1.18,0.16287,0.64359,0.32376,3.9516,conventional_oilfield_range
120.65,36.877,5.65,1.239,6.55,57.59492,33.26377,43.77013,1.7315,high_pressure_gas_CO2
108.62,0.4166,3.71,5.584,13.94,5.2635,32.50174,13.07949,6.1749,conventional_oilfield_range
59.97,1.6076,6.25,1.485,13.8,0.75002,1.17151,0.93737,1.562,conventional_oilfield_range
87.41,0.4236,4.23,22.198,14.09,7.08502,43.25391,17.50585,6.105,conventional_oilfield_range
146.44,85.0583,6.02,8.633,7.33,933.89836,293.71743,523.7387,3.1796,dense_phase_supercritical_CO2
40.71,8.9533,6.08,60.994,4.79,32.98901,46.80508,39.29444,1.4188,conventional_oilfield_range
55.27,42.8215,3.8,4.28,7.86,19.82559,93.54711,43.06538,4.7185,high_pressure_gas_CO2
24.43,3.3433,4.22,11.427,9.14,2.57934,14.60814,6.13835,5.6635,conventional_oilfield_range
66.16,19.8211,4.63,1.024,18.28,3.81115,13.12368,7.07222,3.4435,high_pressure_gas_CO2
59.77,0.5817,3.71,34.174,8.24,7.58031,77.74049,24.27544,10.2556,conventional_oilfield_range
149.88,2.4293,6.35,24.041,4.09,137.41251,103.45113,119.22869,1.3283,conventional_oilfield_range
138.26,1.6935,4.3,132.547,19.27,363.95021,982.87525,598.09502,2.7006,conventional_oilfield_range
84.3,0.2547,6.44,1.042,2.85,0.53956,0.84699,0.67602,1.5698,conventional_oilfield_range
140.38,3.3677,3.81,23.94,13.53,118.02997,655.4087,278.13283,5.5529,conventional_oilfield_range
88.96,5.9694,5.88,103.822,11.51,181.6817,190.36416,185.97227,1.0478,conventional_oilfield_range
76.82,0.6031,5.77,99.183,17.21,18.50515,34.35728,25.21481,1.8566,conventional_oilfield_range
5.52,0.332,5.02,45.868,5.56,0.56101,4.67519,1.61952,8.3334,conventional_oilfield_range
44.1,0.9114,6.38,1.752,14.14,0.47475,0.45233,0.46341,1.0496,conventional_oilfield_range
82.96,47.6727,3.91,11.705,9.07,123.15869,402.54373,222.65839,3.2685,high_pressure_gas_CO2
145.34,26.1898,6.38,139.223,15.78,2486.73626,656.53973,1277.74848,3.7876,high_pressure_gas_CO2
124.01,21.2314,5.8,1.192,6.1,40.22577,32.39919,36.101,1.2416,high_pressure_gas_CO2
80.79,0.1567,4.98,15.607,8.86,3.04925,8.29641,5.0297,2.7208,conventional_oilfield_range
37.25,0.5036,4.71,45.286,8.99,3.42563,19.69671,8.21424,5.7498,conventional_oilfield_range
109.03,6.5332,5.37,1.759,19.03,11.92741,19.07629,15.08412,1.5994,conventional_oilfield_range
131.64,80.9047,4.06,1.896,2.66,175.81962,402.06916,265.87901,2.2868,dense_phase_supercritical_CO2
10.73,0.6108,5.47,2.348,17.4,0.09965,0.33652,0.18312,3.377,conventional_oilfield_range
110.0,1.1703,4.89,1.037,15.16,2.74649,6.9288,4.36233,2.5228,conventional_oilfield_range
105.07,11.7058,6.02,3.91,11.3,38.14874,29.32186,33.44535,1.301,high_pressure_gas_CO2
118.21,33.1563,5.43,1.347,9.65,41.69429,36.95427,39.2528,1.1283,high_pressure_gas_CO2
96.97,0.2712,5.75,15.267,9.31,5.45002,11.27786,7.83993,2.0693,conventional_oilfield_range
73.83,17.1091,6.45,76.474,11.49,194.3836,128.10392,157.80146,1.5174,high_pressure_gas_CO2
16.33,3.0763,4.4,2.059,5.79,0.39322,4.53127,1.33484,11.5234,conventional_oilfield_range
98.62,0.4385,4.76,1.717,16.57,1.5639,5.38102,2.90093,3.4408,conventional_oilfield_range
60.47,1.9718,5.56,2.938,9.5,2.44768,5.1777,3.55996,2.1154,conventional_oilfield_range
105.7,0.3232,6.3,2.136,0.7,2.00338,2.42898,2.20594,1.2124,conventional_oilfield_range
39.28,47.8396,4.74,1.972,11.42,6.67042,23.62603,12.55371,3.5419,high_pressure_gas_CO2
89.59,0.1071,4.89,20.718,0.6,5.3859,23.85128,11.33404,4.4285,conventional_oilfield_range
53.36,24.7642,6.4,1.139,9.23,4.1262,2.96918,3.5002,1.3897,high_pressure_gas_CO2
114.13,0.127,4.85,2.232,2.18,1.46966,6.49127,3.08868,4.4169,conventional_oilfield_range
10.98,3.3725,6.15,26.64,9.91,2.36125,4.91305,3.40602,2.0807,conventional_oilfield_range
124.43,0.8885,6.27,48.211,14.87,81.19073,30.78461,49.99425,2.6374,conventional_oilfield_range
21.09,0.3174,5.92,125.502,9.48,3.08578,8.85659,5.22776,2.8701,conventional_oilfield_range
40.51,0.145,6.44,62.429,15.19,1.60029,4.76277,2.76077,2.9762,conventional_oilfield_range
135.85,0.3556,3.93,25.703,0.31,41.05766,287.34295,108.61689,6.9985,conventional_oilfield_range
90.22,18.4496,3.93,39.277,18.73,146.96519,456.51502,259.02088,3.1063,high_pressure_gas_CO2
49.24,29.5038,5.89,10.776,3.61,26.93161,29.06651,27.97871,1.0793,high_pressure_gas_CO2
31.48,8.4073,4.56,1.605,18.46,0.80583,4.06453,1.80978,5.0439,conventional_oilfield_range
72.51,28.5117,5.66,1.128,19.41,8.85459,9.55955,9.20032,1.0796,high_pressure_gas_CO2
124.94,1.1947,5.12,1.752,0.74,10.57604,20.07199,14.56991,1.8979,conventional_oilfield_range
21.01,73.3243,5.11,101.57,1.82,114.06805,197.15088,149.96205,1.7284,high_pressure_gas_CO2
63.67,18.7217,4.36,20.899,10.72,43.18806,193.2023,91.34568,4.4735,high_pressure_gas_CO2
67.05,43.2937,6.44,29.356,2.54,85.67535,105.92028,95.26152,1.2363,high_pressure_gas_CO2
136.64,3.1666,4.31,9.833,0.47,89.45803,216.73794,139.2442,2.4228,conventional_oilfield_range
100.32,84.9699,6.43,1.731,0.65,72.28991,42.04044,55.12803,1.7195,dense_phase_supercritical_CO2
23.94,2.049,3.63,7.558,14.74,0.99255,8.54636,2.91251,8.6105,conventional_oilfield_range
116.44,67.1681,4.1,21.033,14.61,570.43022,1263.5781,848.98948,2.2151,high_pressure_gas_CO2
52.28,0.4913,5.12,12.868,5.41,2.45787,9.2144,4.75898,3.7489,conventional_oilfield_range
27.87,0.4699,6.4,7.81,5.49,0.63655,1.43965,0.95729,2.2616,conventional_oilfield_range
6.41,0.1577,4.0,41.484,9.83,0.3737,6.701,1.58246,17.9313,conventional_oilfield_range
7.11,51.049,3.5,2.837,4.36,2.36745,24.25975,7.57851,10.2472,high_pressure_gas_CO2
80.25,0.5572,4.38,35.844,8.07,14.13485,83.99084,34.45573,5.9421,conventional_oilfield_range
5.7,3.5357,5.22,49.353,19.99,2.28508,10.33886,4.86057,4.5245,conventional_oilfield_range
120.76,0.1173,6.36,70.882,7.69,27.24967,24.51668,25.84708,1.1115,conventional_oilfield_range
123.96,0.261,4.98,107.665,14.84,46.59144,147.69736,82.9544,3.1701,conventional_oilfield_range
117.13,15.1449,5.72,22.097,7.76,189.992,190.1855,190.08873,1.001,high_pressure_gas_CO2
48.53,92.6778,6.35,112.622,17.33,220.41315,154.25116,184.38813,1.4289,dense_phase_supercritical_CO2
42.41,0.543,3.65,101.149,16.32,7.96766,85.13785,26.04514,10.6854,conventional_oilfield_range
104.22,0.5586,3.86,1.624,16.7,1.96842,12.404,4.94128,6.3015,conventional_oilfield_range
18.94,44.3753,4.46,27.6,11.11,17.20896,90.81205,39.53202,5.277,high_pressure_gas_CO2
77.68,18.9535,6.39,4.704,19.46,19.61028,12.89975,15.90496,1.5202,high_pressure_gas_CO2
127.94,0.1087,4.59,5.069,4.78,3.88007,18.78041,8.53635,4.8402,conventional_oilfield_range
51.64,67.6626,5.32,3.506,11.64,16.63375,18.35425,17.47284,1.1034,high_pressure_gas_CO2
67.63,0.2785,3.66,1.341,2.76,0.597,4.79827,1.69251,8.0373,conventional_oilfield_range
122.47,13.1529,5.12,1.582,10.14,37.516,34.14856,35.7927,1.0986,high_pressure_gas_CO2
79.43,6.1573,5.8,127.872,2.99,233.07464,236.47093,234.76664,1.0146,conventional_oilfield_range
81.98,3.1797,3.71,3.718,6.5,8.82971,59.25766,22.87418,6.7112,conventional_oilfield_range
137.35,8.1568,4.08,4.764,19.02,61.61081,294.43244,134.68564,4.7789,conventional_oilfield_range
7.52,0.7656,3.98,1.607,15.43,0.0801,0.92434,0.27211,11.5396,conventional_oilfield_range
53.14,4.4346,5.56,110.092,12.57,53.66165,56.36466,54.99655,1.0504,conventional_oilfield_range
55.16,0.1132,5.5,87.423,2.29,5.93656,19.20235,10.67689,3.2346,conventional_oilfield_range
30.07,0.1466,4.78,1.125,1.71,0.05468,0.51026,0.16703,9.3322,conventional_oilfield_range
71.45,0.1227,5.67,41.935,3.52,5.37164,13.62476,8.55496,2.5364,conventional_oilfield_range
111.58,59.661,4.78,5.801,2.5,197.75483,260.67355,227.04505,1.3182,high_pressure_gas_CO2
82.19,1.3267,4.99,8.598,15.03,7.26537,27.12246,14.03762,3.7331,conventional_oilfield_range
134.22,54.997,5.76,4.776,14.51,254.4862,120.58631,175.17862,2.1104,high_pressure_gas_CO2
30.77,0.271,4.82,140.947,17.04,2.86936,31.17578,9.45804,10.8651,conventional_oilfield_range
8.65,7.3471,4.5,1.035,9.98,0.25648,1.34399,0.58712,5.2401,conventional_oilfield_range
34.72,15.6916,4.98,2.109,4.7,2.40485,7.70894,4.30568,3.2056,high_pressure_gas_CO2
76.22,1.6963,4.01,111.164,15.14,51.88239,291.32986,122.94262,5.6152,conventional_oilfield_range
71.53,72.1344,4.68,140.446,10.19,909.46315,1174.73999,1033.62601,1.2917,high_pressure_gas_CO2
61.18,1.1304,5.6,7.428,3.05,5.49624,12.24913,8.20513,2.2286,conventional_oilfield_range
143.68,7.3148,4.83,148.348,17.05,723.88097,1857.16224,1159.4673,2.5656,conventional_oilfield_range
44.09,7.424,4.92,63.955,13.25,24.29977,83.89205,45.15039,3.4524,conventional_oilfield_range
57.43,0.1287,6.42,1.725,10.21,0.16483,0.35448,0.24172,2.1506,conventional_oilfield_range
48.69,0.2734,4.21,75.919,16.23,3.91406,45.09627,13.28569,11.5216,conventional_oilfield_range
65.8,16.4726,4.64,2.146,2.21,13.5336,33.13496,21.17629,2.4483,high_pressure_gas_CO2
67.76,0.5732,5.71,5.961,7.14,2.10602,4.68154,3.13997,2.2229,conventional_oilfield_range
145.64,9.545,4.33,4.13,16.37,74.16911,153.03764,106.5395,2.0634,conventional_oilfield_range
107.99,3.0142,4.09,15.768,10.62,46.62915,196.44078,95.70719,4.2128,conventional_oilfield_range
101.96,0.5018,4.18,29.756,15.78,11.82841,94.35827,33.4082,7.9773,conventional_oilfield_range
121.91,14.861,5.08,4.011,16.03,32.00929,63.79781,45.18985,1.9931,high_pressure_gas_CO2
63.75,39.6747,3.55,69.597,16.33,208.88044,1021.73974,461.97559,4.8915,high_pressure_gas_CO2
28.34,43.1011,4.43,26.831,5.58,33.43293,113.81775,61.6868,3.4044,high_pressure_gas_CO2
130.16,0.2267,4.7,4.75,14.88,4.84689,17.66728,9.25372,3.6451,conventional_oilfield_range
142.17,3.0904,3.8,38.771,17.45,123.51297,1117.23237,371.47368,9.0455,conventional_oilfield_range
34.38,0.154,5.6,1.693,8.93,0.10765,0.31527,0.18422,2.9286,conventional_oilfield_range
137.3,0.1408,3.77,3.987,18.77,3.54267,37.22868,11.48429,10.5087,conventional_oilfield_range
73.85,0.224,3.82,31.71,14.95,3.85101,43.08679,12.88129,11.1884,conventional_oilfield_range
99.57,1.7572,5.84,1.692,12.61,3.00321,6.57066,4.44219,2.1879,conventional_oilfield_range
115.28,66.0268,5.55,21.994,15.03,630.71975,395.78387,499.62856,1.5936,high_pressure_gas_CO2
19.29,8.7911,6.04,24.226,16.43,4.5368,9.60947,6.60274,2.1181,conventional_oilfield_range
6.37,0.2298,4.12,8.957,4.47,0.1122,2.44706,0.52398,21.8099,conventional_oilfield_range
8.28,58.5965,5.17,29.582,16.74,11.84335,32.50862,19.6217,2.7449,high_pressure_gas_CO2
24.95,2.5348,5.78,35.978,9.36,5.14415,11.04036,7.53613,2.1462,conventional_oilfield_range
8.99,11.77,3.83,21.854,19.52,3.71822,42.1753,12.52267,11.3429,high_pressure_gas_CO2
103.14,43.3856,5.26,141.136,5.03,1516.05123,1751.00249,1629.29724,1.155,high_pressure_gas_CO2
33.7,1.0388,4.18,9.41,8.38,1.72192,8.87633,3.90952,5.1549,conventional_oilfield_range
6.01,24.8203,5.14,29.249,14.33,5.81197,24.73867,11.99084,4.2565,high_pressure_gas_CO2
130.73,3.1732,3.54,26.143,13.38,110.3923,903.37962,315.79448,8.1834,conventional_oilfield_range
24.57,42.5615,6.39,2.255,16.48,2.58298,2.47389,2.52784,1.0441,high_pressure_gas_CO2
149.03,6.4179,5.79,15.852,16.94,171.89551,173.66689,172.77893,1.0103,conventional_oilfield_range
7.89,25.2663,5.55,5.968,8.74,2.28613,5.02687,3.39,2.1989,high_pressure_gas_CO2
128.21,55.3569,4.59,42.555,17.55,1085.50172,1621.57465,1326.73361,1.4938,high_pressure_gas_CO2
111.69,32.8238,6.18,61.931,7.77,1263.81192,430.26548,737.41077,2.9373,high_pressure_gas_CO2
36.55,1.2358,6.44,119.715,12.98,11.75321,11.01053,11.37581,1.0675,conventional_oilfield_range
27.7,35.124,5.61,32.511,12.4,30.72028,36.1495,33.3245,1.1767,high_pressure_gas_CO2
46.84,36.7992,5.01,3.017,0.2,15.71168,22.03284,18.60573,1.4023,high_pressure_gas_CO2
92.1,26.8206,5.94,4.881,4.57,66.68569,50.1242,57.81493,1.3304,high_pressure_gas_CO2
15.33,2.6842,4.59,57.186,11.0,3.91419,32.77495,11.3264,8.3734,conventional_oilfield_range
108.37,0.5435,5.5,108.695,17.25,58.46671,133.30388,88.28273,2.28,conventional_oilfield_range
18.55,0.9496,5.96,82.408,5.52,3.44661,10.69379,6.07102,3.1027,conventional_oilfield_range
149.08,2.9631,5.96,18.77,8.49,181.64851,114.86802,144.44932,1.5814,conventional_oilfield_range
40.78,1.0254,5.73,97.68,2.22,12.58823,32.23415,20.14376,2.5607,conventional_oilfield_range
70.11,3.0063,5.92,1.957,11.85,2.79234,2.89648,2.84393,1.0373,conventional_oilfield_range
19.28,1.2214,3.96,72.204,12.79,3.64074,31.11366,10.64315,8.546,conventional_oilfield_range
71.97,0.48,4.65,2.158,15.74,0.61885,4.42616,1.65503,7.1523,conventional_oilfield_range
148.66,20.6588,4.77,10.153,2.83,355.56786,641.59941,477.63179,1.8044,high_pressure_gas_CO2
8.96,0.4081,5.98,10.218,7.23,0.28371,0.67882,0.43885,2.3926,conventional_oilfield_range
74.7,96.5437,5.76,11.144,14.45,125.74855,112.1617,118.76098,1.1211,dense_phase_supercritical_CO2
49.5,0.484,3.55,2.536,8.85,0.60366,5.38434,1.80287,8.9194,conventional_oilfield_range
77.97,0.9396,4.88,2.478,1.0,2.25035,8.40979,4.35029,3.7371,conventional_oilfield_range
116.73,1.525,5.08,136.56,17.87,181.41914,414.59284,274.25367,2.2853,conventional_oilfield_range
48.54,0.1371,4.75,3.511,0.21,0.31393,2.1065,0.8132,6.7102,conventional_oilfield_range
35.0,2.7208,3.7,65.566,4.13,12.20771,194.30109,48.70289,15.9163,conventional_oilfield_range
145.2,1.5946,4.75,2.0,12.07,14.8153,39.61459,24.22606,2.6739,conventional_oilfield_range
109.7,32.1875,5.32,7.664,13.44,142.82745,129.57262,136.0387,1.1023,high_pressure_gas_CO2
138.19,3.7149,4.68,30.095,3.53,211.15223,370.72884,279.78602,1.7557,conventional_oilfield_range
117.73,0.6013,4.54,1.136,10.5,2.96697,7.1343,4.60079,2.4046,conventional_oilfield_range
73.77,5.4092,5.73,120.922,6.55,161.84211,164.25528,163.04423,1.0149,conventional_oilfield_range
42.32,0.1063,4.08,26.794,6.43,0.75902,14.58461,3.32715,19.2152,conventional_oilfield_range
77.53,44.2087,5.0,5.466,5.09,54.28656,92.50101,70.86298,1.7039,high_pressure_gas_CO2
107.15,0.121,5.99,14.019,2.94,6.29852,11.24948,8.41754,1.7861,conventional_oilfield_range
63.35,32.4998,4.87,2.811,1.19,23.04277,57.3652,36.3573,2.4895,high_pressure_gas_CO2
26.35,0.2041,5.78,65.922,16.6,1.06512,3.76339,2.00212,3.5333,conventional_oilfield_range
92.98,80.5631,3.82,2.279,15.59,62.23232,215.68048,115.85464,3.4657,dense_phase_supercritical_CO2
58.93,0.736,6.01,7.576,11.07,2.4448,3.893,3.08506,1.5924,conventional_oilfield_range
20.02,1.8815,5.24,2.826,17.13,0.32272,1.35751,0.66189,4.2065,conventional_oilfield_range
31.13,1.7363,6.38,17.275,10.99,3.86143,5.03817,4.41073,1.3047,conventional_oilfield_range
43.59,10.8599,4.31,63.621,1.21,37.6144,226.089,92.21823,6.0107,high_pressure_gas_CO2
70.33,44.7316,5.78,101.267,16.12,491.37287,373.74177,428.54004,1.3147,high_pressure_gas_CO2
69.62,21.6569,6.16,30.986,18.83,70.21188,61.54328,65.73484,1.1409,high_pressure_gas_CO2
31.79,32.0179,4.05,98.875,7.53,83.67177,484.95542,201.43753,5.7959,high_pressure_gas_CO2
122.21,0.3018,4.34,9.232,19.58,7.13298,33.10365,15.36645,4.6409,conventional_oilfield_range
37.23,4.8805,5.72,44.221,6.5,22.35567,35.00359,27.97372,1.5658,conventional_oilfield_range
94.29,6.8904,6.46,5.097,13.98,21.39382,15.84191,18.40975,1.3505,conventional_oilfield_range
23.45,12.6515,6.47,11.841,10.82,7.1173,6.62878,6.8687,1.0737,high_pressure_gas_CO2
22.09,1.455,4.54,1.27,19.5,0.11836,0.94708,0.33481,8.0014,conventional_oilfield_range
23.19,1.9559,4.76,7.242,6.62,1.30692,8.63556,3.35947,6.6076,conventional_oilfield_range
85.18,0.815,6.43,19.045,5.3,13.6889,10.61671,12.05533,1.2894,conventional_oilfield_range
8.39,14.7353,5.02,15.432,6.03,5.32566,15.61885,9.12035,2.9328,high_pressure_gas_CO2
149.09,18.2227,6.04,1.115,0.89,88.5786,35.18181,55.82432,2.5177,high_pressure_gas_CO2
19.98,75.769,6.03,19.716,3.32,28.22959,20.51975,24.06791,1.3757,dense_phase_liquid_CO2
117.61,68.1537,6.15,3.299,0.65,179.81725,101.89225,135.35872,1.7648,high_pressure_gas_CO2
10.02,0.4737,6.2,5.733,3.85,0.20584,0.59575,0.35018,2.8943,conventional_oilfield_range
29.33,1.1819,3.62,57.775,18.12,3.99706,45.71687,13.51788,11.4376,conventional_oilfield_range
146.15,0.2191,6.15,3.107,6.75,5.53707,8.75748,6.96353,1.5816,conventional_oilfield_range
135.13,0.4766,4.71,12.514,11.09,17.2731,61.2678,32.53129,3.547,conventional_oilfield_range
35.18,0.381,5.83,2.627,3.24,0.33251,0.74646,0.4982,2.2449,conventional_oilfield_range
28.67,1.9066,3.52,14.772,6.94,2.40914,27.34442,8.11644,11.3503,conventional_oilfield_range
98.54,0.233,5.99,52.023,15.05,20.15902,28.43062,23.9402,1.4103,conventional_oilfield_range
13.34,21.8891,5.75,7.158,18.15,2.00724,3.96704,2.82184,1.9764,high_pressure_gas_CO2
142.95,0.2258,4.23,12.029,3.96,16.37961,95.22698,39.49406,5.8138,conventional_oilfield_range
58.9,0.3021,6.22,6.846,11.91,1.28763,1.55375,1.41444,1.2067,conventional_oilfield_range
87.12,50.7062,4.53,139.827,1.96,1398.66658,2878.98579,2006.67417,2.0584,high_pressure_gas_CO2
16.02,0.4867,4.94,3.2,8.02,0.21827,0.96629,0.45925,4.4271,conventional_oilfield_range
44.74,0.9026,5.5,12.793,18.36,1.75689,5.48254,3.10358,3.1206,conventional_oilfield_range
136.33,12.6958,6.17,8.441,8.97,161.61294,82.0299,115.13945,1.9702,high_pressure_gas_CO2
87.81,0.2986,5.73,14.453,5.37,6.70897,11.0274,8.60131,1.6437,conventional_oilfield_range
32.7,13.0452,3.69,31.905,17.2,12.74022,132.46937,41.08149,10.3977,high_pressure_gas_CO2
44.28,14.434,3.92,18.46,2.1,24.73287,204.49441,71.11774,8.2681,high_pressure_gas_CO2
80.03,2.1128,6.25,10.073,2.79,8.78972,15.51679,11.67853,1.7653,conventional_oilfield_range
59.28,16.7397,6.08,2.156,1.87,6.40486,7.21601,6.79835,1.1266,high_pressure_gas_CO2
41.88,24.7563,4.46,106.566,15.82,67.50238,269.35262,134.84043,3.9903,high_pressure_gas_CO2
145.52,0.8082,5.13,11.804,8.63,33.09009,61.03625,44.94101,1.8445,conventional_oilfield_range
33.75,0.4236,4.2,2.346,11.79,0.18716,2.1168,0.62943,11.3099,conventional_oilfield_range
56.91,7.1209,3.67,5.502,14.33,5.16666,32.14119,12.88652,6.2209,conventional_oilfield_range
44.87,44.6952,4.5,12.461,15.69,25.53049,64.54795,40.59484,2.5283,high_pressure_gas_CO2
125.28,4.2117,6.42,4.986,8.74,39.90623,20.10123,28.3225,1.9853,conventional_oilfield_range
119.34,0.1132,5.02,7.343,2.51,4.32406,15.17649,8.10087,3.5098,conventional_oilfield_range
49.25,0.4468,5.84,80.141,14.74,7.95196,17.29281,11.72654,2.1747,conventional_oilfield_range
29.47,0.3,4.05,5.787,15.1,0.2277,3.35479,0.874,14.7335,conventional_oilfield_range
120.39,63.3109,4.72,44.377,19.78,676.31608,1220.6865,908.60878,1.8049,high_pressure_gas_CO2
32.36,19.1178,6.14,25.469,1.81,31.54106,23.98617,27.50544,1.315,high_pressure_gas_CO2
40.62,0.6616,4.36,17.692,11.88,2.0816,11.97832,4.99341,5.7544,conventional_oilfield_range
99.99,1.525,5.99,9.222,2.69,17.21415,23.28271,20.01979,1.3525,conventional_oilfield_range
125.5,1.0668,6.02,124.537,7.23,218.02469,225.9558,221.95482,1.0364,conventional_oilfield_range
126.21,8.7307,3.56,3.191,1.5,54.24693,235.26929,112.97184,4.337,conventional_oilfield_range
36.84,1.2948,4.1,22.254,2.69,3.83604,43.18742,12.87124,11.2583,conventional_oilfield_range
17.59,5.9657,4.65,1.029,0.94,0.65439,2.17378,1.19269,3.3218,conventional_oilfield_range
25.82,2.8679,3.61,7.42,8.0,2.05149,17.34063,5.9644,8.4527,conventional_oilfield_range
125.49,0.1461,6.43,78.32,7.82,39.86945,49.13686,44.26126,1.2324,conventional_oilfield_range
141.21,0.1074,5.22,3.139,3.47,3.81473,10.85182,6.43404,2.8447,conventional_oilfield_range
124.79,9.4865,6.07,29.185,4.11,333.01757,181.06686,245.55742,1.8392,conventional_oilfield_range
64.5,0.109,6.31,22.036,5.66,2.37459,4.15854,3.14243,1.7513,conventional_oilfield_range
24.9,0.3982,3.8,5.746,18.0,0.21677,5.56597,1.09844,25.6763,conventional_oilfield_range
33.51,0.3436,4.91,88.528,10.47,2.97332,22.6395,8.20453,7.6142,conventional_oilfield_range
138.2,0.1244,6.08,2.842,5.02,3.30058,5.90928,4.41634,1.7904,conventional_oilfield_range
11.53,0.6797,4.79,1.416,6.56,0.07624,0.81044,0.24858,10.6297,conventional_oilfield_range
69.0,98.6316,6.01,11.909,12.31,121.00799,85.97752,101.99984,1.4074,dense_phase_supercritical_CO2
31.5,44.3215,4.36,2.999,6.15,6.47622,23.86361,12.43165,3.6848,high_pressure_gas_CO2
76.95,0.454,4.54,50.04,15.92,9.4446,58.04805,23.41453,6.1462,conventional_oilfield_range
42.05,5.1383,6.49,2.292,17.48,1.35796,1.10669,1.2259,1.227,conventional_oilfield_range
37.68,33.5892,3.91,16.494,0.83,29.42001,154.41941,67.40193,5.2488,high_pressure_gas_CO2
79.78,15.9157,4.3,26.341,19.59,82.28923,222.45201,135.29747,2.7033,high_pressure_gas_CO2
77.62,1.0272,6.16,11.175,18.87,5.84831,7.83867,6.77074,1.3403,conventional_oilfield_range
45.39,0.9202,5.27,1.083,15.96,0.24776,0.88587,0.46849,3.5755,conventional_oilfield_range
82.38,0.6103,4.78,4.604,16.93,1.92469,7.22384,3.72876,3.7533,conventional_oilfield_range
47.57,2.3272,6.37,13.713,5.52,4.90366,7.29208,5.97979,1.4871,conventional_oilfield_range
59.4,4.2335,4.85,26.208,17.12,17.56765,44.96888,28.10689,2.5598,conventional_oilfield_range
65.04,2.5238,5.54,6.977,4.68,5.07491,11.80506,7.74013,2.3262,conventional_oilfield_range
144.88,0.159,5.48,83.156,1.74,67.15442,177.51306,109.18236,2.6434,conventional_oilfield_range
93.29,0.1261,3.68,9.668,18.49,2.29446,29.24671,8.19179,12.7467,conventional_oilfield_range
6.61,3.5569,4.5,32.948,13.0,2.29709,14.05405,5.68185,6.1182,conventional_oilfield_range
47.06,0.5112,4.74,83.171,0.67,10.94592,51.70362,23.78958,4.7236,conventional_oilfield_range
40.96,0.6325,4.77,12.825,4.23,1.50074,12.15215,4.27051,8.0974,conventional_oilfield_range
101.55,0.1166,4.71,33.504,17.75,8.7506,41.12454,18.97009,4.6996,conventional_oilfield_range
31.54,0.355,4.73,73.496,18.22,1.84322,12.63944,4.82673,6.8573,conventional_oilfield_range
94.07,20.5727,4.86,25.587,8.62,191.64974,427.28288,286.16193,2.2295,high_pressure_gas_CO2
103.06,26.6081,3.64,10.577,4.1,134.73373,679.97461,302.68055,5.0468,high_pressure_gas_CO2
122.91,12.278,5.58,77.597,10.07,542.02457,604.87971,572.59031,1.116,high_pressure_gas_CO2
112.57,0.8805,6.48,5.036,0.44,11.36172,8.2562,9.68528,1.3761,conventional_oilfield_range
25.02,30.5708,5.58,1.342,12.96,1.22803,2.58269,1.7809,2.1031,high_pressure_gas_CO2
115.9,4.3171,4.7,37.492,0.59,175.66951,471.7903,287.88743,2.6857,conventional_oilfield_range
13.87,0.1619,5.79,18.093,19.24,0.19178,0.83069,0.39914,4.3314,conventional_oilfield_range
32.79,26.8382,5.24,46.611,10.18,31.8016,70.27585,47.27456,2.2098,high_pressure_gas_CO2
87.16,4.0693,3.98,1.824,3.08,6.03179,21.84437,11.47871,3.6215,conventional_oilfield_range
116.57,20.7895,4.2,1.573,14.75,36.53751,68.54565,50.04486,1.876,high_pressure_gas_CO2
124.24,0.8392,4.29,7.617,5.84,25.84453,83.59031,46.47959,3.2344,conventional_oilfield_range
90.75,11.5051,5.49,130.676,1.74,516.6783,377.41538,441.59069,1.369,high_pressure_gas_CO2
48.86,93.0468,5.3,1.101,5.65,10.00136,10.41752,10.20732,1.0416,dense_phase_supercritical_CO2
65.69,0.1203,4.64,2.46,12.34,0.35015,1.79696,0.79322,5.132,conventional_oilfield_range
5.29,0.5962,5.32,2.256,19.99,0.05635,0.46415,0.16173,8.2363,conventional_oilfield_range
112.66,0.682,5.86,58.396,13.95,53.77836,51.07669,52.41012,1.0529,conventional_oilfield_range
124.19,0.1683,5.67,1.75,9.43,1.87903,3.35918,2.51237,1.7877,conventional_oilfield_range
96.93,72.7017,4.31,3.038,2.28,115.06511,176.66604,142.57664,1.5354,high_pressure_gas_CO2
130.24,18.8743,6.26,1.675,13.01,43.88819,28.54495,35.39472,1.5375,high_pressure_gas_CO2
138.55,9.4299,6.2,26.501,1.86,637.5782,225.92034,379.5285,2.8221,conventional_oilfield_range
117.33,0.2205,3.66,20.121,3.12,15.01162,131.43775,44.41951,8.7557,conventional_oilfield_range
132.58,0.4081,5.04,14.922,10.35,32.22683,41.65094,36.63711,1.2924,conventional_oilfield_range
14.51,0.3006,3.95,2.293,18.92,0.0442,0.88307,0.19755,19.9811,conventional_oilfield_range
116.71,31.5334,6.03,5.128,18.93,86.4286,48.00194,64.41072,1.8005,high_pressure_gas_CO2
26.36,3.3337,5.24,5.463,11.3,1.11778,3.71426,2.03758,3.3229,conventional_oilfield_range
44.96,0.1682,5.12,8.326,11.85,0.61389,3.13132,1.38646,5.1008,conventional_oilfield_range
134.68,37.6477,4.01,10.657,7.84,417.70353,953.07778,630.95479,2.2817,high_pressure_gas_CO2
24.35,0.1123,5.37,9.838,12.71,0.22291,0.62191,0.37233,2.79,conventional_oilfield_range
66.09,10.4125,6.15,4.08,4.37,12.87322,9.3007,10.94212,1.3841,high_pressure_gas_CO2
99.39,8.429,4.5,13.669,16.43,53.69391,144.29518,88.02143,2.6874,conventional_oilfield_range
30.9,16.1196,4.39,27.568,13.15,14.1463,93.40843,36.35084,6.603,high_pressure_gas_CO2
59.22,1.6729,3.56,1.57,18.52,1.02539,8.1853,2.89709,7.9826,conventional_oilfield_range
41.05,0.3531,6.23,17.382,8.1,1.6176,2.23796,1.90266,1.3835,conventional_oilfield_range
41.24,1.3495,5.78,1.004,18.37,0.24967,0.68793,0.41443,2.7554,conventional_oilfield_range
24.28,19.7045,5.57,1.234,7.1,1.22885,2.14046,1.62182,1.7418,high_pressure_gas_CO2
77.68,0.1728,5.1,9.05,7.34,2.58178,7.13802,4.29288,2.7648,conventional_oilfield_range
145.78,41.7938,5.98,3.907,17.54,164.35031,85.62378,118.6267,1.9194,high_pressure_gas_CO2
56.08,14.1432,4.86,12.15,10.36,20.37029,72.83278,38.51785,3.5754,high_pressure_gas_CO2
64.61,99.3547,6.38,3.179,0.77,39.62874,26.51106,32.41296,1.4948,dense_phase_supercritical_CO2
117.44,81.3707,4.72,18.779,2.59,640.87817,915.11542,765.81818,1.4279,dense_phase_supercritical_CO2
75.27,54.2142,6.16,93.226,2.7,723.72286,405.58272,541.78362,1.7844,high_pressure_gas_CO2
92.7,1.4483,4.0,7.83,12.4,12.23864,57.99081,26.64073,4.7383,conventional_oilfield_range
15.54,2.2968,6.29,18.601,3.54,2.27798,3.27591,2.73175,1.4381,conventional_oilfield_range
147.86,53.2161,6.34,26.937,3.09,1991.92176,481.49169,979.33333,4.137,high_pressure_gas_CO2
142.95,4.4105,4.15,43.184,14.7,322.38488,758.45102,494.4827,2.3526,conventional_oilfield_range
79.64,13.5004,4.85,2.556,18.33,8.80844,22.84432,14.1853,2.5935,high_pressure_gas_CO2
40.82,3.7634,3.65,115.32,16.15,32.06104,199.14342,79.9046,6.2114,conventional_oilfield_range
18.87,0.3985,5.08,2.586,15.29,0.16997,0.8725,0.3851,5.1332,conventional_oilfield_range
63.36,0.1225,6.19,4.268,0.99,0.83486,1.22626,1.01181,1.4688,conventional_oilfield_range
139.84,0.2757,5.35,42.221,1.35,63.89157,88.41898,75.16134,1.3839,conventional_oilfield_range
100.89,36.2011,6.11,38.987,11.28,422.82701,256.9267,329.59907,1.6457,high_pressure_gas_CO2
34.6,27.2008,4.99,2.145,12.71,3.04374,8.40013,5.05646,2.7598,high_pressure_gas_CO2
90.76,4.1729,5.43,64.908,7.67,143.85677,242.82834,186.90239,1.688,conventional_oilfield_range
141.27,0.2549,6.23,5.212,19.39,6.09513,6.08069,6.08791,1.0024,conventional_oilfield_range
31.48,1.0245,4.2,17.413,9.69,1.52667,19.16984,5.4098,12.5567,conventional_oilfield_range
121.06,7.3647,4.28,93.537,8.01,662.16422,1344.30435,943.47774,2.0302,conventional_oilfield_range
146.63,21.3975,6.26,135.016,0.68,3893.48955,1381.43061,2319.1778,2.8184,high_pressure_gas_CO2
82.42,43.455,3.76,27.151,4.92,290.23376,888.36484,507.77305,3.0609,high_pressure_gas_CO2
64.23,0.2002,5.08,17.557,19.56,1.92004,9.01324,4.16003,4.6943,conventional_oilfield_range
137.73,8.4307,5.81,70.591,0.13,868.17368,993.91443,928.91891,1.1448,conventional_oilfield_range
76.16,0.2299,3.99,3.096,1.45,1.24326,13.08124,4.03279,10.5217,conventional_oilfield_range
50.78,1.6372,3.54,12.016,9.92,3.97806,44.32994,13.27957,11.1436,conventional_oilfield_range
148.63,1.119,4.18,1.54,11.51,7.81454,24.74404,13.90551,3.1664,conventional_oilfield_range
26.26,1.0013,5.37,65.892,11.95,4.51903,16.48443,8.63097,3.6478,conventional_oilfield_range
75.22,0.4265,3.62,4.457,3.68,1.7944,40.80197,8.55657,22.7385,conventional_oilfield_range
44.88,2.2165,5.15,1.0,5.42,0.52672,2.18743,1.07339,4.1529,conventional_oilfield_range
144.02,1.7699,3.89,3.095,19.73,22.31953,58.94933,36.27287,2.6412,conventional_oilfield_range
105.32,2.5781,4.46,49.167,12.17,99.25877,236.49302,153.21229,2.3826,conventional_oilfield_range
146.73,11.5927,6.06,132.332,1.8,1788.41825,759.57077,1165.51715,2.3545,high_pressure_gas_CO2
29.14,4.1175,4.54,3.83,7.67,1.44647,7.50908,3.2957,5.1913,conventional_oilfield_range
123.02,4.7319,4.56,1.007,6.93,11.44363,20.90404,15.46668,1.8267,conventional_oilfield_range
122.13,0.9181,6.01,3.69,14.37,7.04562,7.52184,7.27984,1.0676,conventional_oilfield_range
41.09,9.982,6.27,1.265,9.84,1.49926,1.69955,1.59626,1.1336,conventional_oilfield_range
6.64,0.5464,5.99,1.065,6.23,0.05003,0.15153,0.08707,3.0287,conventional_oilfield_range
45.06,0.1135,5.78,20.645,15.77,0.64231,2.31816,1.22024,3.6091,conventional_oilfield_range
121.62,0.1181,4.13,6.802,15.38,3.48587,16.80501,7.65376,4.8209,conventional_oilfield_range
10.79,3.4772,6.25,15.267,7.99,2.02028,2.77044,2.36581,1.3713,conventional_oilfield_range
105.54,0.1156,4.83,15.002,3.03,5.25254,30.98936,12.75825,5.8999,conventional_oilfield_range
54.0,81.7482,4.65,32.06,14.19,127.77102,312.9513,199.96526,2.4493,dense_phase_supercritical_CO2
39.33,14.5378,3.9,1.321,3.8,2.69164,14.71232,6.29287,5.4659,high_pressure_gas_CO2
128.25,3.2316,5.02,1.307,15.37,9.30883,17.4632,12.74998,1.876,conventional_oilfield_range
109.38,6.5367,4.95,128.305,11.93,550.64099,825.50397,674.20793,1.4992,conventional_oilfield_range
22.04,12.5278,3.78,66.981,16.45,11.2994,98.76939,33.40711,8.7411,high_pressure_gas_CO2
130.52,0.1724,4.1,72.959,2.91,48.50869,330.27864,126.57561,6.8086,conventional_oilfield_range
53.62,0.6715,4.52,1.266,3.26,0.45637,3.21519,1.21133,7.0451,conventional_oilfield_range
22.3,6.0534,4.71,4.391,9.1,1.13994,4.23958,2.19838,3.7191,conventional_oilfield_range
26.28,0.8722,5.3,10.558,0.14,1.01174,4.95183,2.2383,4.8944,conventional_oilfield_range
108.12,0.7741,5.68,121.887,1.13,86.39126,177.29109,123.75945,2.0522,conventional_oilfield_range
117.02,56.9642,6.19,1.493,15.01,52.73479,33.65822,42.13026,1.5668,high_pressure_gas_CO2
124.32,5.2106,5.69,17.976,8.42,134.25332,87.59436,108.44277,1.5327,conventional_oilfield_range
149.68,0.2494,4.72,3.468,14.06,4.587,17.26356,8.89876,3.7636,conventional_oilfield_range
57.68,84.8534,3.91,6.861,14.8,40.14582,173.42985,83.4415,4.32,dense_phase_supercritical_CO2
75.49,4.6406,4.85,2.953,7.77,5.99313,20.1085,10.97784,3.3553,conventional_oilfield_range
122.83,1.514,3.62,7.266,8.68,26.32464,154.46267,63.76656,5.8676,conventional_oilfield_range
110.99,45.8457,3.76,23.883,5.32,640.62582,1653.32504,1029.15631,2.5808,high_pressure_gas_CO2
22.5,37.9091,5.26,19.455,19.77,14.76978,28.29634,20.44336,1.9158,high_pressure_gas_CO2
97.67,0.2688,3.91,21.074,6.78,8.77368,58.84325,22.72161,6.7068,conventional_oilfield_range
71.71,1.2974,4.9,19.958,4.63,15.69729,50.7844,28.23433,3.2352,conventional_oilfield_range
32.07,1.5041,3.65,36.258,8.61,6.4143,85.12614,23.36717,13.2713,conventional_oilfield_range
55.58,27.8088,4.98,4.391,6.43,19.71747,21.14102,20.41684,1.0722,high_pressure_gas_CO2
90.63,0.2577,4.46,42.257,19.25,8.83846,57.44774,22.5333,6.4997,conventional_oilfield_range
52.76,3.4784,3.87,1.085,11.22,0.99334,6.09082,2.45973,6.1316,conventional_oilfield_range
55.44,1.1251,4.13,84.86,16.91,14.83545,88.25612,36.18452,5.949,conventional_oilfield_range
63.89,39.8903,5.29,31.076,2.99,117.87549,207.13701,156.2574,1.7573,high_pressure_gas_CO2
50.66,1.668,3.54,128.747,8.17,33.37962,239.95424,89.49626,7.1886,conventional_oilfield_range
49.89,1.8585,4.84,4.414,17.27,1.71933,7.21913,3.52308,4.1988,conventional_oilfield_range
138.62,0.1117,4.09,55.003,1.26,37.23138,245.64718,95.63359,6.5979,conventional_oilfield_range
59.3,0.3955,3.51,9.123,13.59,1.4912,20.29502,5.50126,13.6099,conventional_oilfield_range
77.07,0.1913,4.77,5.686,8.8,1.52099,7.23706,3.31775,4.7581,conventional_oilfield_range
42.07,0.1679,4.24,5.132,8.85,0.32815,4.82649,1.25849,14.7083,conventional_oilfield_range
145.45,15.6953,4.6,1.626,16.23,40.59806,49.52513,44.83998,1.2199,high_pressure_gas_CO2
72.79,0.1456,5.67,1.853,18.67,0.37356,0.9106,0.58324,2.4376,conventional_oilfield_range
81.08,5.3301,4.69,125.509,18.73,140.16214,305.42797,206.90442,2.1791,conventional_oilfield_range
36.15,0.9779,6.16,16.031,3.9,2.19826,5.68534,3.53523,2.5863,conventional_oilfield_range
43.26,10.2721,4.88,15.495,0.14,16.38929,48.45914,28.18174,2.9568,high_pressure_gas_CO2
31.93,0.5354,5.74,10.984,9.48,0.85101,2.11162,1.34053,2.4813,conventional_oilfield_range
40.43,0.1042,5.43,16.849,3.28,0.58973,2.88514,1.30439,4.8923,conventional_oilfield_range
40.07,0.3706,5.95,31.765,12.07,1.51231,5.37566,2.85125,3.5546,conventional_oilfield_range
24.32,4.9724,6.08,4.257,0.8,2.15412,2.04621,2.09947,1.0527,conventional_oilfield_range
51.71,19.4652,5.95,108.18,17.92,79.12151,115.75687,95.70193,1.463,high_pressure_gas_CO2
91.09,0.3635,4.0,10.719,4.74,6.73151,42.93941,17.00139,6.3789,conventional_oilfield_range
109.53,40.0312,5.46,1.264,4.77,47.80266,47.27802,47.53962,1.0111,high_pressure_gas_CO2
41.45,94.3465,3.7,21.995,4.56,87.61863,350.3687,175.2108,3.9988,dense_phase_supercritical_CO2
47.53,0.4338,4.39,27.282,12.09,1.87663,19.5167,6.05191,10.3999,conventional_oilfield_range
6.32,10.4233,4.49,4.997,1.68,1.48372,6.58216,3.12508,4.4362,high_pressure_gas_CO2
23.39,1.469,6.24,9.185,8.73,0.95627,1.5576,1.22045,1.6288,conventional_oilfield_range
34.25,75.5431,3.87,1.019,16.65,3.57022,9.79374,5.91319,2.7432,dense_phase_supercritical_CO2
35.95,0.2912,5.82,8.733,12.51,0.56185,1.06751,0.77445,1.9,conventional_oilfield_range
76.45,2.5253,4.16,110.626,8.28,80.45099,324.49945,161.57445,4.0335,conventional_oilfield_range
9.9,1.5678,6.29,38.797,0.57,2.27516,4.78523,3.29957,2.1032,conventional_oilfield_range
85.98,0.1436,4.64,1.189,12.29,0.43475,2.58406,1.05991,5.9438,conventional_oilfield_range
49.11,7.7718,3.75,62.13,12.81,39.28699,237.93448,96.68366,6.0563,conventional_oilfield_range
12.78,49.3652,4.31,29.494,17.37,9.65261,70.73626,26.13024,7.3282,high_pressure_gas_CO2
78.42,1.9235,4.76,6.425,18.52,6.07889,15.31772,9.6496,2.5198,conventional_oilfield_range
28.19,33.7527,4.24,7.603,16.1,6.61104,30.14418,14.11681,4.5597,high_pressure_gas_CO2
127.81,26.836,4.71,119.84,5.25,1884.85968,3154.64591,2438.45543,1.6737,high_pressure_gas_CO2
88.18,0.6336,5.29,25.414,4.18,14.5117,39.89145,24.06019,2.7489,conventional_oilfield_range
90.13,20.4279,5.54,42.554,16.77,169.40761,141.01637,154.56147,1.2013,high_pressure_gas_CO2
91.73,0.1707,5.3,34.392,8.54,6.97337,22.85111,12.62336,3.2769,conventional_oilfield_range
50.67,0.8725,6.1,19.934,16.01,3.66243,7.88144,5.37264,2.152,conventional_oilfield_range
117.39,2.0397,4.15,1.935,4.45,7.46616,33.55688,15.82849,4.4945,conventional_oilfield_range
19.71,0.2007,5.66,18.819,18.69,0.23199,1.26775,0.54232,5.4646,conventional_oilfield_range
100.78,53.7884,4.49,4.24,18.66,71.44443,138.11796,99.3366,1.9332,high_pressure_gas_CO2
106.47,0.3527,4.85,41.036,19.75,18.09969,53.59275,31.14502,2.961,conventional_oilfield_range
33.0,5.953,5.09,98.183,18.78,17.51212,85.4553,38.68466,4.8798,conventional_oilfield_range
139.73,0.3054,4.69,10.078,10.08,11.29351,53.30998,24.53685,4.7204,conventional_oilfield_range
117.28,3.7937,6.23,1.906,9.01,11.57633,7.81319,9.51042,1.4816,conventional_oilfield_range
13.38,9.3712,6.42,4.279,7.76,1.65971,1.84591,1.75033,1.1122,conventional_oilfield_range
148.18,0.3979,5.67,17.882,7.4,35.59887,72.75941,50.89355,2.0439,conventional_oilfield_range
88.37,4.0686,6.11,3.888,0.49,12.73254,10.59923,11.61702,1.2013,conventional_oilfield_range
104.57,7.4233,5.2,54.183,3.86,239.06483,337.74157,284.1516,1.4128,conventional_oilfield_range
5.54,7.2893,6.25,2.165,7.9,0.54313,0.94322,0.71575,1.7366,conventional_oilfield_range
13.61,43.6688,4.75,6.855,2.65,6.82182,24.31795,12.87993,3.5647,high_pressure_gas_CO2
135.63,15.7531,5.55,7.661,5.56,122.93462,154.61108,137.86607,1.2577,high_pressure_gas_CO2
142.32,0.9277,5.75,6.027,9.87,34.82772,36.0733,35.44504,1.0358,conventional_oilfield_range
41.94,1.9627,3.52,1.3,10.48,0.46952,8.8087,2.03367,18.7612,conventional_oilfield_range
65.16,3.9162,3.9,30.684,7.15,24.74021,197.23465,69.85432,7.9722,conventional_oilfield_range
52.14,0.2895,6.18,74.966,5.2,6.93895,10.25629,8.43611,1.4781,conventional_oilfield_range
73.48,0.7732,3.93,70.047,4.03,18.09311,191.85299,58.91704,10.6036,conventional_oilfield_range
149.73,0.1125,5.83,66.114,16.41,45.86861,46.79604,46.33,1.0202,conventional_oilfield_range
70.63,74.9885,4.72,1.257,12.44,17.43951,26.81749,21.626,1.5377,dense_phase_supercritical_CO2
137.86,3.4521,4.73,2.384,15.95,19.79797,44.03431,29.52609,2.2242,conventional_oilfield_range
93.66,4.0181,3.59,21.116,17.45,38.44963,217.52334,91.45322,5.6574,conventional_oilfield_range
101.86,0.1087,5.81,24.45,16.47,4.12065,10.69416,6.63829,2.5953,conventional_oilfield_range
127.47,29.0943,5.23,11.474,16.81,213.99706,247.32544,230.05851,1.1557,high_pressure_gas_CO2
43.97,0.4258,4.67,3.874,0.26,0.65723,4.4922,1.71826,6.8351,conventional_oilfield_range
34.67,18.2194,4.63,31.94,5.98,16.07821,95.61654,39.20896,5.947,high_pressure_gas_CO2
88.09,3.1246,5.42,3.053,5.02,10.08999,14.58601,12.13148,1.4456,conventional_oilfield_range
125.12,19.2223,3.64,27.013,8.64,468.6825,1963.41817,959.28084,4.1892,high_pressure_gas_CO2
44.19,8.9541,5.93,1.249,4.67,2.65167,3.20193,2.91384,1.2075,conventional_oilfield_range
92.07,19.4142,4.5,4.075,16.83,32.57668,70.18623,47.81668,2.1545,high_pressure_gas_CO2
50.27,0.1326,3.79,41.613,13.3,1.48237,28.20045,6.46556,19.0239,conventional_oilfield_range
71.74,6.7451,6.37,1.768,6.18,4.44897,4.14891,4.29632,1.0723,conventional_oilfield_range
43.76,53.3532,5.07,2.218,0.07,8.18698,20.31665,12.89698,2.4816,high_pressure_gas_CO2
126.67,0.912,5.42,79.699,13.93,119.07821,160.18237,138.10949,1.3452,conventional_oilfield_range
87.73,0.3003,5.44,3.008,19.42,0.84977,3.16186,1.63916,3.7209,conventional_oilfield_range
57.29,4.425,5.65,44.335,3.31,29.04747,64.96165,43.43929,2.2364,conventional_oilfield_range
139.57,0.426,6.05,9.226,14.0,15.11039,18.93866,16.91658,1.2534,conventional_oilfield_range
90.6,9.3672,5.43,30.391,7.43,141.93644,147.87602,144.87579,1.0418,conventional_oilfield_range
134.56,19.6367,4.91,12.288,5.9,337.49662,465.49643,396.3628,1.3793,high_pressure_gas_CO2
57.46,1.0463,4.44,22.667,11.87,7.43093,35.93392,16.34082,4.8357,conventional_oilfield_range
27.15,0.2515,5.67,3.012,9.48,0.12449,0.62709,0.2794,5.0374,conventional_oilfield_range
88.99,87.5161,6.15,3.134,13.59,62.92914,32.71736,45.37483,1.9234,dense_phase_supercritical_CO2
122.82,19.4415,4.79,62.077,17.46,547.36225,707.85707,622.45822,1.2932,high_pressure_gas_CO2
69.96,10.3109,5.16,57.871,19.69,55.5285,117.72632,80.85274,2.1201,high_pressure_gas_CO2
15.24,23.6148,4.76,4.822,4.05,1.83668,11.54718,4.60527,6.287,high_pressure_gas_CO2
132.39,4.3047,5.37,1.221,9.05,15.91453,22.93585,19.10532,1.4412,conventional_oilfield_range
56.15,0.1565,4.98,1.338,11.62,0.11989,1.34725,0.40189,11.2376,conventional_oilfield_range
115.51,7.6131,4.0,62.97,4.2,379.37066,1711.38378,805.75976,4.5111,conventional_oilfield_range
64.6,3.7616,6.08,122.441,13.7,62.63785,83.82232,72.45999,1.3382,conventional_oilfield_range
91.08,11.0605,4.04,108.66,15.73,226.66026,907.59837,453.55979,4.0042,high_pressure_gas_CO2
53.39,0.1839,6.14,15.486,3.09,1.16248,2.91682,1.8414,2.5091,conventional_oilfield_range
80.83,1.4484,5.47,45.613,10.21,38.52199,77.0537,54.48176,2.0003,conventional_oilfield_range
99.08,2.9199,6.25,6.988,15.21,17.0757,13.13966,14.97895,1.2996,conventional_oilfield_range
22.17,2.3123,3.9,11.138,2.93,1.54351,18.94492,5.40756,12.2739,conventional_oilfield_range
92.97,0.4931,4.32,34.457,13.26,18.49333,67.65843,35.37272,3.6585,conventional_oilfield_range
93.08,2.3034,3.64,35.76,0.88,52.5954,444.35713,152.87623,8.4486,conventional_oilfield_range
94.06,38.6151,5.85,76.276,19.93,478.99607,380.24267,426.77247,1.2597,high_pressure_gas_CO2
69.68,25.1825,4.83,40.713,15.32,130.74463,190.66536,157.88753,1.4583,high_pressure_gas_CO2
132.58,0.1997,4.49,23.744,13.63,18.50968,64.32354,34.50519,3.4751,conventional_oilfield_range
136.23,1.1815,5.43,13.868,12.36,38.53246,49.42072,43.63831,1.2826,conventional_oilfield_range
79.9,13.5745,4.34,1.251,7.35,7.26593,25.77447,13.68486,3.5473,high_pressure_gas_CO2
145.92,0.8592,4.43,11.27,1.03,54.77153,158.52211,93.17992,2.8942,conventional_oilfield_range
27.1,0.4791,5.44,5.038,0.98,0.28129,2.48715,0.83643,8.8419,conventional_oilfield_range
21.51,7.6446,4.68,107.976,10.68,20.65779,97.78273,44.94413,4.7335,conventional_oilfield_range
97.64,43.1543,4.85,9.363,1.07,195.98923,245.27318,219.25077,1.2515,high_pressure_gas_CO2
146.16,25.8756,5.38,5.987,10.25,228.27675,320.46761,270.47237,1.4039,high_pressure_gas_CO2
88.3,0.7592,6.24,142.438,16.39,37.63792,68.41398,50.74406,1.8177,conventional_oilfield_range
143.3,27.7467,3.7,2.98,2.69,154.83275,564.71958,295.69763,3.6473,high_pressure_gas_CO2
77.3,9.6764,6.11,5.925,18.9,11.94157,15.30771,13.52028,1.2819,conventional_oilfield_range
28.22,53.7076,5.51,27.654,4.67,24.59933,62.00788,39.05576,2.5207,high_pressure_gas_CO2
117.23,0.4218,3.61,16.957,1.77,14.78811,151.23554,47.29151,10.2268,conventional_oilfield_range
100.97,8.4645,6.49,3.115,3.5,34.61904,17.08074,24.31704,2.0268,conventional_oilfield_range
111.78,0.161,4.54,40.536,10.75,11.78144,64.13152,27.48749,5.4434,conventional_oilfield_range
8.48,2.5101,4.12,4.312,7.69,0.36492,4.68148,1.30705,12.8287,conventional_oilfield_range
30.62,0.2328,5.73,17.595,10.9,0.52165,1.71203,0.94503,3.282,conventional_oilfield_range
75.62,16.679,6.27,21.227,8.49,65.94538,56.59034,61.08904,1.1653,high_pressure_gas_CO2
142.5,49.281,3.73,27.913,8.09,961.19289,3076.6558,1719.66848,3.2009,high_pressure_gas_CO2
141.7,47.176,3.8,51.783,6.0,1971.27501,6509.98622,3582.31394,3.3024,high_pressure_gas_CO2
106.36,0.1499,5.27,60.05,4.07,17.29494,61.14716,32.51978,3.5356,conventional_oilfield_range
8.75,97.4252,5.27,36.689,2.51,24.95525,81.95835,45.22489,3.2842,dense_phase_liquid_CO2
149.55,81.8993,5.81,1.154,3.03,230.91618,79.74971,135.70371,2.8955,dense_phase_supercritical_CO2
145.54,17.6727,5.23,25.43,7.69,645.19457,574.17452,608.64956,1.1237,high_pressure_gas_CO2
134.15,1.7654,4.86,1.853,14.93,12.1414,21.44027,16.13428,1.7659,conventional_oilfield_range
143.12,0.101,6.49,42.139,18.31,18.59602,26.1839,22.06618,1.408,conventional_oilfield_range
138.65,0.2531,6.05,1.899,13.6,3.74259,3.76034,3.75145,1.0047,conventional_oilfield_range
90.32,0.1315,6.2,2.846,8.75,0.83973,1.57762,1.15099,1.8787,conventional_oilfield_range
66.04,1.1865,5.72,1.6,17.28,0.80406,1.53015,1.10921,1.903,conventional_oilfield_range
97.17,0.6733,4.71,3.954,0.54,5.88477,22.13942,11.41426,3.7622,conventional_oilfield_range
129.46,0.1542,4.41,7.253,7.21,7.10983,30.09478,14.62767,4.2328,conventional_oilfield_range
122.31,27.5847,3.83,6.84,9.79,173.39815,541.39043,306.39206,3.1222,high_pressure_gas_CO2
87.3,22.2272,4.57,93.0,7.63,395.98417,919.1292,603.29148,2.3211,high_pressure_gas_CO2
89.48,0.2978,4.05,30.995,7.51,14.10131,65.47171,30.38482,4.643,conventional_oilfield_range
48.3,0.1364,4.15,73.752,15.86,2.69501,24.60043,8.14239,9.1281,conventional_oilfield_range
146.06,16.9377,4.5,1.375,14.44,53.92458,128.93925,83.38462,2.3911,high_pressure_gas_CO2
145.44,21.8003,6.28,3.603,10.99,121.52228,58.47112,84.29439,2.0783,high_pressure_gas_CO2
137.04,0.4854,3.5,10.476,4.82,24.7352,216.43138,73.16743,8.7499,conventional_oilfield_range
57.37,1.3612,5.72,1.521,13.73,0.72875,2.19249,1.26403,3.0086,conventional_oilfield_range
26.58,0.1898,4.28,50.232,9.16,0.92932,13.97575,3.60388,15.0386,conventional_oilfield_range
50.94,0.1551,6.12,1.041,0.28,0.14691,0.40085,0.24267,2.7285,conventional_oilfield_range
76.85,2.0246,3.78,2.648,13.97,3.34945,18.05051,7.77556,5.3891,conventional_oilfield_range
13.67,14.7659,5.11,125.89,1.72,31.13498,111.67594,58.96633,3.5868,high_pressure_gas_CO2
18.35,0.1566,4.19,11.157,8.25,0.16419,2.40999,0.62904,14.6783,conventional_oilfield_range
7.14,24.8482,3.73,9.83,0.91,3.68849,33.10398,11.05005,8.9749,high_pressure_gas_CO2
51.41,0.8009,4.49,9.733,1.06,2.37581,13.78951,5.72375,5.8041,conventional_oilfield_range
5.33,39.0099,5.97,26.835,4.89,10.68912,16.00331,13.07904,1.4972,high_pressure_gas_CO2
141.6,0.3448,5.73,1.063,0.66,3.91207,5.68585,4.7163,1.4534,conventional_oilfield_range
144.05,1.9734,4.51,25.586,18.85,99.68908,250.91357,158.15607,2.517,conventional_oilfield_range
52.33,31.1048,4.0,40.951,1.92,105.08157,450.07924,217.47421,4.2831,high_pressure_gas_CO2
64.28,0.1288,4.45,3.608,14.77,0.3912,3.08279,1.09818,7.8803,conventional_oilfield_range
147.55,1.6047,6.18,2.804,14.8,19.14632,14.1332,16.44989,1.3547,conventional_oilfield_range
24.81,0.1294,6.47,3.2,19.55,0.07895,0.19149,0.12296,2.4254,conventional_oilfield_range
11.84,1.3594,5.47,1.615,13.27,0.1212,0.49613,0.24521,4.0934,conventional_oilfield_range
15.95,18.8146,4.27,4.651,4.47,2.96644,17.59684,7.22496,5.932,high_pressure_gas_CO2
30.27,0.3504,4.64,130.926,15.93,4.25845,36.57193,12.47957,8.5881,conventional_oilfield_range
41.85,31.4204,4.74,4.135,2.52,10.27104,38.08822,19.77892,3.7083,high_pressure_gas_CO2
48.27,25.8507,5.33,8.547,0.1,23.04572,50.13962,33.9927,2.1757,high_pressure_gas_CO2
67.26,0.6351,5.74,38.713,11.67,8.5233,22.9458,13.98477,2.6921,conventional_oilfield_range
70.8,10.2344,5.38,77.02,4.85,129.50278,191.66454,157.5471,1.48,high_pressure_gas_CO2
95.64,0.3404,4.92,3.199,8.1,2.38274,6.92795,4.06295,2.9076,conventional_oilfield_range
30.75,1.4156,6.38,6.415,6.65,1.21589,1.54993,1.37279,1.2747,conventional_oilfield_range
115.78,1.48,3.97,51.73,17.45,58.01248,359.99115,144.51291,6.2054,conventional_oilfield_range
65.4,0.7951,4.3,50.507,7.39,14.68281,128.28482,43.40026,8.7371,conventional_oilfield_range
106.21,0.3004,6.13,49.183,18.98,21.0598,21.21648,21.138,1.0074,conventional_oilfield_range
109.35,10.0177,4.51,16.642,13.97,97.30164,204.60156,141.09595,2.1028,high_pressure_gas_CO2
115.47,43.862,5.23,85.677,14.96,1253.00113,1285.9398,1269.36363,1.0263,high_pressure_gas_CO2
137.06,18.405,4.66,102.383,3.01,2124.78952,3286.91374,2642.72584,1.5469,high_pressure_gas_CO2
27.71,2.3605,5.43,107.769,19.02,8.84372,21.84029,13.89782,2.4696,conventional_oilfield_range
37.57,0.6522,6.32,4.204,10.97,0.46271,0.96989,0.66991,2.0961,conventional_oilfield_range
101.97,0.1198,5.85,7.175,10.77,2.30691,5.77059,3.6486,2.5014,conventional_oilfield_range
97.64,7.0426,5.76,44.82,15.75,131.38806,130.88056,131.13406,1.0039,conventional_oilfield_range
129.76,10.5059,5.0,1.663,17.94,21.92839,34.74419,27.60225,1.5844,high_pressure_gas_CO2
71.98,0.1224,3.57,56.86,9.48,4.67208,90.33735,20.54419,19.3356,conventional_oilfield_range
29.08,30.9238,3.51,1.613,10.73,2.02826,22.87181,6.81102,11.2766,high_pressure_gas_CO2
85.31,13.6375,5.17,2.016,14.64,10.59297,17.46353,13.60112,1.6486,high_pressure_gas_CO2
146.99,86.5241,4.69,2.676,15.36,252.89578,227.00335,239.60006,1.1141,dense_phase_supercritical_CO2
31.67,8.4593,6.01,42.576,19.83,10.14181,14.79473,12.2493,1.4588,conventional_oilfield_range
106.87,1.08,4.72,99.044,3.83,129.79949,393.66353,226.04718,3.0329,conventional_oilfield_range
139.96,38.1701,5.27,90.555,0.23,2529.33037,3049.64603,2777.33007,1.2057,high_pressure_gas_CO2
78.32,9.8817,6.48,1.734,12.84,6.63351,3.74394,4.98352,1.7718,conventional_oilfield_range
47.36,2.4016,5.36,9.605,13.44,2.56972,11.27753,5.38332,4.3886,conventional_oilfield_range
37.51,0.9681,5.3,1.179,19.12,0.22684,0.79279,0.42407,3.495,conventional_oilfield_range
117.14,0.121,4.7,36.588,11.35,12.94681,73.57032,30.86261,5.6825,conventional_oilfield_range
115.41,0.1754,4.18,3.911,5.44,2.48419,20.79454,7.18732,8.3708,conventional_oilfield_range
125.82,9.3406,4.12,31.048,10.67,286.94004,842.22362,491.59707,2.9352,conventional_oilfield_range
86.69,24.6279,4.3,38.459,19.1,183.84474,380.75174,264.57363,2.0711,high_pressure_gas_CO2
36.39,0.1666,4.25,15.299,2.07,0.88086,8.7205,2.77156,9.9,conventional_oilfield_range
99.9,5.9013,5.47,47.775,0.95,159.76395,345.28954,234.87192,2.1612,conventional_oilfield_range
28.42,54.3944,3.95,16.695,17.63,22.8471,70.74147,40.20246,3.0963,high_pressure_gas_CO2
63.61,4.2941,3.6,125.756,17.52,57.67855,473.23512,165.21354,8.2047,conventional_oilfield_range
25.94,73.1677,5.81,3.639,17.91,6.56657,6.74135,6.65339,1.0266,high_pressure_gas_CO2
42.86,0.2936,3.68,4.951,1.49,0.71748,9.58088,2.62185,13.3535,conventional_oilfield_range
147.73,0.1943,6.01,104.646,1.99,132.9442,127.3089,130.09604,1.0443,conventional_oilfield_range
16.58,22.9939,3.8,33.68,1.73,14.5264,138.77292,44.89845,9.5532,high_pressure_gas_CO2
24.61,13.07,5.25,4.714,16.95,2.38247,5.91089,3.75267,2.481,high_pressure_gas_CO2
136.4,10.163,3.51,129.486,10.42,1213.94045,4875.21494,2432.73933,4.016,high_pressure_gas_CO2
18.34,0.2498,5.1,71.127,5.98,1.61303,11.13188,4.23746,6.9012,conventional_oilfield_range
106.09,20.7884,5.32,128.905,9.53,735.76865,1004.85537,859.84945,1.3657,high_pressure_gas_CO2
47.71,1.9325,5.32,3.309,15.77,1.74218,4.16325,2.69317,2.3897,conventional_oilfield_range
77.4,6.9823,3.83,139.75,2.44,210.11503,1208.08313,503.82182,5.7496,conventional_oilfield_range
41.18,0.2853,4.55,80.981,1.52,5.25091,59.17856,17.62786,11.2701,conventional_oilfield_range
36.58,0.1426,5.29,8.77,13.24,0.28323,1.89864,0.73332,6.7034,conventional_oilfield_range
41.72,1.0794,4.0,5.05,15.15,0.80434,8.75104,2.65308,10.8797,conventional_oilfield_range
15.88,0.2611,4.59,11.45,16.17,0.26532,2.09974,0.74639,7.9141,conventional_oilfield_range
83.71,13.0125,4.33,13.931,18.2,35.1646,152.51746,73.23398,4.3372,high_pressure_gas_CO2
78.47,88.2926,5.29,136.489,0.61,2138.05922,2100.52962,2119.21134,1.0179,dense_phase_supercritical_CO2
106.61,1.0524,4.85,110.541,18.34,86.10823,270.02618,152.48435,3.1359,conventional_oilfield_range
78.21,45.6602,6.06,2.517,12.76,28.68961,18.57102,23.08236,1.5449,high_pressure_gas_CO2
63.61,19.1102,4.58,6.288,5.18,26.79981,56.42489,38.88671,2.1054,high_pressure_gas_CO2
101.18,0.1774,6.08,26.483,5.49,10.32829,15.39095,12.60802,1.4902,conventional_oilfield_range
123.67,3.3708,6.37,8.243,3.6,72.10468,36.64237,51.40123,1.9678,conventional_oilfield_range
69.54,26.551,6.13,1.017,12.76,7.14336,4.20677,5.48183,1.6981,high_pressure_gas_CO2
91.93,10.3979,6.46,56.238,2.01,254.53526,147.43657,193.72095,1.7264,high_pressure_gas_CO2
73.4,0.3203,5.0,1.747,7.02,0.73402,2.51861,1.35967,3.4313,conventional_oilfield_range
38.26,4.5357,4.04,16.22,5.68,5.90849,49.46736,17.09612,8.3723,conventional_oilfield_range
130.62,3.7847,4.57,20.831,11.91,135.77395,289.11731,198.12773,2.1294,conventional_oilfield_range
10.66,17.9444,4.3,20.762,2.32,5.62653,56.36587,17.80855,10.0179,high_pressure_gas_CO2
107.16,64.2743,4.54,1.16,17.06,36.66293,53.67324,44.3601,1.464,high_pressure_gas_CO2
145.24,67.77,6.28,2.283,12.86,134.79631,52.14263,83.83695,2.5851,high_pressure_gas_CO2
6.11,61.4388,4.37,24.645,18.72,7.82245,54.68635,20.68288,6.9909,high_pressure_gas_CO2
147.18,6.2573,4.89,3.333,2.55,51.30392,102.84504,72.63851,2.0046,conventional_oilfield_range
8.44,0.7949,5.37,95.569,14.25,1.75915,11.00077,4.3991,6.2534,conventional_oilfield_range
93.92,41.1871,3.88,45.543,15.22,459.50156,1431.67294,811.08319,3.1157,high_pressure_gas_CO2
46.75,4.6453,5.9,4.23,17.68,2.49465,3.81948,3.08679,1.5311,conventional_oilfield_range
17.33,3.387,5.17,21.279,0.45,3.45592,15.99273,7.43435,4.6276,conventional_oilfield_range
147.29,4.7614,5.63,1.133,19.91,11.78176,14.39678,13.0238,1.222,conventional_oilfield_range
21.73,0.274,4.17,27.393,14.51,0.61844,7.34445,2.13122,11.8757,conventional_oilfield_range
138.07,0.5232,5.66,19.839,0.27,53.3861,55.44605,54.40633,1.0386,conventional_oilfield_range
143.88,55.5776,5.85,19.455,6.12,1113.58639,435.37659,696.29695,2.5578,high_pressure_gas_CO2
45.35,5.3424,5.71,65.33,12.05,21.50492,53.0695,33.78247,2.4678,conventional_oilfield_range
104.97,1.1964,3.96,21.013,10.86,31.26091,162.64905,71.30608,5.203,conventional_oilfield_range
12.03,0.9878,4.88,3.222,15.12,0.12938,1.50974,0.44195,11.6695,conventional_oilfield_range
17.03,0.9017,4.83,1.595,4.45,0.15076,0.98868,0.38607,6.558,conventional_oilfield_range
90.22,4.5239,3.92,3.01,0.41,12.45235,78.51086,31.26731,6.3049,conventional_oilfield_range
62.78,6.9397,5.42,70.346,5.92,70.20856,184.15648,113.70735,2.623,conventional_oilfield_range
77.34,53.4803,4.47,80.763,0.18,620.90945,1615.00593,1001.38526,2.601,high_pressure_gas_CO2
112.87,50.4501,4.02,4.53,0.1,184.63624,442.04486,285.68777,2.3941,high_pressure_gas_CO2
107.87,0.8384,5.66,5.549,18.85,6.11675,10.54397,8.03087,1.7238,conventional_oilfield_range
82.51,0.883,4.35,120.737,18.56,29.91534,245.35018,85.67225,8.2015,conventional_oilfield_range
86.65,1.3692,3.99,2.281,9.04,3.43128,27.36166,9.68945,7.9742,conventional_oilfield_range
37.14,0.2711,5.88,29.532,5.82,1.7686,5.40955,3.09311,3.0587,conventional_oilfield_range
16.97,8.3197,6.26,2.01,7.74,0.78885,1.12496,0.94203,1.4261,conventional_oilfield_range
125.08,6.5359,4.68,93.105,13.8,395.88747,847.37829,579.19465,2.1405,conventional_oilfield_range
19.39,0.77,3.97,2.005,2.62,0.1854,3.0796,0.75562,16.6105,conventional_oilfield_range
83.53,20.2906,6.22,6.048,4.81,49.30453,35.1925,41.65513,1.401,high_pressure_gas_CO2
92.6,2.6578,6.47,1.025,4.43,4.20256,3.06505,3.58902,1.3711,conventional_oilfield_range
9.79,0.4429,6.02,18.88,10.0,0.38517,1.91084,0.8579,4.961,conventional_oilfield_range
124.09,0.1054,3.95,8.12,13.43,5.12511,33.80417,13.16246,6.5958,conventional_oilfield_range
98.23,0.4315,5.36,11.614,9.74,7.78967,18.19473,11.90508,2.3357,conventional_oilfield_range
98.69,0.356,5.25,5.538,1.99,5.84173,16.36987,9.77898,2.8022,conventional_oilfield_range
59.6,14.2503,4.34,11.78,10.28,17.24297,125.75819,46.56657,7.2933,high_pressure_gas_CO2
49.82,15.1804,5.24,22.53,17.97,23.08551,52.43501,34.79208,2.2713,high_pressure_gas_CO2
118.05,15.1659,6.43,1.984,4.69,52.46294,17.74761,30.5138,2.9561,high_pressure_gas_CO2
72.96,55.9947,5.1,1.46,6.63,18.22131,36.97456,25.95621,2.0292,high_pressure_gas_CO2
126.49,2.1469,5.85,1.809,5.91,12.29129,10.82194,11.53324,1.1358,conventional_oilfield_range
94.07,54.6152,6.26,28.718,19.48,223.85324,141.2576,177.82287,1.5847,high_pressure_gas_CO2
67.06,0.1497,4.03,10.587,17.93,0.95832,11.0604,3.25567,11.5414,conventional_oilfield_range
118.64,0.3022,3.76,33.412,6.42,23.02893,198.42994,67.59903,8.6166,conventional_oilfield_range
15.76,14.591,3.68,1.938,1.38,1.39477,13.87062,4.39845,9.9447,high_pressure_gas_CO2
84.33,60.5456,3.57,23.399,9.56,217.39306,1146.79235,499.30422,5.2752,high_pressure_gas_CO2
24.65,0.3938,4.96,14.902,11.72,0.67718,4.15025,1.67645,6.1287,conventional_oilfield_range
123.72,3.5518,4.35,13.047,8.28,77.7506,208.44939,127.30698,2.681,conventional_oilfield_range
46.48,0.2862,4.43,1.114,0.58,0.207,1.36626,0.53181,6.6001,conventional_oilfield_range
53.81,53.0874,5.21,14.807,18.16,46.65183,75.31772,59.27655,1.6145,high_pressure_gas_CO2
106.11,0.4183,4.28,5.621,13.17,4.05844,24.9705,10.06684,6.1527,conventional_oilfield_range
93.83,0.2401,4.94,125.52,14.27,33.67776,118.96815,63.29755,3.5325,conventional_oilfield_range
34.25,11.1953,4.74,17.404,17.65,7.65206,33.61181,16.03745,4.3925,high_pressure_gas_CO2
80.95,0.133,3.8,3.963,17.42,0.7976,5.79496,2.1499,7.2655,conventional_oilfield_range
28.73,1.9227,4.38,8.671,17.32,1.49649,6.4408,3.1046,4.3039,conventional_oilfield_range
58.48,26.0883,4.96,145.137,6.32,220.0463,864.73089,436.21192,3.9298,high_pressure_gas_CO2
136.89,2.9311,6.0,29.089,6.28,177.14712,108.77257,138.81191,1.6286,conventional_oilfield_range
146.73,0.6033,4.82,4.352,8.52,18.71301,52.96479,31.48222,2.8304,conventional_oilfield_range
88.77,13.3191,5.99,1.115,8.14,9.63938,7.85697,8.70266,1.2269,high_pressure_gas_CO2
64.92,0.2448,5.2,5.147,10.68,0.9193,3.91809,1.89786,4.262,conventional_oilfield_range
123.67,0.1454,4.77,1.884,8.95,1.48936,7.63529,3.37219,5.1266,conventional_oilfield_range
91.61,0.4946,4.46,1.115,8.82,1.14651,4.69811,2.32086,4.0978,conventional_oilfield_range
132.21,39.7574,3.72,17.881,6.02,740.30648,1535.10434,1066.043,2.0736,high_pressure_gas_CO2
135.65,0.3615,5.86,4.335,9.87,5.95514,9.69621,7.59884,1.6282,conventional_oilfield_range
140.56,12.5229,5.69,1.032,18.21,32.1684,17.51119,23.73409,1.837,high_pressure_gas_CO2
72.23,42.8215,4.62,75.89,5.83,344.13968,714.67292,495.93075,2.0767,high_pressure_gas_CO2
34.52,8.8959,5.09,1.598,9.06,1.15393,2.73163,1.77542,2.3672,conventional_oilfield_range
147.83,0.2704,4.23,9.284,14.62,14.9011,70.08659,32.31667,4.7035,conventional_oilfield_range
87.27,12.8671,4.45,36.469,7.89,115.10721,478.19748,234.61453,4.1544,high_pressure_gas_CO2
6.7,0.3903,5.39,28.837,16.97,0.40259,1.58881,0.79977,3.9465,conventional_oilfield_range
66.82,0.103,3.7,2.0,15.88,0.27664,4.2193,1.08039,15.2519,conventional_oilfield_range
126.95,47.2089,5.66,13.403,10.07,425.4948,340.20147,380.46545,1.2507,high_pressure_gas_CO2
41.7,78.3554,5.13,2.787,15.05,8.6833,19.97283,13.16929,2.3001,dense_phase_supercritical_CO2
88.56,0.1172,5.87,2.302,19.55,0.40678,0.98291,0.63232,2.4164,conventional_oilfield_range
109.95,8.2113,5.59,6.753,17.04,36.7005,37.86867,37.28001,1.0318,conventional_oilfield_range
138.02,46.9848,6.13,20.153,0.48,1492.21209,413.32374,785.34495,3.6103,high_pressure_gas_CO2
45.59,13.9822,3.66,77.066,2.91,61.2185,453.03654,166.53593,7.4003,high_pressure_gas_CO2
18.57,4.9179,4.15,1.284,13.06,0.34677,2.83901,0.99221,8.187,conventional_oilfield_range
20.7,0.9895,4.67,10.816,15.74,0.49821,4.41315,1.48279,8.858,conventional_oilfield_range
107.73,0.1514,6.13,2.962,10.48,1.2888,2.36483,1.74579,1.8349,conventional_oilfield_range
110.6,0.128,4.27,1.407,5.64,1.00358,6.80576,2.61345,6.7815,conventional_oilfield_range
63.82,47.9595,4.52,31.275,16.67,121.26472,350.43491,206.14411,2.8898,high_pressure_gas_CO2
19.94,3.5088,4.15,4.734,6.39,0.89497,8.6376,2.78035,9.6513,conventional_oilfield_range
95.55,0.1087,6.27,13.291,6.36,3.47176,5.75743,4.47084,1.6584,conventional_oilfield_range
126.92,2.2512,4.29,1.579,18.54,11.10254,28.07407,17.65484,2.5286,conventional_oilfield_range
119.59,9.3578,4.71,20.863,13.88,143.70859,270.45435,197.14618,1.882,conventional_oilfield_range
106.75,2.0314,3.82,13.267,7.79,41.04939,178.43964,85.58527,4.3469,conventional_oilfield_range
66.25,0.1801,5.21,62.916,7.71,5.49807,32.55919,13.37956,5.9219,conventional_oilfield_range
80.59,9.8172,3.98,1.39,17.4,5.00465,16.64067,9.12583,3.325,conventional_oilfield_range
53.26,86.5212,4.12,2.586,7.13,16.30087,65.6425,32.71131,4.0269,dense_phase_supercritical_CO2
66.19,2.0854,3.95,6.373,7.29,5.54803,42.55848,15.36605,7.6709,conventional_oilfield_range
100.14,20.4829,5.03,4.114,7.76,48.65349,70.0841,58.3938,1.4405,high_pressure_gas_CO2
136.29,12.624,4.51,1.242,13.63,26.17557,56.85973,38.57895,2.1722,high_pressure_gas_CO2
66.67,4.4072,5.31,2.836,16.3,3.67094,7.23858,5.15484,1.9719,conventional_oilfield_range
119.36,1.0542,3.97,62.642,3.58,115.32177,485.8454,236.70351,4.213,conventional_oilfield_range
86.23,8.7508,4.27,1.418,7.42,8.18154,26.64797,14.76555,3.2571,conventional_oilfield_range
51.39,42.1079,4.61,4.492,2.13,21.38472,77.33226,40.66606,3.6162,high_pressure_gas_CO2
72.73,0.3727,6.25,14.608,11.29,2.588,5.79213,3.8717,2.2381,conventional_oilfield_range
127.14,8.2552,5.8,3.068,17.3,42.16461,18.49034,27.922,2.2804,conventional_oilfield_range
120.04,2.5552,6.26,116.832,2.32,418.23847,224.61682,306.50187,1.862,conventional_oilfield_range
25.33,0.2426,5.7,26.293,18.43,0.63884,3.03213,1.39178,4.7463,conventional_oilfield_range
13.91,2.1269,3.75,1.443,16.55,0.1495,1.86971,0.5287,12.5062,conventional_oilfield_range
33.05,10.6025,4.97,85.772,19.29,21.64431,99.15668,46.32686,4.5812,high_pressure_gas_CO2
128.07,11.891,4.84,10.52,15.15,145.90372,150.85843,148.36039,1.034,high_pressure_gas_CO2
135.98,63.6835,5.53,18.523,9.49,710.01074,692.98758,701.44752,1.0246,high_pressure_gas_CO2
68.0,20.6844,4.71,9.788,5.92,31.73927,80.44057,50.52846,2.5344,high_pressure_gas_CO2
59.76,36.6508,4.08,49.56,0.32,161.53057,628.13602,318.53284,3.8887,high_pressure_gas_CO2
28.41,29.6729,4.34,2.001,13.49,2.33955,9.70613,4.76529,4.1487,high_pressure_gas_CO2
118.15,7.4547,6.37,2.493,16.76,16.2297,10.12994,12.82208,1.6022,conventional_oilfield_range
40.36,7.4353,3.54,1.112,13.87,0.88352,9.78845,2.9408,11.0789,conventional_oilfield_range
12.26,0.2198,4.98,24.767,2.29,0.52287,3.45374,1.34382,6.6054,conventional_oilfield_range
113.06,0.1943,3.71,34.874,18.19,12.13294,114.81761,37.32393,9.4633,conventional_oilfield_range
9.74,1.5995,5.18,36.469,13.39,1.91382,5.62013,3.27962,2.9366,conventional_oilfield_range
91.69,38.9539,6.26,2.77,6.37,34.82723,24.31923,29.10278,1.4321,high_pressure_gas_CO2
56.93,48.2273,5.3,1.716,11.41,9.38494,14.8465,11.80396,1.5819,high_pressure_gas_CO2
41.56,0.5338,6.19,12.581,8.26,1.18023,2.19157,1.60828,1.8569,conventional_oilfield_range
103.42,0.525,3.97,80.826,1.83,74.2418,385.24211,169.1185,5.189,conventional_oilfield_range
25.11,9.3799,4.77,2.081,10.37,1.05049,5.8397,2.4768,5.559,conventional_oilfield_range
43.26,46.4424,6.2,141.602,9.96,212.33731,174.45087,192.46409,1.2172,high_pressure_gas_CO2
122.57,11.6847,5.7,27.008,0.42,328.00229,297.8056,312.53947,1.1014,high_pressure_gas_CO2
49.11,17.332,5.87,4.961,11.78,7.59037,10.01011,8.71667,1.3188,high_pressure_gas_CO2
35.23,0.269,6.13,7.445,13.03,0.39719,0.69854,0.52674,1.7587,conventional_oilfield_range
105.93,0.393,4.2,90.248,16.9,43.50149,189.44827,90.78151,4.355,conventional_oilfield_range
108.35,31.4643,4.1,1.067,18.14,21.68386,56.20934,34.91183,2.5922,high_pressure_gas_CO2
12.6,28.9912,5.27,1.392,8.87,1.04385,2.8139,1.71385,2.6957,high_pressure_gas_CO2
141.37,36.3767,5.1,1.252,10.53,86.57654,74.4724,80.29672,1.1625,high_pressure_gas_CO2
106.36,0.6855,4.51,82.539,12.0,67.85298,305.54194,143.98587,4.503,conventional_oilfield_range
95.14,0.4902,6.27,34.429,12.67,15.99769,20.23855,17.99361,1.2651,conventional_oilfield_range
116.7,1.5196,5.1,25.036,10.24,57.09283,101.0166,75.9429,1.7693,conventional_oilfield_range
24.88,8.0458,5.06,5.741,19.68,1.68586,4.8909,2.87147,2.9011,conventional_oilfield_range
71.54,12.3658,4.27,9.923,0.07,31.321,169.75773,72.91763,5.4199,high_pressure_gas_CO2
15.68,30.5229,6.49,1.2,6.98,1.02766,1.09388,1.06025,1.0644,high_pressure_gas_CO2
118.06,0.5414,6.09,8.74,18.6,7.62636,8.88753,8.23283,1.1654,conventional_oilfield_range
47.08,0.2621,5.17,140.848,14.94,7.3082,33.9946,15.76196,4.6516,conventional_oilfield_range
38.75,99.1048,5.7,5.952,0.58,28.7219,27.36889,28.03723,1.0494,dense_phase_supercritical_CO2
75.44,2.7341,6.1,12.818,9.57,15.6954,15.20025,15.44584,1.0326,conventional_oilfield_range
81.96,27.0069,4.15,103.964,8.65,354.13777,1403.73069,705.06316,3.9638,high_pressure_gas_CO2
56.84,0.1834,5.46,81.846,15.65,5.75755,22.98385,11.50351,3.9919,conventional_oilfield_range
29.93,0.2997,4.78,8.842,10.29,0.44242,3.18138,1.18638,7.1909,conventional_oilfield_range
106.39,0.3838,5.43,1.536,7.9,1.99245,3.66958,2.70397,1.8417,conventional_oilfield_range
84.79,8.3651,5.53,35.81,19.35,79.54741,89.84622,84.54014,1.1295,conventional_oilfield_range
89.64,26.6238,5.2,1.702,6.47,19.66801,26.22326,22.71034,1.3333,high_pressure_gas_CO2
27.08,0.9293,5.31,12.005,5.93,1.08723,4.74537,2.27141,4.3646,conventional_oilfield_range
85.77,75.6443,5.1,4.898,18.49,94.44522,64.38949,77.98256,1.4668,dense_phase_supercritical_CO2
47.18,20.8747,3.83,115.146,7.75,102.0822,777.70172,281.76143,7.6184,high_pressure_gas_CO2
87.89,72.4757,3.92,121.087,17.26,1027.74949,2475.99662,1595.21292,2.4091,high_pressure_gas_CO2
18.46,3.9685,3.74,1.772,19.54,0.28997,3.578,1.01858,12.3392,conventional_oilfield_range
131.59,1.2111,3.63,36.585,3.67,106.87425,891.92687,308.74588,8.3456,conventional_oilfield_range
31.24,69.7722,5.18,86.006,6.99,116.5207,242.18868,167.98807,2.0785,high_pressure_gas_CO2
38.77,0.1122,3.92,2.672,2.47,0.15587,2.1908,0.58436,14.0552,conventional_oilfield_range
96.87,0.1554,5.02,65.822,0.72,18.55444,89.38553,40.72466,4.8175,conventional_oilfield_range
145.51,1.6014,5.43,5.623,19.91,29.82332,44.22424,36.31685,1.4829,conventional_oilfield_range
64.17,0.429,3.86,16.609,7.69,3.87224,36.62391,11.90868,9.4581,conventional_oilfield_range
143.07,8.2569,3.56,1.978,5.23,53.01077,245.06913,113.9794,4.623,conventional_oilfield_range
108.03,0.261,5.61,17.764,7.27,8.11148,23.23853,13.72949,2.8649,conventional_oilfield_range
97.08,96.0344,5.59,5.138,17.68,101.38496,61.69005,79.08504,1.6435,dense_phase_supercritical_CO2
115.58,0.8227,6.34,123.393,7.35,106.02336,140.40367,122.00848,1.3243,conventional_oilfield_range
76.93,0.141,4.64,92.36,15.78,7.6583,55.73156,20.65936,7.2773,conventional_oilfield_range
141.26,0.4535,4.49,1.389,7.62,3.86467,18.51721,8.45949,4.7914,conventional_oilfield_range
82.79,29.3876,4.56,79.781,3.97,456.39958,895.47622,639.29255,1.962,high_pressure_gas_CO2
33.75,0.7763,5.72,3.144,18.8,0.28471,1.09303,0.55786,3.839,conventional_oilfield_range
67.2,0.302,4.75,11.916,8.68,2.20095,13.87379,5.52589,6.3036,conventional_oilfield_range
50.41,0.2903,6.08,58.303,9.46,4.53329,9.72038,6.63817,2.1442,conventional_oilfield_range
78.64,6.7119,4.23,48.131,13.01,80.01135,239.35365,138.38717,2.9915,conventional_oilfield_range
36.67,30.7158,4.26,3.394,19.51,3.59143,21.69476,8.82697,6.0407,high_pressure_gas_CO2
53.9,4.0431,4.57,45.783,15.81,20.13745,90.62969,42.72061,4.5006,conventional_oilfield_range
149.21,0.1246,4.02,3.852,9.27,5.14327,31.28803,12.68553,6.0833,conventional_oilfield_range
71.39,0.6936,6.25,44.65,15.17,9.09435,13.60469,11.12321,1.4959,conventional_oilfield_range
69.79,55.467,4.97,2.036,19.44,13.66088,31.02754,20.58794,2.2713,high_pressure_gas_CO2
138.7,10.0199,6.41,1.024,11.24,30.25233,11.82997,18.91782,2.5573,high_pressure_gas_CO2
53.59,95.1525,3.83,1.212,2.65,13.4793,55.55322,27.36455,4.1214,dense_phase_supercritical_CO2
148.91,0.1173,4.05,16.737,6.23,14.06953,145.08794,45.18096,10.3122,conventional_oilfield_range
25.19,2.466,4.29,30.759,13.45,3.72367,32.02716,10.92056,8.601,conventional_oilfield_range
76.26,37.6199,5.78,2.566,15.95,19.51387,16.00673,17.67352,1.2191,high_pressure_gas_CO2
25.62,9.3425,5.23,3.962,17.38,1.40979,4.77761,2.59527,3.3889,conventional_oilfield_range
71.8,0.6203,5.15,67.451,7.61,21.51947,77.04194,40.71734,3.5801,conventional_oilfield_range
21.1,0.1423,4.59,3.064,3.85,0.09017,0.85554,0.27775,9.4881,conventional_oilfield_range
47.42,73.06,4.28,44.303,19.54,105.5676,226.92851,154.77822,2.1496,high_pressure_gas_CO2
95.74,5.6728,4.47,1.481,13.31,8.22254,19.51523,12.66747,2.3734,conventional_oilfield_range
56.83,18.5096,4.16,9.714,0.63,28.49787,107.69284,55.3987,3.779,high_pressure_gas_CO2
32.04,34.3244,4.75,2.721,8.85,2.96898,22.12991,8.10575,7.4537,high_pressure_gas_CO2
25.36,0.1822,4.45,10.84,19.27,0.21467,1.83528,0.62769,8.5491,conventional_oilfield_range
113.34,19.1934,4.27,1.663,15.07,31.01256,68.75232,46.17559,2.2169,high_pressure_gas_CO2
22.19,84.5513,5.47,7.138,0.28,14.50525,24.37215,18.80224,1.6802,dense_phase_liquid_CO2
87.8,0.1784,6.0,3.337,15.8,0.99806,2.2332,1.49294,2.2375,conventional_oilfield_range
53.72,0.1664,5.73,111.624,6.22,7.72952,20.26948,12.51693,2.6223,conventional_oilfield_range
94.25,5.8955,3.93,61.141,18.29,109.02913,438.03499,218.53735,4.0176,conventional_oilfield_range
38.0,25.7921,6.34,118.093,4.31,123.70228,72.17622,94.49001,1.7139,high_pressure_gas_CO2
82.0,4.6576,6.37,4.693,6.88,15.92685,8.67122,11.75182,1.8367,conventional_oilfield_range
99.28,0.1484,4.61,59.634,8.01,12.14129,101.40919,35.08901,8.3524,conventional_oilfield_range
25.99,0.3366,5.67,1.71,5.11,0.09308,0.49621,0.21491,5.3312,conventional_oilfield_range
69.03,2.51,5.32,1.378,14.37,1.61238,3.69658,2.44137,2.2926,conventional_oilfield_range
46.36,0.5974,6.19,13.629,14.14,1.59837,2.77203,2.10493,1.7343,conventional_oilfield_range
133.03,1.3108,6.25,1.528,0.76,9.60142,7.20341,8.31642,1.3329,conventional_oilfield_range
147.29,2.8277,3.86,25.014,6.41,153.7706,909.16206,373.90158,5.9125,conventional_oilfield_range
21.63,10.4578,4.9,1.885,18.06,1.03161,2.65448,1.65481,2.5731,high_pressure_gas_CO2
136.91,0.4374,3.99,1.749,8.55,4.76178,24.76995,10.86043,5.2018,conventional_oilfield_range
12.77,3.2379,4.19,22.183,3.13,2.27682,22.09123,7.09209,9.7027,conventional_oilfield_range
87.24,0.1685,4.47,2.979,9.21,1.05215,5.70242,2.44945,5.4198,conventional_oilfield_range
8.9,0.2575,5.04,9.592,0.02,0.1919,1.49327,0.53531,7.7817,conventional_oilfield_range
91.25,7.1821,5.69,6.487,3.93,30.80846,41.06441,35.56869,1.3329,conventional_oilfield_range
6.5,92.167,3.52,48.853,7.55,31.06571,244.68168,87.18492,7.8763,dense_phase_liquid_CO2
76.68,6.8985,6.16,41.754,6.19,77.68187,74.4896,76.06899,1.0429,conventional_oilfield_range
91.19,3.2285,4.86,7.295,4.75,19.96618,42.41751,29.10181,2.1245,conventional_oilfield_range
92.67,14.3377,4.12,7.727,13.8,41.80052,131.6387,74.17929,3.1492,high_pressure_gas_CO2
14.98,13.5816,3.94,52.062,10.83,12.63422,105.24611,36.46509,8.3302,high_pressure_gas_CO2
40.32,4.4502,3.9,2.374,0.97,1.86291,13.56427,5.02682,7.2812,conventional_oilfield_range
40.46,1.3363,3.8,4.739,2.98,1.66345,16.71526,5.27305,10.0485,conventional_oilfield_range
84.3,1.2161,4.21,1.171,11.0,1.76136,11.07315,4.41631,6.2867,conventional_oilfield_range
132.82,10.3838,5.07,37.563,12.74,405.3549,713.47405,537.78268,1.7601,high_pressure_gas_CO2
39.45,4.9662,5.5,1.538,18.77,0.70664,1.83095,1.13746,2.5911,conventional_oilfield_range
60.15,0.1091,5.75,19.47,6.13,1.26675,4.73451,2.44896,3.7375,conventional_oilfield_range
11.7,0.1173,3.89,3.624,14.35,0.049,0.6187,0.17412,12.6263,conventional_oilfield_range
137.43,2.3456,4.8,3.849,7.3,32.49071,45.91017,38.62194,1.413,conventional_oilfield_range
102.34,32.6475,4.46,2.468,9.18,43.86075,96.82747,65.16844,2.2076,high_pressure_gas_CO2
20.97,22.0416,5.76,22.594,15.97,9.02964,18.61566,12.96506,2.0616,high_pressure_gas_CO2
57.69,6.5543,3.93,7.252,6.77,11.00779,48.03581,22.99496,4.3638,conventional_oilfield_range
70.76,3.13,4.21,9.351,13.69,11.86491,57.11615,26.03225,4.8139,conventional_oilfield_range
77.65,1.7613,3.92,8.439,11.69,7.31856,54.09618,19.89739,7.3916,conventional_oilfield_range
63.25,30.7286,6.27,9.096,4.38,51.15001,30.68635,39.61827,1.6669,high_pressure_gas_CO2
35.08,0.1974,5.13,71.481,9.56,2.00707,22.18864,6.6734,11.0552,conventional_oilfield_range
29.05,0.2626,5.56,104.377,15.23,2.32685,11.75872,5.23075,5.0535,conventional_oilfield_range
14.98,0.7787,4.67,6.756,9.88,0.36502,3.1926,1.07951,8.7465,conventional_oilfield_range
48.04,10.963,3.71,9.877,15.58,9.15517,61.70525,23.76808,6.7399,high_pressure_gas_CO2
102.29,1.3298,4.39,3.115,12.02,8.19633,23.71295,13.94128,2.8931,conventional_oilfield_range
35.05,58.7821,4.29,1.146,5.01,3.93414,20.39663,8.95786,5.1845,high_pressure_gas_CO2
86.98,6.0182,6.21,104.034,4.33,163.77442,160.53872,162.1485,1.0202,conventional_oilfield_range
38.54,0.1216,5.12,11.442,12.07,0.36284,2.1001,0.87292,5.788,conventional_oilfield_range
37.92,33.7923,5.8,17.982,3.62,42.05991,36.08235,38.95665,1.1657,high_pressure_gas_CO2
107.51,69.8425,3.84,25.181,9.65,665.68735,1727.14188,1072.25767,2.5945,high_pressure_gas_CO2
37.34,0.156,6.22,1.284,14.86,0.06633,0.14238,0.09718,2.1463,conventional_oilfield_range
16.88,2.2646,3.88,2.195,9.6,0.31165,3.84439,1.09458,12.3355,conventional_oilfield_range
82.79,2.183,5.25,141.886,8.01,157.24062,269.87477,205.99824,1.7163,conventional_oilfield_range
53.53,2.2111,5.34,52.389,14.54,13.10457,30.26337,19.91453,2.3094,conventional_oilfield_range
74.17,0.7154,5.34,22.829,1.14,13.74217,39.75985,23.37492,2.8933,conventional_oilfield_range
20.44,0.2359,4.34,72.054,15.81,1.32892,13.38715,4.21787,10.0737,conventional_oilfield_range
111.98,4.557,5.1,1.667,18.81,10.50386,14.18392,12.20598,1.3504,conventional_oilfield_range
76.41,7.8619,5.55,121.271,14.13,144.70023,241.83781,187.06679,1.6713,conventional_oilfield_range
149.01,0.3984,3.78,19.851,19.62,26.19112,201.88287,72.71546,7.7081,conventional_oilfield_range
123.61,17.1609,5.76,1.678,11.93,33.0247,24.98949,28.72752,1.3215,high_pressure_gas_CO2
137.51,3.3216,3.77,67.009,4.23,475.3041,1415.44428,820.22343,2.978,conventional_oilfield_range
99.0,45.833,3.66,14.263,18.96,154.01248,545.96998,289.97619,3.545,high_pressure_gas_CO2
35.04,29.5049,5.0,8.454,9.88,12.98682,37.8544,22.17224,2.9148,high_pressure_gas_CO2
29.9,1.4691,5.91,31.9,8.43,4.89007,10.87898,7.29376,2.2247,conventional_oilfield_range
16.15,6.9464,5.08,3.825,0.73,1.41556,4.39918,2.49546,3.1077,conventional_oilfield_range
92.3,0.1475,4.93,2.267,7.15,0.8819,4.76864,2.05072,5.4072,conventional_oilfield_range
53.27,0.4728,5.58,92.632,16.41,8.45454,29.1836,15.70777,3.4518,conventional_oilfield_range
89.97,18.8588,3.87,11.182,5.57,82.1109,263.16078,146.99785,3.2049,high_pressure_gas_CO2
27.35,53.9918,5.83,87.301,2.12,102.9101,120.68668,111.4445,1.1727,high_pressure_gas_CO2
92.03,16.5691,4.47,82.458,1.34,435.3713,682.99745,545.30495,1.5688,high_pressure_gas_CO2
142.56,0.5783,4.98,8.243,3.59,35.98584,53.29053,43.7916,1.4809,conventional_oilfield_range
148.76,13.1827,4.72,1.206,13.92,33.01321,71.08503,48.44322,2.1532,high_pressure_gas_CO2
42.86,0.5951,5.97,37.5,11.1,3.61275,8.76031,5.62572,2.4248,conventional_oilfield_range
61.49,21.2786,5.31,1.044,15.44,3.40395,6.71301,4.78024,1.9721,high_pressure_gas_CO2
100.91,1.0304,6.37,1.26,11.74,2.30182,1.8474,2.06213,1.246,conventional_oilfield_range
132.88,5.4687,4.89,23.45,18.29,235.02079,267.8131,250.88174,1.1395,conventional_oilfield_range
93.64,39.6946,5.61,10.069,12.72,131.61063,91.25981,109.59362,1.4422,high_pressure_gas_CO2
142.13,59.867,4.76,12.763,1.33,997.90071,1619.18795,1271.13681,1.6226,high_pressure_gas_CO2
73.22,63.5209,4.86,10.981,2.72,104.85022,203.52582,146.08124,1.9411,high_pressure_gas_CO2
47.59,0.108,6.26,4.625,13.01,0.21162,0.45343,0.30976,2.1426,conventional_oilfield_range
142.04,0.1915,5.35,82.035,16.79,55.44389,154.87133,92.66428,2.7933,conventional_oilfield_range
64.71,54.5869,4.05,3.241,6.25,29.76067,92.78164,52.54753,3.1176,high_pressure_gas_CO2
83.92,8.8398,4.43,3.839,5.93,25.49988,51.50585,36.24076,2.0198,conventional_oilfield_range
44.26,10.1908,5.5,2.2,5.59,3.55393,4.45972,3.98115,1.2549,high_pressure_gas_CO2
6.06,6.3499,4.82,5.806,17.89,0.79184,4.04767,1.79029,5.1117,conventional_oilfield_range
79.64,9.378,6.44,8.061,5.48,24.79842,16.65309,20.32167,1.4891,conventional_oilfield_range
19.94,3.0548,4.08,14.902,14.13,2.15311,15.17398,5.71587,7.0475,conventional_oilfield_range
51.39,31.0781,3.9,66.872,19.8,77.83608,336.99978,161.95908,4.3296,high_pressure_gas_CO2
78.74,29.7821,4.66,1.464,18.04,10.91265,22.40994,15.63815,2.0536,high_pressure_gas_CO2
33.95,1.4125,5.35,2.48,11.56,0.5468,1.74263,0.97615,3.187,conventional_oilfield_range
143.74,0.5316,4.65,6.767,11.66,20.99284,49.29785,32.16989,2.3483,conventional_oilfield_range
30.12,0.3189,4.54,3.193,7.67,0.2083,1.87443,0.62485,8.9988,conventional_oilfield_range
14.49,29.3873,5.85,2.615,13.54,1.93271,2.07656,2.00334,1.0744,high_pressure_gas_CO2
118.6,0.8253,4.34,23.602,2.98,53.64792,179.45425,98.11904,3.345,conventional_oilfield_range
30.76,17.1411,4.31,2.608,16.12,1.96429,8.88896,4.17858,4.5253,high_pressure_gas_CO2
38.36,0.5181,4.13,6.415,18.78,0.52543,4.46026,1.53086,8.4888,conventional_oilfield_range
135.87,0.5797,3.61,8.828,16.17,17.35119,103.78746,42.43625,5.9816,conventional_oilfield_range
41.12,4.8536,4.65,22.37,2.67,11.57574,52.03891,24.54361,4.4955,conventional_oilfield_range
44.0,1.0473,6.0,18.07,6.95,5.06302,6.44593,5.71278,1.2731,conventional_oilfield_range
96.87,64.2451,5.92,141.74,12.18,1994.63453,684.77972,1168.71094,2.9128,high_pressure_gas_CO2
127.31,39.5263,4.25,8.492,18.09,236.33409,370.38549,295.86267,1.5672,high_pressure_gas_CO2
52.38,0.9293,3.79,75.084,8.1,16.66797,147.0023,49.49979,8.8195,conventional_oilfield_range
121.37,3.7077,3.51,45.523,15.96,143.72495,948.96993,369.31106,6.6027,conventional_oilfield_range
78.76,2.3227,6.3,139.807,14.79,73.40326,70.99795,72.19059,1.0339,conventional_oilfield_range
59.71,77.3775,4.79,19.134,12.23,103.0479,205.4473,145.50228,1.9937,dense_phase_supercritical_CO2
106.62,2.359,6.06,25.009,17.44,50.6607,36.07032,42.74749,1.4045,conventional_oilfield_range
12.47,34.581,5.36,94.688,1.62,45.90488,95.82326,66.32311,2.0874,high_pressure_gas_CO2
80.92,24.4542,6.35,106.871,8.96,379.84275,293.52549,333.90647,1.2941,high_pressure_gas_CO2
56.98,1.9788,4.48,26.312,1.53,13.44138,56.22159,27.48992,4.1827,conventional_oilfield_range
7.9,0.194,4.97,4.331,11.26,0.06495,0.53272,0.18601,8.2016,conventional_oilfield_range
46.19,0.4192,6.4,21.327,12.79,1.66518,3.57401,2.43954,2.1463,conventional_oilfield_range
7.7,84.96,6.28,5.076,18.19,2.86253,2.9064,2.88438,1.0153,dense_phase_liquid_CO2
64.24,13.2504,5.87,3.155,6.86,14.12149,12.26677,13.1615,1.1512,high_pressure_gas_CO2
113.66,0.6207,4.03,16.625,1.44,28.20115,115.73669,57.13062,4.104,conventional_oilfield_range
29.33,0.9849,4.84,4.511,0.67,0.75396,4.26706,1.79366,5.6595,conventional_oilfield_range
130.02,37.8264,5.12,78.707,19.98,1071.58993,1277.36561,1169.96244,1.192,high_pressure_gas_CO2
59.58,31.1003,5.04,52.265,12.58,124.37845,200.81609,158.04175,1.6146,high_pressure_gas_CO2
98.79,5.2349,5.78,7.693,11.19,34.69056,32.96049,33.81446,1.0525,conventional_oilfield_range
51.85,1.1282,3.56,67.251,0.43,22.28588,231.85229,71.88207,10.4036,conventional_oilfield_range
68.69,5.424,5.3,1.524,16.13,2.73948,5.26732,3.79865,1.9227,conventional_oilfield_range
47.62,57.8072,6.08,2.093,17.36,7.3886,5.34181,6.2824,1.3832,high_pressure_gas_CO2
81.01,18.9217,3.65,2.955,6.55,28.07482,154.88834,65.94287,5.517,high_pressure_gas_CO2
113.37,0.4435,4.41,4.093,12.58,4.78272,26.39563,11.23578,5.519,conventional_oilfield_range
91.67,17.4432,5.66,3.208,10.74,25.6465,24.18196,24.90347,1.0606,high_pressure_gas_CO2
37.24,2.0856,4.77,10.902,16.84,2.49736,9.0372,4.7507,3.6187,conventional_oilfield_range
36.88,0.2356,4.84,4.066,7.15,0.2481,2.09251,0.72053,8.4341,conventional_oilfield_range
102.9,46.8357,4.66,112.847,8.89,1283.46095,2276.45572,1709.3104,1.7737,high_pressure_gas_CO2
94.07,53.5142,6.24,20.774,16.27,223.2658,140.03313,176.81801,1.5944,high_pressure_gas_CO2
117.14,1.3274,4.32,4.209,4.79,13.50925,66.17365,29.8991,4.8984,conventional_oilfield_range
53.47,5.7849,6.05,9.35,9.19,8.86882,15.33052,11.66035,1.7286,conventional_oilfield_range
8.99,18.185,4.22,7.033,8.4,2.2516,16.52338,6.09951,7.3385,high_pressure_gas_CO2
131.46,0.1168,6.1,8.254,7.09,5.97695,10.39521,7.88236,1.7392,conventional_oilfield_range
33.96,0.184,4.45,10.601,4.15,0.52679,4.80737,1.59138,9.1257,conventional_oilfield_range
90.31,23.2434,5.43,1.262,17.02,11.79874,9.88671,10.8005,1.1934,high_pressure_gas_CO2
59.03,1.1782,5.02,3.365,5.81,1.80167,7.22249,3.60729,4.0088,conventional_oilfield_range
147.56,25.2041,5.46,8.313,4.92,531.07473,249.76378,364.20218,2.1263,high_pressure_gas_CO2
130.41,0.2457,4.73,138.342,12.63,105.30379,252.02453,162.90838,2.3933,conventional_oilfield_range
6.95,74.8055,4.28,1.156,19.99,0.86907,4.34088,1.9423,4.9949,dense_phase_liquid_CO2
111.66,27.8483,5.25,43.612,7.23,538.24722,644.23884,588.86311,1.1969,high_pressure_gas_CO2
104.97,6.2167,5.2,39.878,16.67,131.51181,187.9163,157.20437,1.4289,conventional_oilfield_range
19.76,45.7293,5.01,42.621,8.96,35.63446,77.32678,52.49284,2.17,high_pressure_gas_CO2
16.09,15.506,4.91,8.413,1.86,3.4403,12.57968,6.57859,3.6566,high_pressure_gas_CO2
79.11,10.1575,4.34,10.102,11.67,25.10303,120.98862,55.11063,4.8197,high_pressure_gas_CO2
118.39,1.4132,6.16,34.757,0.32,85.86152,86.9625,86.41025,1.0128,conventional_oilfield_range
63.6,85.8721,5.26,1.088,12.84,16.29908,17.8544,17.05903,1.0954,dense_phase_supercritical_CO2
106.7,11.8841,3.51,2.47,14.09,15.71325,120.20896,43.46117,7.6502,high_pressure_gas_CO2
129.03,0.8844,6.01,30.244,12.46,39.88498,69.32689,52.58423,1.7382,conventional_oilfield_range
14.73,0.146,3.7,80.452,10.64,0.72098,20.95346,3.88678,29.0624,conventional_oilfield_range
49.59,40.0723,4.14,19.302,1.81,46.02101,264.68224,110.36731,5.7513,high_pressure_gas_CO2
54.24,0.6074,4.4,4.551,2.56,1.48939,11.32885,4.10769,7.6064,conventional_oilfield_range
45.89,0.1122,6.19,79.686,3.33,2.93189,5.48628,4.01063,1.8712,conventional_oilfield_range
74.72,0.4753,4.57,1.509,18.32,0.53193,2.3147,1.10963,4.3515,conventional_oilfield_range
63.91,0.8517,6.1,12.059,6.05,5.50341,11.41014,7.92431,2.0733,conventional_oilfield_range
138.21,0.1695,5.52,1.044,7.11,1.66956,3.91045,2.55514,2.3422,conventional_oilfield_range
141.98,1.7998,4.45,59.278,6.99,371.79948,618.11536,479.39021,1.6625,conventional_oilfield_range
117.49,1.2418,4.0,1.815,11.01,4.9417,39.92177,14.04569,8.0785,conventional_oilfield_range
121.98,0.1492,5.23,4.578,17.72,2.72002,6.69032,4.26589,2.4597,conventional_oilfield_range
29.77,98.6001,6.44,5.233,16.15,15.19338,5.41221,9.06806,2.8072,dense_phase_liquid_CO2
21.04,2.4107,5.77,2.437,10.76,0.46304,1.06369,0.70181,2.2972,conventional_oilfield_range
36.95,3.958,6.36,1.583,17.83,0.68417,0.60424,0.64296,1.1323,conventional_oilfield_range
148.95,76.1293,3.7,3.646,7.7,370.94277,1250.5276,681.08309,3.3712,dense_phase_supercritical_CO2
147.39,0.3305,6.24,1.674,12.17,3.90875,4.79021,4.32709,1.2255,conventional_oilfield_range
126.97,85.9458,6.04,67.425,14.71,2154.94008,928.35442,1414.40735,2.3212,dense_phase_supercritical_CO2
50.59,2.6094,4.08,1.575,1.74,1.35516,8.63151,3.4201,6.3694,conventional_oilfield_range
41.17,0.9932,5.42,6.148,16.98,1.11001,2.83672,1.77448,2.5556,conventional_oilfield_range
10.65,0.1502,4.42,1.053,8.82,0.02818,0.35899,0.10058,12.7406,conventional_oilfield_range
134.59,7.0781,6.16,7.696,12.28,79.50584,70.50387,74.86968,1.1277,conventional_oilfield_range
51.37,1.6609,6.02,8.718,14.99,2.3586,7.50367,4.20692,3.1814,conventional_oilfield_range
49.02,22.3489,5.73,2.511,11.82,7.91404,10.82473,9.25567,1.3678,high_pressure_gas_CO2
129.36,6.2209,4.52,1.318,6.14,25.66416,53.22032,36.95747,2.0737,conventional_oilfield_range
111.39,0.2037,4.76,1.689,13.9,1.06363,5.99661,2.5255,5.6379,conventional_oilfield_range
105.05,0.1905,3.68,43.676,16.8,11.85309,98.69202,34.20242,8.3263,conventional_oilfield_range
24.2,9.8279,3.9,40.778,8.09,16.11244,139.08767,47.33965,8.6323,conventional_oilfield_range
139.13,0.2857,3.75,58.054,7.12,61.96334,424.77355,162.2356,6.8552,conventional_oilfield_range
118.41,32.1347,5.21,6.762,2.92,147.40499,190.57019,167.60369,1.2928,high_pressure_gas_CO2
77.0,25.0549,5.63,41.96,0.22,204.59282,227.09351,215.54977,1.11,high_pressure_gas_CO2
120.95,7.9443,6.31,23.915,9.85,183.85039,81.37831,122.31694,2.2592,conventional_oilfield_range
71.1,12.8937,3.97,1.165,19.2,3.1076,12.50829,6.23464,4.0251,high_pressure_gas_CO2
43.76,1.0442,4.98,1.907,16.1,0.29661,1.62039,0.69327,5.4631,conventional_oilfield_range
25.99,1.1193,4.39,2.543,14.34,0.38397,2.60858,1.00081,6.7937,conventional_oilfield_range
79.2,59.7746,5.43,34.467,2.95,297.52928,304.18626,300.83936,1.0224,high_pressure_gas_CO2
7.31,1.3814,4.36,1.155,15.83,0.07684,0.65003,0.2235,8.4592,conventional_oilfield_range
65.68,1.1908,4.4,10.92,9.02,5.97773,22.16572,11.51089,3.708,conventional_oilfield_range
93.01,1.0549,5.65,1.124,17.41,1.07496,1.68033,1.34398,1.5632,conventional_oilfield_range
89.74,0.9805,4.68,31.386,4.08,31.77928,109.8895,59.09491,3.4579,conventional_oilfield_range
95.92,1.1568,5.92,3.02,11.18,3.10337,5.48768,4.12678,1.7683,conventional_oilfield_range
69.21,43.6737,4.54,32.907,18.23,94.93787,234.11789,149.08606,2.466,high_pressure_gas_CO2
15.74,1.4725,6.38,8.068,2.56,1.06708,1.25106,1.15542,1.1724,conventional_oilfield_range
8.34,0.1839,3.79,38.18,3.87,0.33722,13.64025,2.14471,40.4491,conventional_oilfield_range
74.89,5.8528,5.5,9.401,17.64,14.52957,17.46804,15.9312,1.2022,conventional_oilfield_range
36.08,0.1122,4.49,45.048,14.61,1.10278,8.26558,3.01913,7.4952,conventional_oilfield_range
120.66,19.7647,5.69,16.553,19.01,157.7108,132.23986,144.41487,1.1926,high_pressure_gas_CO2
90.42,18.2162,4.28,57.57,14.62,269.77086,665.86477,423.82887,2.4683,high_pressure_gas_CO2
68.87,4.8126,5.27,83.339,19.15,50.55404,121.72123,78.44425,2.4077,conventional_oilfield_range
13.16,4.934,5.69,1.881,14.6,0.24924,0.93169,0.48188,3.7382,conventional_oilfield_range
42.1,3.4009,5.05,59.271,10.57,17.82127,40.13476,26.74421,2.2521,conventional_oilfield_range
53.1,11.6493,3.95,86.84,7.35,76.90399,393.09847,173.87018,5.1115,high_pressure_gas_CO2
101.21,41.4871,3.98,93.766,14.34,1076.78307,2067.08316,1491.91157,1.9197,high_pressure_gas_CO2
21.06,0.4519,4.24,2.859,8.74,0.14296,1.92178,0.52415,13.4427,conventional_oilfield_range
82.6,0.7836,6.33,8.302,18.13,3.72154,3.97585,3.8466,1.0683,conventional_oilfield_range
93.57,1.5764,4.47,15.866,9.59,20.73761,92.79682,43.8678,4.4748,conventional_oilfield_range
52.19,5.303,4.5,1.488,7.15,2.22618,12.33697,5.24064,5.5418,conventional_oilfield_range
51.74,1.081,5.86,5.219,12.57,1.98046,2.65157,2.29158,1.3389,conventional_oilfield_range
75.84,4.0959,4.87,3.995,19.34,7.01087,16.40071,10.72303,2.3393,conventional_oilfield_range
145.76,1.4365,6.16,104.857,8.57,338.22207,290.11635,313.24711,1.1658,conventional_oilfield_range
113.49,0.2257,5.35,11.826,5.14,9.2565,27.09953,15.83814,2.9276,conventional_oilfield_range
56.56,0.9013,5.8,49.478,8.72,13.35097,18.98829,15.92207,1.4222,conventional_oilfield_range
68.89,6.2597,4.21,37.368,18.27,55.94807,184.45287,101.58633,3.2969,conventional_oilfield_range
55.89,3.258,4.05,65.643,7.92,33.34337,217.19133,85.0993,6.5138,conventional_oilfield_range
115.0,0.9591,4.93,24.614,3.45,44.9078,127.0635,75.53901,2.8294,conventional_oilfield_range
45.71,4.2107,5.74,4.617,13.26,2.95915,5.65218,4.0897,1.9101,conventional_oilfield_range
85.23,5.0487,5.06,3.571,13.1,10.50044,20.66717,14.73141,1.9682,conventional_oilfield_range
96.9,3.2995,3.6,1.041,4.08,6.05953,28.40496,13.11948,4.6876,conventional_oilfield_range
15.44,36.5592,6.11,9.005,4.84,7.27407,7.11746,7.19534,1.022,high_pressure_gas_CO2
63.04,17.4025,3.81,5.659,5.22,19.07875,104.8988,44.73632,5.4982,high_pressure_gas_CO2
40.53,0.2902,4.68,21.798,8.75,1.88713,7.38731,3.73374,3.9146,conventional_oilfield_range
124.58,1.617,5.6,11.991,0.96,46.518,70.65164,57.32864,1.5188,conventional_oilfield_range
139.15,36.1159,4.4,17.69,2.14,673.373,995.71703,818.83391,1.4787,high_pressure_gas_CO2
124.05,1.1145,4.83,23.089,13.66,48.0836,97.31864,68.40637,2.0239,conventional_oilfield_range
11.17,87.7699,6.14,116.321,19.4,46.26014,39.53484,42.76549,1.1701,dense_phase_liquid_CO2
99.11,9.3127,5.17,74.711,13.47,175.71652,425.072,273.29869,2.4191,conventional_oilfield_range
84.61,0.1854,3.98,2.494,5.2,1.15799,8.18795,3.07922,7.0708,conventional_oilfield_range
74.27,3.4355,4.37,7.252,8.92,8.20539,35.77569,17.1334,4.36,conventional_oilfield_range
125.52,30.932,3.75,50.134,11.25,813.10083,2703.23851,1482.5672,3.3246,high_pressure_gas_CO2
78.21,2.3348,4.62,1.41,11.45,2.21178,7.19079,3.98804,3.2511,conventional_oilfield_range
120.05,6.487,4.0,2.807,2.01,42.48568,108.76274,67.9769,2.56,conventional_oilfield_range
30.79,18.9673,5.78,13.36,12.88,8.62761,12.48144,10.37713,1.4467,high_pressure_gas_CO2
68.8,2.0096,4.64,4.951,17.96,2.88209,13.52137,6.24257,4.6915,conventional_oilfield_range
48.93,6.8908,5.45,34.791,12.77,18.24411,70.34535,35.82441,3.8558,conventional_oilfield_range
67.63,2.5838,4.98,5.392,8.21,3.78714,13.74968,7.21609,3.6306,conventional_oilfield_range
110.26,30.9176,4.3,21.52,17.95,155.39134,564.96289,296.29435,3.6357,high_pressure_gas_CO2
105.62,0.7859,3.84,2.871,11.87,2.52198,32.67533,9.0778,12.9562,conventional_oilfield_range
101.28,0.2135,6.35,25.131,9.25,12.21223,9.46031,10.74856,1.2909,conventional_oilfield_range
94.11,0.6145,5.49,60.458,13.19,27.77599,49.77758,37.18362,1.7921,conventional_oilfield_range
30.08,67.2594,4.9,12.277,8.03,26.72609,63.7912,41.2903,2.3869,high_pressure_gas_CO2
98.98,15.6202,4.96,1.612,10.68,20.17262,25.90806,22.86118,1.2843,high_pressure_gas_CO2
36.03,9.8986,3.95,74.64,10.73,38.51109,216.46196,91.30271,5.6208,conventional_oilfield_range
7.56,21.171,5.75,51.272,16.73,7.14792,19.53423,11.81648,2.7329,high_pressure_gas_CO2
125.77,1.22,5.0,26.445,8.05,82.39238,195.87702,127.03847,2.3774,conventional_oilfield_range
81.98,53.3642,5.38,1.802,3.87,34.20046,38.34947,36.2156,1.1213,high_pressure_gas_CO2
111.73,22.9771,5.41,9.253,6.01,132.10751,154.15899,142.70795,1.1669,high_pressure_gas_CO2
122.0,98.0108,4.83,36.205,5.09,2070.80784,1729.40625,1892.42385,1.1974,dense_phase_supercritical_CO2
75.93,26.7962,5.96,3.423,5.82,20.35413,19.527,19.93628,1.0424,high_pressure_gas_CO2
87.93,96.4011,5.05,2.963,18.78,43.58986,80.00841,59.05553,1.8355,dense_phase_supercritical_CO2
10.38,2.4235,4.07,62.302,2.02,5.07762,52.72557,16.36216,10.3839,conventional_oilfield_range
103.28,9.4877,3.62,1.691,14.99,15.72439,60.80798,30.92198,3.8671,conventional_oilfield_range
119.63,0.6444,3.6,15.192,14.01,21.93941,181.95326,63.18186,8.2934,conventional_oilfield_range
50.5,0.1966,6.21,2.186,14.99,0.1746,0.56833,0.31501,3.2551,conventional_oilfield_range
39.27,4.4569,5.87,18.786,8.9,7.09726,11.18466,8.90957,1.5759,conventional_oilfield_range
33.7,1.9289,6.5,6.322,13.48,1.10422,1.94351,1.46495,1.7601,conventional_oilfield_range
64.09,2.9319,4.86,1.946,10.77,2.23381,7.70045,4.14745,3.4472,conventional_oilfield_range
35.98,25.266,5.96,43.572,12.24,42.13754,48.11731,45.02827,1.1419,high_pressure_gas_CO2
92.52,53.9917,4.43,11.796,6.2,163.66539,347.20157,238.3797,2.1214,high_pressure_gas_CO2
128.4,58.7019,4.44,35.478,14.54,757.99108,1879.32023,1193.52753,2.4793,high_pressure_gas_CO2
133.24,71.1348,4.3,124.782,3.92,4934.7225,4917.37762,4926.04242,1.0035,high_pressure_gas_CO2
101.8,9.8306,6.24,29.221,4.57,143.70376,132.3972,137.93468,1.0854,conventional_oilfield_range
127.3,4.8102,3.96,62.214,10.27,378.91019,1177.08135,667.8384,3.1065,conventional_oilfield_range
142.54,10.1898,4.21,38.67,16.2,563.04293,976.18401,741.37272,1.7338,high_pressure_gas_CO2
120.99,0.2657,5.02,45.881,7.81,35.90515,92.42541,57.60684,2.5742,conventional_oilfield_range
122.49,10.391,6.37,54.179,3.32,503.90542,340.44661,414.18944,1.4801,high_pressure_gas_CO2
51.73,0.3001,4.63,102.124,11.71,7.67326,37.57232,16.97947,4.8965,conventional_oilfield_range
121.87,0.2756,4.5,22.199,6.12,27.49419,83.11627,47.80392,3.023,conventional_oilfield_range
70.47,0.6199,5.39,6.631,7.45,3.0106,9.05341,5.22075,3.0072,conventional_oilfield_range
123.75,0.6926,6.27,1.73,1.95,5.87788,4.07105,4.89175,1.4438,conventional_oilfield_range
128.25,51.9105,4.53,2.92,18.43,127.83593,256.07366,180.92931,2.0031,high_pressure_gas_CO2
104.64,0.2711,4.12,62.579,12.87,29.32425,178.24045,72.29639,6.0783,conventional_oilfield_range
69.46,71.3936,4.79,4.517,1.99,58.35578,88.44024,71.8401,1.5155,high_pressure_gas_CO2
77.01,0.1741,4.65,1.963,0.56,0.8699,4.34772,1.94475,4.998,conventional_oilfield_range
40.36,0.5356,4.3,1.348,1.95,0.29325,2.62756,0.87781,8.96,conventional_oilfield_range
35.02,1.4706,4.09,12.758,17.57,1.5079,16.43467,4.97814,10.899,conventional_oilfield_range
136.65,0.1376,5.22,143.662,13.23,60.99934,170.64904,102.02685,2.7976,conventional_oilfield_range
83.8,21.205,4.63,40.861,7.46,156.34308,469.30541,270.87387,3.0018,high_pressure_gas_CO2
104.91,0.1574,4.75,121.814,9.98,39.07295,143.63575,74.9151,3.6761,conventional_oilfield_range
127.61,1.5285,3.65,4.492,10.02,19.46053,97.01527,43.45076,4.9852,conventional_oilfield_range
37.8,30.2922,3.99,68.975,13.09,67.56949,304.37483,143.41008,4.5046,high_pressure_gas_CO2
67.26,0.7862,5.27,1.518,0.74,1.04874,2.41712,1.59215,2.3048,conventional_oilfield_range
38.45,11.0967,4.66,96.381,15.92,26.49845,124.98525,57.54925,4.7167,high_pressure_gas_CO2
109.3,17.8676,5.44,3.158,2.61,70.71548,31.78158,47.40727,2.225,high_pressure_gas_CO2
107.25,6.1454,5.55,1.856,1.38,19.92819,16.79953,18.29711,1.1862,conventional_oilfield_range
19.48,1.5535,5.13,18.248,9.29,1.79697,7.30114,3.62214,4.063,conventional_oilfield_range
22.09,0.9916,4.24,20.049,12.75,1.16479,13.14048,3.91228,11.2814,conventional_oilfield_range
131.82,72.0778,4.7,1.017,3.48,75.824,140.84294,103.34057,1.8575,high_pressure_gas_CO2
114.73,4.4793,5.03,6.285,5.53,58.16886,73.55732,65.41212,1.2645,conventional_oilfield_range
139.57,0.4963,5.82,6.323,4.62,15.14379,21.81629,18.1764,1.4406,conventional_oilfield_range
103.95,7.3227,3.75,7.734,8.97,51.26074,193.20552,99.51812,3.7691,conventional_oilfield_range
17.25,0.86,6.25,6.625,4.35,0.45025,0.9093,0.63985,2.0196,conventional_oilfield_range
8.77,0.3082,3.74,1.266,16.16,0.04205,0.79223,0.18251,18.8419,conventional_oilfield_range
40.46,0.1821,4.49,13.087,12.7,0.59142,4.46185,1.62444,7.5443,conventional_oilfield_range
6.73,0.4588,5.92,75.248,9.08,0.94304,4.36805,2.02959,4.6319,conventional_oilfield_range
129.27,12.525,4.08,5.644,10.01,130.30359,219.0728,168.95553,1.6812,high_pressure_gas_CO2
49.0,0.2447,6.23,33.137,0.1,3.65345,6.84031,4.99907,1.8723,conventional_oilfield_range
83.43,0.4961,5.4,16.156,6.42,8.0296,23.1004,13.61936,2.8769,conventional_oilfield_range
42.54,18.5423,4.86,64.877,9.15,68.86646,147.00566,100.61689,2.1346,high_pressure_gas_CO2
13.79,1.4565,4.17,5.086,19.08,0.37245,2.25114,0.91566,6.0441,conventional_oilfield_range
120.86,2.3181,5.41,67.974,16.86,127.8501,178.73534,151.16657,1.398,conventional_oilfield_range
39.27,0.4819,4.03,18.3,8.4,1.9621,14.30101,5.29717,7.2886,conventional_oilfield_range
53.33,18.3988,5.0,135.713,19.89,96.63268,335.51463,180.06021,3.4721,high_pressure_gas_CO2
48.82,0.6962,5.1,1.242,6.07,0.45052,1.35424,0.78109,3.006,conventional_oilfield_range
121.29,33.9697,5.12,143.262,7.74,2666.73466,1790.17193,2184.92873,1.4897,high_pressure_gas_CO2
28.52,0.1427,5.28,70.286,17.82,0.90029,7.17802,2.54211,7.973,conventional_oilfield_range
134.02,25.5999,4.74,1.801,2.15,47.93997,129.62103,78.82911,2.7038,high_pressure_gas_CO2
73.54,0.8318,4.85,4.275,14.86,1.84567,8.99872,4.07537,4.8756,conventional_oilfield_range
79.2,23.4826,3.96,6.967,11.53,38.81499,184.90079,84.71672,4.7636,high_pressure_gas_CO2
141.77,10.9875,5.77,18.284,12.18,276.0158,266.21073,271.06894,1.0368,high_pressure_gas_CO2
81.62,1.1133,4.75,68.253,7.58,32.23578,123.70422,63.14825,3.8375,conventional_oilfield_range
138.71,72.7065,5.65,7.713,4.37,652.20307,378.30046,496.71795,1.724,high_pressure_gas_CO2
84.44,0.1263,5.8,9.198,8.81,1.54709,4.74007,2.70801,3.0639,conventional_oilfield_range
72.92,18.6469,4.12,16.963,16.51,53.23625,204.80496,104.41766,3.8471,high_pressure_gas_CO2
72.92,0.3558,5.74,44.794,8.88,9.25605,19.51847,13.44113,2.1087,conventional_oilfield_range
142.22,18.9613,6.47,1.854,11.08,60.99486,27.20914,40.73841,2.2417,high_pressure_gas_CO2
119.98,1.6619,6.4,26.383,3.36,82.79637,63.358,72.42798,1.3068,conventional_oilfield_range
104.24,21.3279,3.66,2.048,12.34,33.1872,115.33792,61.86876,3.4754,high_pressure_gas_CO2
59.97,23.0406,5.94,86.267,16.69,157.19608,122.46691,138.74912,1.2836,high_pressure_gas_CO2
147.81,0.5967,4.18,99.028,7.98,188.52322,895.72606,410.93207,4.7513,conventional_oilfield_range
54.45,4.1026,4.68,49.448,11.98,30.77312,108.82931,57.87069,3.5365,conventional_oilfield_range
40.15,14.0026,3.65,51.198,17.23,28.53603,284.39177,90.08557,9.9661,high_pressure_gas_CO2
125.06,1.0209,5.1,49.782,6.81,142.51256,273.92733,197.58058,1.9221,conventional_oilfield_range
96.6,19.6791,5.06,1.05,3.33,15.33925,28.281,20.82809,1.8437,high_pressure_gas_CO2
25.76,25.4967,4.47,131.96,8.2,108.82943,287.18614,176.78887,2.6389,high_pressure_gas_CO2
57.95,25.2431,4.94,74.243,19.02,83.7384,210.47003,132.75701,2.5134,high_pressure_gas_CO2
69.76,1.5512,5.54,1.234,14.44,1.22703,2.13606,1.61895,1.7408,conventional_oilfield_range
41.12,0.1681,4.94,91.782,1.86,5.71974,22.72048,11.3998,3.9723,conventional_oilfield_range
86.23,78.2302,6.27,117.592,15.51,849.01994,382.05533,569.53717,2.2222,dense_phase_supercritical_CO2
73.44,3.745,4.95,100.304,10.39,94.73197,305.83367,170.2123,3.2284,conventional_oilfield_range
16.06,25.3698,5.92,17.166,15.94,7.75465,14.16823,10.48187,1.8271,high_pressure_gas_CO2
73.71,9.9908,4.68,4.505,8.54,15.24125,54.03943,28.69893,3.5456,conventional_oilfield_range
83.58,3.3088,4.91,1.102,1.57,4.62548,10.02517,6.80964,2.1674,conventional_oilfield_range
50.27,11.3325,3.95,1.112,13.62,1.91987,8.80817,4.11224,4.5879,high_pressure_gas_CO2
5.53,14.7732,4.97,4.441,18.94,0.9582,3.7939,1.90665,3.9594,high_pressure_gas_CO2
77.25,0.2585,6.09,1.407,17.37,0.41684,0.86105,0.5991,2.0656,conventional_oilfield_range
131.79,0.9091,5.72,49.794,7.11,85.8049,156.6177,115.92483,1.8253,conventional_oilfield_range
69.86,0.6719,5.98,3.163,14.43,1.65792,2.38993,1.99056,1.4415,conventional_oilfield_range
116.22,0.7535,5.13,110.414,3.77,211.72485,309.09175,255.81713,1.4599,conventional_oilfield_range
78.61,3.0216,6.21,31.541,4.32,32.02675,37.92684,34.85217,1.1842,conventional_oilfield_range
66.81,24.3704,6.09,5.373,19.56,18.00674,14.81672,16.33404,1.2153,high_pressure_gas_CO2
75.39,0.6363,5.49,5.556,14.07,2.13668,4.99555,3.26709,2.338,conventional_oilfield_range
18.87,0.1358,3.82,8.724,12.19,0.16907,2.58804,0.66148,15.3075,conventional_oilfield_range
24.17,7.1166,4.55,17.52,0.92,6.78733,30.78341,14.45466,4.5354,conventional_oilfield_range
109.95,1.1442,4.21,34.215,19.39,35.28885,159.0759,74.92399,4.5078,conventional_oilfield_range
43.95,8.7566,4.09,10.893,6.81,12.21103,79.96734,31.24874,6.5488,conventional_oilfield_range
54.83,78.3429,5.39,6.448,6.45,49.34606,61.79858,55.22243,1.2524,dense_phase_supercritical_CO2
35.6,6.5024,4.83,4.117,3.3,3.99025,11.33389,6.72495,2.8404,conventional_oilfield_range
53.47,64.4111,4.41,74.084,19.9,241.70278,425.77601,320.79783,1.7616,high_pressure_gas_CO2
48.36,27.0463,5.98,18.547,3.17,49.63275,51.44674,50.53161,1.0365,high_pressure_gas_CO2
79.98,4.3275,5.58,2.438,13.06,8.67432,7.08443,7.83917,1.2244,conventional_oilfield_range
137.67,15.2353,4.21,102.499,8.68,1465.93549,2712.4566,1994.06279,1.8503,high_pressure_gas_CO2
132.87,0.5938,4.07,4.627,12.59,9.7199,58.60043,23.8661,6.0289,conventional_oilfield_range
135.03,3.6031,3.99,131.999,7.53,536.16007,2386.01185,1131.05449,4.4502,conventional_oilfield_range
63.88,13.5835,4.42,88.336,17.33,86.83813,275.0007,154.53331,3.1668,high_pressure_gas_CO2
93.94,5.1768,5.79,3.109,18.56,8.16958,8.46545,8.3162,1.0362,conventional_oilfield_range
23.18,2.5864,6.09,123.379,12.53,10.39169,16.46579,13.0808,1.5845,conventional_oilfield_range
6.38,0.1576,5.6,11.243,9.56,0.15566,0.92065,0.37856,5.9145,conventional_oilfield_range
63.8,12.1218,6.41,65.06,2.52,118.32057,96.87344,107.0613,1.2214,high_pressure_gas_CO2
9.79,1.7289,5.3,1.305,15.21,0.10321,0.42188,0.20867,4.0877,conventional_oilfield_range
125.38,83.874,6.24,29.996,2.97,1443.57939,825.00247,1091.30956,1.7498,dense_phase_supercritical_CO2
21.48,2.4007,5.96,7.273,18.23,0.7949,2.8237,1.49818,3.5523,conventional_oilfield_range
52.6,5.1848,5.86,81.725,12.68,37.42866,58.89128,46.94914,1.5734,conventional_oilfield_range
93.5,0.4659,6.44,21.34,19.7,7.99546,11.76787,9.69998,1.4718,conventional_oilfield_range
28.72,5.3165,5.41,65.313,19.26,9.66818,24.99184,15.54431,2.585,conventional_oilfield_range
65.5,1.7633,5.58,51.726,15.95,22.74898,41.78881,30.83266,1.837,conventional_oilfield_range
130.14,0.1147,4.01,8.68,18.26,4.43013,25.74188,10.67895,5.8106,conventional_oilfield_range
118.01,1.6146,3.53,36.825,2.86,78.95422,604.90392,218.53997,7.6615,conventional_oilfield_range
106.96,8.0996,4.8,68.108,8.13,365.58505,507.51439,430.74316,1.3882,conventional_oilfield_range
48.66,2.2638,4.97,67.974,14.11,15.01189,75.50971,33.66814,5.03,conventional_oilfield_range
12.61,57.9737,4.03,3.475,8.01,3.16461,22.03879,8.35129,6.9641,high_pressure_gas_CO2
107.27,0.1526,4.8,116.972,16.23,25.34176,134.75316,58.43699,5.3174,conventional_oilfield_range
95.19,0.8267,4.19,17.796,11.75,13.89891,109.88486,39.08043,7.906,conventional_oilfield_range
112.2,10.3659,6.1,52.685,13.78,315.74964,230.87474,269.99744,1.3676,high_pressure_gas_CO2
105.62,1.0072,4.09,63.116,16.52,58.98528,292.60393,131.37475,4.9606,conventional_oilfield_range
7.86,2.781,4.33,3.474,17.96,0.25664,2.29196,0.76695,8.9306,conventional_oilfield_range
147.94,1.8591,3.8,2.448,5.86,20.42225,108.48643,47.06949,5.3122,conventional_oilfield_range
96.86,4.1324,4.07,60.544,3.15,154.49903,771.07847,345.15341,4.9908,conventional_oilfield_range
52.01,0.1651,3.64,3.474,2.64,0.43502,6.68453,1.70526,15.366,conventional_oilfield_range
107.76,1.25,4.57,14.546,9.97,28.87555,54.3411,39.61224,1.8819,conventional_oilfield_range
43.68,98.4013,3.66,2.141,17.91,10.64226,39.03002,20.38057,3.6675,dense_phase_supercritical_CO2
142.21,1.5129,3.71,19.589,3.13,116.11348,379.90445,210.02863,3.2718,conventional_oilfield_range
24.08,0.4986,5.9,1.195,9.73,0.07867,0.28768,0.15044,3.657,conventional_oilfield_range
127.45,29.3013,5.7,84.695,18.07,900.77549,943.93262,922.1016,1.0479,high_pressure_gas_CO2
110.74,0.8515,6.38,106.475,19.48,56.43818,49.32746,52.76317,1.1442,conventional_oilfield_range
20.96,11.913,6.07,4.824,9.92,2.9845,4.44085,3.64056,1.488,high_pressure_gas_CO2
67.68,0.4919,6.38,23.706,2.63,6.91106,10.49284,8.51567,1.5183,conventional_oilfield_range
126.78,1.9577,5.73,1.958,17.04,7.37884,7.02721,7.20088,1.05,conventional_oilfield_range
100.28,47.3513,5.65,3.286,2.63,85.58683,65.98683,75.15054,1.297,high_pressure_gas_CO2
68.19,0.1658,3.62,2.162,6.29,0.39602,5.92088,1.53127,14.9509,conventional_oilfield_range
122.26,10.0678,4.76,9.316,17.55,73.04032,187.3552,116.9807,2.5651,high_pressure_gas_CO2
105.45,1.8509,6.24,12.57,14.9,21.53463,18.86343,20.15482,1.1416,conventional_oilfield_range
16.4,0.7138,5.76,39.309,16.99,1.12497,3.0906,1.86463,2.7473,conventional_oilfield_range
75.41,3.47,5.0,1.635,11.88,4.24658,8.37789,5.96468,1.9729,conventional_oilfield_range
134.9,9.3182,4.66,3.38,10.46,48.69385,121.33652,76.86575,2.4918,conventional_oilfield_range
107.62,15.9066,3.77,60.051,7.06,371.04544,2036.64441,869.30295,5.4889,high_pressure_gas_CO2
148.99,7.6407,5.48,6.774,19.87,89.8736,66.73467,77.44472,1.3467,conventional_oilfield_range
28.25,2.7283,5.07,1.062,18.98,0.24397,0.8909,0.46621,3.6517,conventional_oilfield_range
5.26,8.2216,5.16,29.175,18.87,2.46341,11.42492,5.30511,4.6379,conventional_oilfield_range
33.01,0.4289,4.76,1.093,10.32,0.11664,0.61272,0.26734,5.253,conventional_oilfield_range
9.17,3.9848,3.65,7.433,8.87,1.10757,10.38001,3.39067,9.3718,conventional_oilfield_range
89.68,92.4564,4.61,24.892,6.93,423.10852,925.80322,625.87157,2.1881,dense_phase_supercritical_CO2
64.69,47.3256,4.28,11.124,11.29,69.52499,166.30826,107.52944,2.3921,high_pressure_gas_CO2
79.69,1.793,4.62,77.573,6.75,53.4174,214.49918,107.04199,4.0155,conventional_oilfield_range
66.62,1.156,3.64,28.54,15.91,10.09927,82.16973,28.80719,8.1362,conventional_oilfield_range
49.03,60.0323,3.77,1.277,12.52,5.35423,36.39861,13.96017,6.7981,high_pressure_gas_CO2
26.25,14.4304,3.9,14.181,19.23,4.18647,46.84967,14.00481,11.1907,high_pressure_gas_CO2
36.02,20.4923,5.61,11.197,4.84,13.21943,20.9138,16.62734,1.5821,high_pressure_gas_CO2
76.79,4.6949,3.82,50.509,16.79,58.85859,338.45191,141.14108,5.7503,conventional_oilfield_range
74.67,0.2891,6.06,2.053,13.3,0.73627,1.30153,0.97892,1.7677,conventional_oilfield_range
123.62,1.0258,3.57,1.336,6.84,5.11623,35.6956,13.51395,6.9769,conventional_oilfield_range
149.06,14.4465,5.5,18.859,11.01,459.70529,486.79171,473.05468,1.0589,high_pressure_gas_CO2
63.21,2.37,5.06,10.986,6.2,9.53233,26.26783,15.82383,2.7557,conventional_oilfield_range
34.32,24.025,4.35,13.962,15.45,12.93945,55.22048,26.73056,4.2676,high_pressure_gas_CO2
16.52,0.468,3.97,4.661,18.74,0.18343,2.18254,0.63273,11.8983,conventional_oilfield_range
146.18,0.6822,4.81,17.231,19.24,22.40164,118.74,51.57491,5.3005,conventional_oilfield_range
64.93,1.4536,5.04,12.036,3.89,9.15851,27.0412,15.73712,2.9526,conventional_oilfield_range
59.75,0.2728,3.97,49.315,12.64,5.47855,52.60535,16.97649,9.6021,conventional_oilfield_range
41.22,0.2449,6.19,4.212,7.45,0.36953,0.674,0.49907,1.8239,conventional_oilfield_range
127.96,72.5039,4.05,1.484,7.38,104.75553,228.84054,154.82994,2.1845,high_pressure_gas_CO2
43.05,58.7602,6.05,2.297,17.24,7.27843,6.21719,6.72692,1.1707,high_pressure_gas_CO2
15.07,1.613,3.63,15.136,2.3,1.4829,26.37101,6.25344,17.7834,conventional_oilfield_range
75.73,4.5706,5.81,11.413,12.28,15.13286,20.26492,17.51189,1.3391,conventional_oilfield_range
33.09,0.1773,3.92,7.09,6.46,0.24522,4.55671,1.05708,18.5819,conventional_oilfield_range
129.38,0.8095,3.97,2.065,15.98,5.53111,36.00912,14.11278,6.5103,conventional_oilfield_range
41.4,4.292,4.68,37.661,4.89,12.97894,70.57266,30.2648,5.4375,conventional_oilfield_range
48.53,0.1332,6.33,66.48,17.43,2.27271,4.36603,3.15004,1.9211,conventional_oilfield_range
27.11,10.8923,5.39,58.528,18.4,16.09818,28.99155,21.6035,1.8009,high_pressure_gas_CO2
41.04,5.2633,3.52,1.533,5.27,1.81573,12.18948,4.70455,6.7133,conventional_oilfield_range
131.64,5.0534,5.73,64.26,16.29,339.73526,224.25584,276.02105,1.5149,conventional_oilfield_range
111.38,34.7534,4.64,27.001,11.98,490.03552,552.15049,520.16666,1.1268,high_pressure_gas_CO2
64.34,4.5356,5.83,4.265,19.38,4.30641,6.24356,5.1853,1.4498,conventional_oilfield_range
18.52,18.4865,5.05,1.743,17.16,1.08382,2.43558,1.62472,2.2472,high_pressure_gas_CO2
50.25,70.1992,4.53,1.538,14.08,9.88938,28.04183,16.65281,2.8356,high_pressure_gas_CO2
69.52,5.7775,3.51,4.77,0.77,11.28981,88.31658,31.57653,7.8227,conventional_oilfield_range
113.0,23.8317,5.92,92.137,9.06,843.03589,837.21162,840.11871,1.007,high_pressure_gas_CO2
71.52,0.4346,3.57,1.689,16.19,0.47586,9.60905,2.13836,20.193,conventional_oilfield_range
44.41,2.6388,6.34,2.147,6.56,1.57815,1.47276,1.52454,1.0716,conventional_oilfield_range
119.63,2.3173,4.3,3.049,17.16,13.27847,37.77191,22.39539,2.8446,conventional_oilfield_range
94.64,5.5192,6.26,13.9,0.07,65.53758,40.69555,51.64386,1.6104,conventional_oilfield_range
20.45,0.4856,5.74,149.16,5.78,4.86655,19.59669,9.76567,4.0268,conventional_oilfield_range
144.7,0.1631,6.0,1.088,3.36,2.40002,2.50675,2.4528,1.0445,conventional_oilfield_range
38.89,0.1571,5.44,1.256,9.78,0.10178,0.37924,0.19647,3.7261,conventional_oilfield_range
104.39,0.1284,3.58,14.509,8.12,4.73826,68.22183,17.97923,14.3981,conventional_oilfield_range
18.72,0.9255,4.69,7.005,5.77,0.64965,4.27121,1.66577,6.5747,conventional_oilfield_range
142.83,1.585,5.3,80.915,7.57,251.43146,365.58835,303.18379,1.454,conventional_oilfield_range
80.23,0.6529,4.26,1.415,0.24,1.28326,7.1991,3.03946,5.61,conventional_oilfield_range
20.45,92.1899,6.26,9.824,9.37,15.30597,11.31989,13.1629,1.3521,dense_phase_liquid_CO2
142.7,19.7541,4.17,11.106,11.48,277.74623,740.21205,453.42156,2.6651,high_pressure_gas_CO2
34.29,93.4741,3.61,14.078,2.21,52.27529,241.57531,112.37624,4.6212,dense_phase_supercritical_CO2
88.19,18.909,6.0,144.613,5.56,928.35767,503.43057,683.63999,1.8441,high_pressure_gas_CO2
43.87,0.7606,6.33,57.939,6.68,6.23139,10.2742,8.00141,1.6488,conventional_oilfield_range
37.98,0.501,5.49,4.565,11.29,0.39961,2.04808,0.90467,5.1252,conventional_oilfield_range
54.65,66.1256,4.19,139.585,9.6,356.08997,1012.83968,600.55146,2.8443,high_pressure_gas_CO2
110.4,1.2039,6.22,80.761,15.14,78.58752,102.41365,89.71307,1.3032,conventional_oilfield_range
89.92,0.347,5.38,135.661,4.29,41.24989,117.94738,69.75182,2.8593,conventional_oilfield_range
112.26,2.7094,5.99,3.252,19.89,10.62654,11.75797,11.17795,1.1065,conventional_oilfield_range
49.0,1.9174,6.24,3.928,9.91,1.64633,1.57989,1.61277,1.0421,conventional_oilfield_range
33.43,17.3279,5.18,5.747,10.52,7.45015,9.31372,8.32998,1.2501,high_pressure_gas_CO2
40.32,7.3317,6.1,27.147,7.76,14.29984,20.35953,17.06277,1.4238,conventional_oilfield_range
106.69,93.9937,6.38,3.937,4.02,223.60816,83.17553,136.37715,2.6884,dense_phase_supercritical_CO2
138.02,1.4844,6.31,8.642,7.31,39.24514,28.68022,33.54936,1.3684,conventional_oilfield_range
131.54,29.8037,4.89,1.874,17.62,61.91706,78.64695,69.78243,1.2702,high_pressure_gas_CO2
8.55,12.3725,5.26,21.505,18.69,2.80999,11.4616,5.67512,4.0789,high_pressure_gas_CO2
48.83,0.4225,5.28,32.369,8.96,3.99349,14.57463,7.62913,3.6496,conventional_oilfield_range
146.69,8.6629,4.58,1.025,17.48,19.95694,38.63299,27.76682,1.9358,conventional_oilfield_range
100.9,2.6688,6.02,1.643,10.82,4.0939,7.48941,5.53723,1.8294,conventional_oilfield_range
89.56,0.2836,4.47,20.658,17.04,5.98461,31.3876,13.70556,5.2447,conventional_oilfield_range
138.97,1.4733,3.66,1.271,1.6,14.80925,54.53527,28.41877,3.6825,conventional_oilfield_range
101.75,17.7639,3.75,5.14,1.48,83.90156,305.20888,160.02344,3.6377,high_pressure_gas_CO2
32.92,0.594,4.26,47.693,12.47,2.62123,26.78154,8.37857,10.2172,conventional_oilfield_range
17.72,0.4931,3.64,40.74,10.24,1.1505,21.04292,4.92035,18.2902,conventional_oilfield_range
128.79,9.9547,4.63,17.653,1.02,209.18052,327.47316,261.72697,1.5655,conventional_oilfield_range
137.41,28.8241,6.06,10.973,3.93,429.43142,194.5668,289.05553,2.2071,high_pressure_gas_CO2
43.24,0.6126,3.87,29.623,18.88,1.91553,28.94467,7.44611,15.1105,conventional_oilfield_range
96.08,1.7301,6.2,6.159,6.34,9.99595,13.23054,11.50008,1.3236,conventional_oilfield_range
23.33,0.1642,6.47,15.496,17.58,0.31193,0.65417,0.45173,2.0972,conventional_oilfield_range
16.83,15.1952,4.69,4.222,9.61,2.46042,9.64787,4.87215,3.9212,high_pressure_gas_CO2
146.34,0.4678,3.59,2.586,5.24,11.48005,78.46423,30.01288,6.8348,conventional_oilfield_range
93.09,1.865,4.07,97.029,12.19,126.29525,536.6349,260.33525,4.2491,conventional_oilfield_range
68.01,0.1109,4.23,3.093,11.55,0.50354,4.07657,1.43272,8.0959,conventional_oilfield_range
38.08,0.346,4.53,51.954,10.67,3.41586,18.70886,7.99417,5.4771,conventional_oilfield_range
63.34,2.3048,3.81,6.731,12.05,4.23923,38.29453,12.74125,9.0334,conventional_oilfield_range
127.63,5.0467,6.04,2.291,3.73,31.41276,26.12776,28.64865,1.2023,conventional_oilfield_range
115.43,0.5949,5.55,4.035,19.23,5.34526,6.19382,5.75392,1.1588,conventional_oilfield_range
67.23,12.8951,5.13,12.703,17.44,25.6967,44.52109,33.82374,1.7326,high_pressure_gas_CO2
118.56,0.4653,3.64,3.634,12.1,4.50734,40.10678,13.44526,8.8981,conventional_oilfield_range
77.45,0.1801,4.5,33.78,11.88,4.43882,25.38708,10.61549,5.7193,conventional_oilfield_range
116.78,53.6462,5.6,2.308,9.63,71.06068,67.00314,69.00209,1.0606,high_pressure_gas_CO2
29.9,1.1722,3.79,2.141,14.26,0.31046,4.64486,1.20084,14.9614,conventional_oilfield_range
39.13,0.3198,4.74,84.864,19.33,2.98043,21.06076,7.92276,7.0664,conventional_oilfield_range
26.13,0.9376,4.39,14.609,0.13,1.40079,11.80013,4.06565,8.4239,conventional_oilfield_range
94.79,5.0504,4.97,47.276,14.43,134.90131,191.62776,160.78195,1.4205,conventional_oilfield_range
33.36,31.0267,6.43,71.711,6.32,60.40343,68.92709,64.52467,1.1411,high_pressure_gas_CO2
98.31,0.2742,5.66,3.858,1.71,3.80112,6.58373,5.00255,1.732,conventional_oilfield_range
148.21,77.54,4.87,2.987,10.55,326.43538,338.28746,332.30858,1.0363,dense_phase_supercritical_CO2
143.89,2.4493,4.79,1.679,7.3,13.91736,33.6187,21.63062,2.4156,conventional_oilfield_range
28.25,0.4207,5.89,15.195,7.23,0.91639,2.5351,1.52418,2.7664,conventional_oilfield_range
142.42,12.5394,5.23,2.299,5.05,67.60638,71.9354,69.7373,1.064,high_pressure_gas_CO2
72.62,76.6736,6.02,2.359,2.21,48.25564,21.65238,32.32413,2.2287,dense_phase_supercritical_CO2
80.65,0.4057,4.02,9.13,14.33,4.31779,23.60251,10.09509,5.4663,conventional_oilfield_range
47.14,1.1138,4.05,10.641,0.13,2.51693,21.62281,7.37719,8.591,conventional_oilfield_range
84.81,0.2589,4.91,63.87,1.39,17.42023,66.09407,33.9319,3.7941,conventional_oilfield_range
93.9,1.9483,6.16,23.403,6.52,42.81615,45.14436,43.96485,1.0544,conventional_oilfield_range
52.45,0.9909,5.55,1.103,19.14,0.35469,0.83295,0.54354,2.3484,conventional_oilfield_range
21.65,0.8142,5.11,3.605,2.58,0.32789,1.96583,0.80286,5.9953,conventional_oilfield_range
105.06,0.1093,4.76,147.048,2.69,34.88917,167.47671,76.44033,4.8002,conventional_oilfield_range
113.14,3.8623,3.51,92.916,13.39,208.75505,1047.54082,467.63173,5.018,conventional_oilfield_range
97.76,0.3913,4.87,56.996,11.49,33.42528,82.65048,52.56059,2.4727,conventional_oilfield_range
25.52,74.1491,3.59,20.846,17.42,22.53408,147.06573,57.56728,6.5264,dense_phase_liquid_CO2
66.19,50.0675,4.78,6.901,11.16,43.1924,75.1866,56.98675,1.7407,high_pressure_gas_CO2
41.07,37.5305,4.26,4.036,5.05,13.11425,41.64556,23.36986,3.1756,high_pressure_gas_CO2
68.2,0.619,4.89,1.166,10.93,0.56225,3.18056,1.33726,5.6569,conventional_oilfield_range
85.09,0.1993,5.69,1.61,8.14,0.89626,2.18594,1.3997,2.439,conventional_oilfield_range
125.37,0.3235,3.51,1.914,1.92,3.49979,38.47909,11.60469,10.9947,conventional_oilfield_range
7.63,6.7533,5.92,21.822,19.56,1.49802,5.05235,2.75109,3.3727,conventional_oilfield_range
117.06,0.2325,6.01,34.788,7.45,20.33044,23.69828,21.94986,1.1657,conventional_oilfield_range
24.31,23.9635,5.16,1.272,10.06,0.85684,3.14333,1.64113,3.6685,high_pressure_gas_CO2
98.95,8.0888,4.21,101.086,14.8,386.27674,838.06635,568.96884,2.1696,conventional_oilfield_range
49.38,96.6441,4.02,5.49,17.41,26.77215,111.05605,54.52714,4.1482,dense_phase_supercritical_CO2
116.88,0.1823,6.24,48.897,16.34,16.69685,29.03262,22.01711,1.7388,conventional_oilfield_range
126.05,2.4492,5.61,15.906,3.54,85.82767,95.35867,90.46774,1.111,conventional_oilfield_range
69.55,3.9316,3.56,3.295,5.09,8.07316,43.58005,18.7571,5.3981,conventional_oilfield_range
82.38,24.694,3.52,44.891,9.42,242.49921,983.9799,488.48168,4.0577,high_pressure_gas_CO2
120.89,35.3702,4.43,91.381,3.56,1929.47766,3168.23184,2472.45476,1.642,high_pressure_gas_CO2
143.81,0.967,5.58,4.385,14.62,15.44633,20.70614,17.8839,1.3405,conventional_oilfield_range
52.27,24.0079,5.19,9.203,8.9,14.58318,30.57578,21.11616,2.0966,high_pressure_gas_CO2
17.8,11.0118,5.86,142.269,15.95,23.46894,56.00906,36.25566,2.3865,high_pressure_gas_CO2
115.0,2.5305,6.41,9.166,5.0,39.36762,19.32076,27.5792,2.0376,conventional_oilfield_range
17.73,1.4695,5.15,134.955,16.98,6.72853,24.26538,12.77772,3.6063,conventional_oilfield_range
137.18,0.1309,5.77,81.476,13.19,46.25357,67.15611,55.73338,1.4519,conventional_oilfield_range
117.61,0.402,5.63,19.725,7.52,25.58753,35.16684,29.99721,1.3744,conventional_oilfield_range
44.48,1.9855,5.75,1.917,10.15,0.70201,1.5829,1.05414,2.2548,conventional_oilfield_range
94.53,0.4807,5.56,100.806,5.62,60.98123,80.76986,70.18152,1.3245,conventional_oilfield_range
113.42,15.5442,5.22,43.971,9.58,497.1492,373.75961,431.06182,1.3301,high_pressure_gas_CO2
23.36,0.2067,6.22,5.183,7.88,0.24634,0.54806,0.36743,2.2248,conventional_oilfield_range
128.1,0.4303,5.53,42.47,17.64,31.9027,45.73294,38.19691,1.4335,conventional_oilfield_range
26.1,1.2488,5.43,112.951,17.22,4.85836,20.96971,10.09348,4.3162,conventional_oilfield_range
20.21,20.8403,4.27,3.244,11.51,1.93707,13.16958,5.05078,6.7987,high_pressure_gas_CO2
108.21,48.9368,3.53,1.021,4.74,32.65323,137.31125,66.96011,4.2051,high_pressure_gas_CO2
147.13,35.3964,6.33,26.425,5.94,1071.08726,499.28177,731.28267,2.1453,high_pressure_gas_CO2
135.59,9.5136,6.11,4.72,2.21,118.14646,54.98673,80.60079,2.1486,conventional_oilfield_range
89.32,30.5504,5.73,1.971,12.8,26.473,18.54559,22.15756,1.4275,high_pressure_gas_CO2
38.68,20.2198,5.99,145.204,2.18,90.47904,194.66005,132.71268,2.1514,high_pressure_gas_CO2
111.38,0.5603,5.24,100.263,4.19,77.42497,176.63453,116.9441,2.2814,conventional_oilfield_range
95.87,13.5493,5.2,1.312,16.25,9.82134,11.97529,10.84497,1.2193,high_pressure_gas_CO2
67.23,3.3025,4.44,12.709,4.46,13.43674,52.6809,26.60563,3.9207,conventional_oilfield_range
101.57,24.6663,3.72,10.912,6.19,174.49873,328.12127,239.28382,1.8804,high_pressure_gas_CO2
103.19,2.927,6.37,2.871,19.92,7.18687,5.09173,6.04926,1.4115,conventional_oilfield_range
104.57,2.4998,6.37,1.601,18.42,4.33536,3.13988,3.68952,1.3807,conventional_oilfield_range
100.35,8.4286,3.51,12.739,4.36,69.64966,411.34524,169.26327,5.9059,conventional_oilfield_range
33.62,13.6395,4.46,1.071,18.08,0.7862,4.88035,1.95881,6.2075,high_pressure_gas_CO2
54.31,72.7455,4.5,46.399,14.56,161.31791,534.48484,293.63579,3.3132,high_pressure_gas_CO2
144.49,61.5304,5.55,7.15,3.91,481.02769,362.62959,417.65402,1.3265,high_pressure_gas_CO2
102.29,0.9841,3.86,22.691,3.12,29.66585,190.50132,75.17568,6.4216,conventional_oilfield_range
25.25,0.242,4.3,11.492,5.84,0.45931,4.38046,1.41844,9.5371,conventional_oilfield_range
9.84,0.5359,4.57,6.326,13.9,0.18911,1.78372,0.58079,9.4324,conventional_oilfield_range
147.38,0.1289,4.73,10.552,1.47,12.10904,53.43872,25.43799,4.4131,conventional_oilfield_range
140.87,23.9277,5.19,54.878,15.98,1063.93101,1047.03053,1055.44694,1.0161,high_pressure_gas_CO2
84.9,0.5596,5.49,1.596,12.7,0.88242,2.71281,1.5472,3.0743,conventional_oilfield_range
118.93,33.7456,4.47,8.959,8.1,237.89699,377.30311,299.59852,1.586,high_pressure_gas_CO2
26.67,86.1536,5.45,26.791,12.65,35.2295,69.87541,49.61528,1.9834,dense_phase_liquid_CO2
65.79,12.1597,4.24,1.022,5.13,3.4557,21.48946,8.61749,6.2186,high_pressure_gas_CO2
54.32,0.9975,3.88,7.72,14.11,1.73207,20.9662,6.0262,12.1047,conventional_oilfield_range
75.66,4.1381,5.91,4.765,15.87,7.34865,9.53714,8.37169,1.2978,conventional_oilfield_range
64.44,90.8849,5.23,20.276,5.26,176.66525,210.1532,192.68307,1.1896,dense_phase_supercritical_CO2
80.33,12.1016,5.97,7.432,7.54,26.73605,21.53408,23.9945,1.2416,high_pressure_gas_CO2
25.61,75.8006,6.17,16.777,3.67,28.86995,25.83644,27.31111,1.1174,dense_phase_liquid_CO2
86.81,1.3292,4.51,1.124,2.08,2.26605,8.56161,4.40466,3.7782,conventional_oilfield_range
98.28,55.9788,3.57,37.121,19.12,361.1861,1335.72174,694.58198,3.6982,high_pressure_gas_CO2
13.09,5.6501,4.13,4.711,0.66,0.95521,11.00138,3.2417,11.5172,conventional_oilfield_range
28.72,0.2206,4.05,1.448,12.98,0.06648,0.78533,0.22849,11.8132,conventional_oilfield_range
123.6,5.8143,5.41,66.975,14.81,382.99767,513.60952,443.52142,1.341,conventional_oilfield_range
118.56,6.7329,3.84,70.778,4.49,377.92813,1737.69519,810.38502,4.598,conventional_oilfield_range
138.35,0.1338,3.67,16.479,17.69,7.92289,86.34939,26.156,10.8987,conventional_oilfield_range
69.45,0.6905,4.86,1.312,5.72,0.70933,3.1395,1.4923,4.426,conventional_oilfield_range
83.51,46.496,5.87,86.729,18.67,483.10467,336.41645,403.1431,1.436,high_pressure_gas_CO2
28.02,9.5654,5.99,42.284,0.52,32.22541,38.72116,35.32429,1.2016,conventional_oilfield_range
66.1,5.3798,3.66,4.301,8.32,6.09742,58.24647,18.84551,9.5526,conventional_oilfield_range
51.99,16.6707,4.31,7.738,16.89,9.08868,52.79365,21.9049,5.8087,high_pressure_gas_CO2
7.82,1.9044,5.99,3.778,3.11,0.2573,0.68408,0.41954,2.6587,conventional_oilfield_range
149.9,0.3394,4.88,9.68,9.32,21.36379,69.50941,38.53549,3.2536,conventional_oilfield_range
136.39,0.6062,4.82,58.029,13.98,82.43896,261.05457,146.7006,3.1666,conventional_oilfield_range
72.87,21.1987,3.66,8.798,2.85,40.21846,215.62882,93.12497,5.3614,high_pressure_gas_CO2
70.8,58.0549,5.14,2.175,10.45,23.74383,29.4626,26.4491,1.2409,high_pressure_gas_CO2
120.51,0.2753,4.7,36.797,14.15,23.4077,74.32844,41.71161,3.1754,conventional_oilfield_range
68.44,0.1009,4.09,11.807,12.91,1.13334,11.00869,3.53223,9.7135,conventional_oilfield_range
61.14,14.181,5.13,1.054,4.03,3.62584,5.54657,4.48453,1.5297,high_pressure_gas_CO2
63.21,0.8257,4.92,78.177,16.76,13.82182,52.78529,27.0109,3.819,conventional_oilfield_range
89.48,0.3739,3.87,2.394,15.24,1.29222,13.49055,4.17525,10.4398,conventional_oilfield_range
57.34,88.9088,5.52,3.87,16.77,25.38667,25.13519,25.26062,1.01,dense_phase_supercritical_CO2
92.57,85.3714,5.17,3.711,0.39,79.78394,147.11054,108.33771,1.8439,dense_phase_supercritical_CO2
22.18,0.1008,5.04,37.613,8.01,0.55152,3.88593,1.46395,7.0459,conventional_oilfield_range
29.73,2.7455,5.45,37.726,1.1,8.14953,21.6749,13.29061,2.6596,conventional_oilfield_range
37.78,1.8791,5.14,6.481,8.85,1.40875,7.48839,3.24796,5.3156,conventional_oilfield_range
98.98,0.7603,3.75,1.309,19.49,2.07836,13.55523,5.3078,6.5221,conventional_oilfield_range
87.74,0.1003,5.53,1.291,2.12,0.38958,1.23548,0.69377,3.1713,conventional_oilfield_range
110.34,0.1085,3.64,5.719,5.78,2.1025,30.48905,8.00644,14.5014,conventional_oilfield_range
139.89,0.4886,5.55,2.411,1.64,9.74885,13.32003,11.39539,1.3663,conventional_oilfield_range
135.68,2.5823,6.21,52.52,9.47,197.60261,128.7273,159.48934,1.535,conventional_oilfield_range
99.82,38.044,4.5,3.167,11.98,46.78058,151.24366,84.11461,3.233,high_pressure_gas_CO2
148.23,17.5589,4.26,45.083,6.93,866.27338,2673.65789,1521.87997,3.0864,high_pressure_gas_CO2
94.25,16.8263,5.51,2.295,5.63,23.19076,28.6979,25.79779,1.2375,high_pressure_gas_CO2
117.89,0.4301,4.38,111.698,15.74,70.88872,281.53444,141.27143,3.9715,conventional_oilfield_range
135.22,0.3656,4.88,50.058,12.25,56.24244,186.93835,102.53716,3.3238,conventional_oilfield_range
66.44,17.9797,5.72,47.724,13.73,78.78163,118.72923,96.71444,1.5071,high_pressure_gas_CO2
112.81,50.2955,5.8,1.024,10.6,33.54194,32.37135,32.95145,1.0362,high_pressure_gas_CO2
122.21,2.3627,5.3,1.262,7.26,7.77825,17.24562,11.58192,2.2172,conventional_oilfield_range
79.85,0.1724,4.32,21.496,10.31,4.26831,38.70826,12.85375,9.0688,conventional_oilfield_range
53.92,1.5933,4.35,1.254,7.11,0.80877,5.55626,2.11984,6.87,conventional_oilfield_range
86.92,5.4035,4.81,2.497,7.48,9.58368,25.85713,15.74187,2.698,conventional_oilfield_range
69.0,5.9359,3.79,1.793,13.83,4.73476,24.79761,10.83563,5.2374,conventional_oilfield_range
58.93,11.9935,3.71,14.539,8.21,21.46469,181.51467,62.41919,8.4564,high_pressure_gas_CO2
85.32,96.9163,4.46,3.047,3.32,83.29682,220.85077,135.63247,2.6514,dense_phase_supercritical_CO2
64.75,3.164,4.13,60.484,9.08,36.45338,172.04709,79.19406,4.7196,conventional_oilfield_range
105.51,35.8314,3.52,44.92,17.69,524.16802,2349.80062,1109.81546,4.4829,high_pressure_gas_CO2
43.38,1.0927,6.4,11.965,18.65,2.5235,2.51368,2.51858,1.0039,conventional_oilfield_range
47.99,30.1095,5.97,13.339,17.69,16.14145,23.29817,19.39243,1.4434,high_pressure_gas_CO2
130.35,14.2819,3.92,1.38,15.17,26.58358,146.18101,62.3379,5.4989,high_pressure_gas_CO2
42.03,15.365,4.34,4.611,0.1,8.44417,39.22999,18.20068,4.6458,high_pressure_gas_CO2
71.07,0.2047,5.66,99.886,13.64,14.83616,25.70035,19.52676,1.7323,conventional_oilfield_range
16.69,1.9469,4.87,12.188,10.71,1.17202,5.37098,2.50896,4.5827,conventional_oilfield_range
25.89,31.3718,4.04,9.345,18.85,4.60572,46.16303,14.58129,10.023,high_pressure_gas_CO2
80.18,7.1776,5.27,15.098,9.22,32.50472,66.22943,46.39794,2.0375,conventional_oilfield_range
52.76,0.5942,4.86,4.383,1.39,1.24359,6.52846,2.84934,5.2497,conventional_oilfield_range
93.5,96.6821,5.67,18.401,13.84,375.43686,409.29283,391.99951,1.0902,dense_phase_supercritical_CO2
137.96,11.8513,6.39,8.841,13.91,108.31943,103.74275,106.00639,1.0441,high_pressure_gas_CO2
148.24,5.5498,4.25,88.996,10.32,850.87713,2044.26818,1318.87113,2.4025,conventional_oilfield_range
45.43,85.578,4.36,4.376,12.08,15.15803,70.95799,32.79608,4.6812,dense_phase_supercritical_CO2
55.67,0.2272,6.16,136.507,8.19,10.04701,17.5085,13.26303,1.7427,conventional_oilfield_range
24.19,58.1818,6.1,1.365,18.84,1.5427,2.24286,1.86012,1.4539,high_pressure_gas_CO2
53.62,0.5714,3.59,4.873,4.64,1.19235,17.37349,4.55141,14.5708,conventional_oilfield_range
23.93,8.0723,4.4,3.466,4.26,1.35111,11.11634,3.87548,8.2276,conventional_oilfield_range
122.22,55.0518,5.65,94.809,1.35,2053.35434,1943.70021,1997.77508,1.0564,high_pressure_gas_CO2
46.22,2.3426,6.12,8.136,17.23,2.6304,3.45411,3.01425,1.3131,conventional_oilfield_range
95.7,0.4257,5.6,11.739,16.95,4.76499,10.60894,7.10995,2.2264,conventional_oilfield_range
114.95,0.1388,4.69,1.475,13.94,0.90795,5.41636,2.2176,5.9655,conventional_oilfield_range
79.05,3.4737,4.63,5.882,6.52,11.7423,34.49373,20.1255,2.9376,conventional_oilfield_range
139.86,0.3131,6.06,30.282,3.52,61.51017,72.30985,66.69176,1.1756,conventional_oilfield_range
137.66,3.7148,5.12,8.746,0.83,124.94963,118.59771,121.73225,1.0536,conventional_oilfield_range
93.95,1.4803,6.27,20.802,15.22,23.43838,24.23314,23.83245,1.0339,conventional_oilfield_range
27.67,11.9684,5.1,4.203,17.67,2.02022,6.48218,3.61876,3.2086,high_pressure_gas_CO2
16.49,0.4578,5.52,59.212,10.81,1.67467,5.62175,3.06832,3.3569,conventional_oilfield_range
119.94,18.3614,4.0,41.967,18.36,384.81943,1306.53531,709.06993,3.3952,high_pressure_gas_CO2
60.34,2.0391,4.38,51.76,18.59,16.40507,67.02524,33.15952,4.0856,conventional_oilfield_range
24.75,68.2689,5.61,49.267,3.72,72.20458,112.83145,90.26044,1.5627,high_pressure_gas_CO2
59.91,0.1222,4.23,1.032,19.88,0.08091,1.0041,0.28502,12.4107,conventional_oilfield_range
125.52,2.0554,3.74,41.463,8.13,125.41923,629.39042,280.95846,5.0183,conventional_oilfield_range
37.17,8.188,4.54,78.232,15.13,35.70041,111.67159,63.14049,3.128,conventional_oilfield_range
74.65,1.0626,4.78,2.629,13.01,2.41449,5.48405,3.63884,2.2713,conventional_oilfield_range
70.67,8.5694,5.8,1.323,6.61,4.3633,6.50236,5.32651,1.4902,conventional_oilfield_range
89.68,0.4518,6.32,48.813,4.41,18.42981,20.53222,19.45263,1.1141,conventional_oilfield_range
29.68,1.0794,6.27,9.446,18.23,0.81027,1.6741,1.16468,2.0661,conventional_oilfield_range
41.91,19.4943,6.41,5.253,6.76,10.49646,6.43163,8.21641,1.632,high_pressure_gas_CO2
110.33,12.6204,4.17,18.181,9.0,183.1048,411.86644,274.61741,2.2493,high_pressure_gas_CO2
10.61,0.2055,4.75,129.756,10.75,1.42681,11.83666,4.10958,8.2959,conventional_oilfield_range
89.65,8.1827,6.09,7.411,12.9,28.42226,27.17322,27.79073,1.046,conventional_oilfield_range
119.08,41.8081,4.64,1.052,19.28,29.95502,63.77488,43.70787,2.129,high_pressure_gas_CO2
135.18,17.3135,4.79,42.034,4.14,745.09701,920.21304,828.03864,1.235,high_pressure_gas_CO2
15.23,11.7314,4.35,20.447,7.04,4.40181,38.44981,13.00957,8.735,high_pressure_gas_CO2
9.21,9.4996,4.77,2.248,13.55,0.52172,3.1515,1.28226,6.0406,conventional_oilfield_range
126.84,10.7762,4.34,2.226,5.49,41.70282,105.27368,66.25865,2.5244,high_pressure_gas_CO2
85.5,0.9313,3.68,1.906,14.37,1.97687,23.77517,6.85569,12.0267,conventional_oilfield_range
88.51,0.1221,3.85,37.128,10.09,8.2175,76.60282,25.08951,9.3219,conventional_oilfield_range
25.85,0.4694,4.57,15.713,1.07,1.21235,7.32777,2.98057,6.0443,conventional_oilfield_range
149.74,0.1302,5.52,114.812,7.32,89.12781,198.3611,132.96425,2.2256,conventional_oilfield_range
126.47,0.3919,4.71,1.112,12.72,1.9682,7.45575,3.83072,3.7881,conventional_oilfield_range
116.21,0.1632,4.46,6.746,12.16,3.6716,17.46641,8.0081,4.7572,conventional_oilfield_range
106.04,5.5475,6.19,5.877,9.89,24.95568,20.36372,22.54308,1.2255,conventional_oilfield_range
58.77,1.2692,6.17,5.076,12.97,2.00868,2.52942,2.25406,1.2592,conventional_oilfield_range
86.66,7.8456,4.83,4.504,7.29,25.5417,35.52761,30.12367,1.391,conventional_oilfield_range
135.15,4.7583,5.37,112.204,13.79,705.58531,858.18586,778.1538,1.2163,conventional_oilfield_range
135.05,0.2693,6.3,112.398,17.88,72.91051,52.9364,62.12584,1.3773,conventional_oilfield_range
77.59,21.1118,3.72,25.984,1.93,167.88951,711.57151,345.63766,4.2383,high_pressure_gas_CO2
31.82,0.7909,6.22,11.732,14.21,1.0027,2.10261,1.45199,2.0969,conventional_oilfield_range
34.65,23.3602,5.49,10.729,7.71,11.46579,20.50187,15.33199,1.7881,high_pressure_gas_CO2
34.36,3.4568,5.82,2.032,19.02,0.71024,1.63094,1.07627,2.2963,conventional_oilfield_range
104.06,0.532,5.67,1.582,3.37,3.70205,4.24227,3.96296,1.1459,conventional_oilfield_range
46.43,16.2313,4.02,2.728,15.46,4.31321,28.93278,11.17109,6.7079,high_pressure_gas_CO2
120.17,0.1165,4.25,2.416,14.33,1.73126,6.30705,3.30441,3.643,conventional_oilfield_range
57.45,30.9998,3.99,10.98,6.34,30.2617,150.60411,67.50952,4.9767,high_pressure_gas_CO2
45.94,28.3073,5.32,3.551,2.73,11.88859,17.26125,14.32522,1.4519,high_pressure_gas_CO2
27.31,0.8081,3.52,16.028,11.89,1.60839,18.2507,5.41796,11.3472,conventional_oilfield_range
34.57,0.8087,6.39,133.936,5.24,8.98625,17.38055,12.49744,1.9341,conventional_oilfield_range
14.96,0.4396,5.8,22.73,13.84,0.65043,1.8336,1.09208,2.819,conventional_oilfield_range
65.32,0.3605,4.22,60.682,2.32,11.68177,88.5033,32.15394,7.5762,conventional_oilfield_range
28.99,0.1815,5.59,2.777,1.67,0.15403,0.7042,0.32934,4.5719,conventional_oilfield_range
90.85,0.824,3.6,22.13,19.02,14.87722,111.0344,40.64337,7.4634,conventional_oilfield_range
81.6,0.1624,4.64,7.887,16.19,1.55971,8.82572,3.7102,5.6586,conventional_oilfield_range
87.98,10.6734,6.11,1.198,3.08,9.14244,6.78738,7.87739,1.347,high_pressure_gas_CO2
61.92,4.8391,5.95,2.82,8.85,4.96341,6.71343,5.77248,1.3526,conventional_oilfield_range
132.75,7.5528,4.97,143.891,19.48,664.5843,828.11288,741.85633,1.2461,conventional_oilfield_range
15.03,2.8363,3.53,26.654,13.82,2.38036,32.96822,8.85867,13.8501,conventional_oilfield_range
21.7,3.3001,5.79,4.288,6.42,1.02656,2.14267,1.4831,2.0872,conventional_oilfield_range
109.72,22.1393,3.57,85.303,4.98,969.51655,3483.40382,1837.72078,3.5929,high_pressure_gas_CO2
58.34,0.1212,4.98,3.608,10.38,0.3687,1.66695,0.78397,4.5211,conventional_oilfield_range
124.82,3.0746,4.54,33.929,7.16,171.12567,338.69114,240.74623,1.9792,conventional_oilfield_range
37.78,29.9591,5.77,2.849,7.89,6.72083,6.21013,6.46043,1.0822,high_pressure_gas_CO2
144.15,3.247,3.73,26.273,17.06,146.41356,481.4212,265.49311,3.2881,conventional_oilfield_range
50.74,46.3915,5.77,133.374,19.42,259.48472,190.8653,222.54579,1.3595,high_pressure_gas_CO2
88.13,1.372,5.81,1.354,7.98,2.32039,3.4131,2.8142,1.4709,conventional_oilfield_range
91.1,0.6963,6.24,75.376,19.36,23.36211,37.00646,29.40322,1.584,conventional_oilfield_range
129.89,0.2575,5.8,2.984,9.22,4.76471,6.6509,5.62935,1.3959,conventional_oilfield_range
103.77,3.7046,3.53,1.142,9.91,6.82745,35.65298,15.60189,5.222,conventional_oilfield_range
12.04,1.8305,4.25,2.954,4.31,0.43678,3.43183,1.22432,7.857,conventional_oilfield_range
53.96,4.0137,4.97,4.177,13.92,2.99146,7.88935,4.85806,2.6373,conventional_oilfield_range
95.34,8.9799,4.23,5.359,14.64,28.64289,70.921,45.07086,2.476,conventional_oilfield_range
25.61,35.7071,4.48,15.096,13.85,11.45218,41.436,21.78377,3.6182,high_pressure_gas_CO2
53.96,0.6653,4.45,78.303,4.23,13.97889,57.6118,28.37867,4.1213,conventional_oilfield_range
143.45,22.1396,6.39,100.13,10.39,2226.9772,965.5711,1466.39177,2.3064,high_pressure_gas_CO2
67.11,4.246,6.23,15.562,9.78,14.48683,19.86284,16.96318,1.3711,conventional_oilfield_range
97.06,0.273,4.22,1.089,5.16,0.96534,6.79404,2.56097,7.038,conventional_oilfield_range
57.79,0.8582,4.76,54.944,10.35,11.25302,34.27863,19.64022,3.0462,conventional_oilfield_range
43.53,1.509,4.97,1.557,0.77,0.75527,3.5837,1.64519,4.7449,conventional_oilfield_range
55.06,0.3206,4.83,7.407,2.44,1.22562,8.04907,3.14088,6.5673,conventional_oilfield_range
79.37,0.2151,5.83,3.554,1.59,1.08607,3.06038,1.82313,2.8179,conventional_oilfield_range
107.48,13.615,5.61,87.151,1.45,584.68776,599.91488,592.25239,1.026,high_pressure_gas_CO2
49.5,56.5326,6.08,81.173,1.52,218.62768,197.45177,207.77012,1.1072,high_pressure_gas_CO2
113.53,0.1165,4.5,5.488,12.61,2.2192,14.74377,5.72008,6.6437,conventional_oilfield_range
42.44,16.7709,5.0,3.444,10.13,5.1769,19.00501,9.91903,3.6711,high_pressure_gas_CO2
117.93,34.4253,4.19,9.633,19.77,161.00291,318.02775,226.28167,1.9753,high_pressure_gas_CO2
132.21,10.7146,5.4,4.841,19.84,63.80299,51.84266,57.51276,1.2307,high_pressure_gas_CO2
64.49,1.8706,3.53,144.45,17.02,62.86482,539.34384,184.13516,8.5794,conventional_oilfield_range
98.31,0.2588,4.99,2.119,4.41,1.20205,5.38671,2.54462,4.4813,conventional_oilfield_range
73.38,0.6327,3.88,1.642,17.14,0.94553,6.26396,2.43368,6.6248,conventional_oilfield_range
131.48,0.4197,5.89,3.194,7.35,7.11497,8.32551,7.69647,1.1701,conventional_oilfield_range
89.23,32.5984,5.39,1.114,15.8,14.0711,15.89176,14.95375,1.1294,high_pressure_gas_CO2
108.84,5.2573,4.72,99.821,7.21,316.38164,753.99433,488.41577,2.3832,conventional_oilfield_range
64.72,12.0094,4.28,87.133,15.47,123.22778,418.34612,227.05036,3.3949,high_pressure_gas_CO2
81.52,0.5697,4.32,78.83,19.22,19.67994,104.66546,45.38513,5.3184,conventional_oilfield_range
105.2,0.3297,4.96,17.429,14.25,6.93264,25.82076,13.37931,3.7245,conventional_oilfield_range
23.0,27.1583,5.28,5.934,5.7,5.55937,10.84159,7.76353,1.9501,high_pressure_gas_CO2
52.75,0.2598,3.75,41.152,13.93,3.59216,31.85484,10.69709,8.8679,conventional_oilfield_range
56.29,2.0201,4.92,2.327,0.16,2.4356,7.12282,4.16513,2.9245,conventional_oilfield_range
139.88,46.4495,6.16,36.594,1.34,1849.60903,675.28953,1117.59635,2.739,high_pressure_gas_CO2
49.37,5.4938,5.85,32.885,6.38,23.30003,37.89399,29.71416,1.6263,conventional_oilfield_range
22.04,1.69,4.14,3.134,3.25,0.50255,6.82117,1.85149,13.573,conventional_oilfield_range
92.88,14.2987,5.56,30.718,0.92,196.60549,212.78769,204.53662,1.0823,high_pressure_gas_CO2
85.65,68.8382,3.88,35.449,5.68,396.55523,1215.27857,694.20823,3.0646,high_pressure_gas_CO2
143.05,16.3306,4.22,73.06,17.48,1024.84416,1413.98121,1203.79001,1.3797,high_pressure_gas_CO2
48.75,0.7007,5.6,71.881,3.47,10.08365,22.64688,15.11169,2.2459,conventional_oilfield_range
133.98,0.5441,5.64,48.307,15.74,80.38138,67.94782,73.90358,1.183,conventional_oilfield_range
34.29,0.4363,4.01,14.586,9.44,0.94097,14.4163,3.68312,15.3206,conventional_oilfield_range
76.33,95.6399,3.87,2.837,18.37,32.00373,130.82299,64.70567,4.0877,dense_phase_supercritical_CO2
44.72,2.339,5.63,1.617,1.66,0.94856,2.24765,1.46015,2.3695,conventional_oilfield_range
110.67,89.9074,6.01,76.38,19.2,1690.52905,595.20217,1003.09848,2.8403,dense_phase_supercritical_CO2
80.65,6.0751,3.72,37.164,0.04,87.4861,478.5252,204.60768,5.4697,conventional_oilfield_range
148.38,0.2279,4.4,7.47,5.09,14.17051,55.74432,28.10561,3.9338,conventional_oilfield_range
19.95,5.592,5.01,1.353,11.53,0.39609,1.97719,0.88496,4.9917,conventional_oilfield_range
111.06,0.8052,6.25,2.906,14.63,4.9549,3.68549,4.27332,1.3444,conventional_oilfield_range
84.26,9.0075,4.51,35.156,4.82,143.99013,317.51214,213.81911,2.2051,conventional_oilfield_range
145.72,4.772,6.02,38.39,9.17,429.84042,256.62978,332.12928,1.6749,conventional_oilfield_range
133.67,7.8989,4.52,2.374,18.63,34.24082,79.55605,52.19257,2.3234,conventional_oilfield_range
110.43,4.6215,3.59,128.363,15.1,256.56851,1976.88368,712.18403,7.7051,conventional_oilfield_range
89.91,6.9745,5.5,7.878,0.39,31.40153,47.32906,38.55133,1.5072,conventional_oilfield_range
109.24,0.4072,6.48,63.659,12.93,34.86251,34.7949,34.82869,1.0019,conventional_oilfield_range
49.58,18.7907,5.51,1.953,2.17,5.44286,6.56502,5.97766,1.2062,high_pressure_gas_CO2
32.39,95.2955,4.92,64.63,14.99,101.86515,215.49225,148.15921,2.1155,dense_phase_supercritical_CO2
11.76,0.5469,5.06,1.356,12.63,0.06083,0.33235,0.14218,5.4639,conventional_oilfield_range
108.47,19.5497,5.75,110.619,4.5,1287.0836,806.96026,1019.12969,1.595,high_pressure_gas_CO2
120.2,13.1493,5.21,86.139,10.3,671.64495,964.85837,805.01072,1.4366,high_pressure_gas_CO2
27.41,12.1824,4.81,37.351,10.82,19.7458,40.92677,28.42766,2.0727,high_pressure_gas_CO2
30.52,1.6964,3.68,10.793,5.73,2.41424,18.96283,6.76616,7.8546,conventional_oilfield_range
62.27,2.1131,4.78,7.243,13.54,5.48211,18.52178,10.07662,3.3786,conventional_oilfield_range
28.22,0.2037,6.49,3.897,9.53,0.13793,0.47243,0.25526,3.4252,conventional_oilfield_range
121.94,0.3815,4.5,1.941,2.98,4.73072,24.57831,10.783,5.1955,conventional_oilfield_range
62.59,94.4248,4.18,2.962,16.9,17.86232,97.47458,41.72675,5.457,dense_phase_supercritical_CO2
42.07,0.3277,6.28,118.198,4.45,10.82244,14.44224,12.50201,1.3345,conventional_oilfield_range
115.05,99.3766,4.88,48.649,5.16,1728.67026,1426.7268,1570.45859,1.2116,dense_phase_supercritical_CO2
37.93,0.1818,5.04,2.085,2.97,0.12769,1.07646,0.37074,8.4303,conventional_oilfield_range
58.37,0.2374,5.62,2.726,15.2,0.24574,0.89504,0.46898,3.6422,conventional_oilfield_range
13.97,24.8691,6.02,82.11,7.99,31.33052,36.85438,33.98039,1.1763,high_pressure_gas_CO2
139.95,0.3823,4.98,3.175,19.86,6.18348,15.66234,9.84113,2.5329,conventional_oilfield_range
56.47,1.5876,5.82,47.565,4.62,21.30858,39.89439,29.15635,1.8722,conventional_oilfield_range
128.95,0.4543,5.52,2.543,15.02,4.66035,8.10647,6.14646,1.7395,conventional_oilfield_range
122.44,14.2031,5.97,39.431,14.29,446.77452,254.6409,337.29374,1.7545,high_pressure_gas_CO2
89.69,0.2677,4.12,108.633,0.68,33.5205,231.8472,88.15687,6.9166,conventional_oilfield_range
33.64,0.5008,5.78,30.608,12.65,1.34736,4.96461,2.58633,3.6847,conventional_oilfield_range
35.53,0.6963,4.7,46.449,1.65,4.11626,34.47585,11.91266,8.3755,conventional_oilfield_range
84.38,58.3125,4.31,2.998,2.02,43.61891,132.8673,76.12836,3.0461,high_pressure_gas_CO2
95.81,18.1227,5.56,1.768,18.99,12.43685,13.83519,13.1174,1.1124,high_pressure_gas_CO2
7.4,85.4536,5.38,4.402,16.88,2.91993,7.8724,4.79446,2.6961,dense_phase_liquid_CO2
125.64,0.2705,4.6,28.093,10.79,24.46269,115.90668,53.24837,4.7381,conventional_oilfield_range
27.81,0.7381,4.47,35.66,12.58,1.65807,18.57562,5.54975,11.2031,conventional_oilfield_range
148.67,6.421,5.07,6.154,4.08,117.59371,145.83033,130.95316,1.2401,conventional_oilfield_range
148.85,0.4367,5.91,1.21,12.06,3.5859,4.16567,3.86493,1.1617,conventional_oilfield_range
137.49,10.7353,5.05,2.977,4.22,71.80123,91.66429,81.12711,1.2766,high_pressure_gas_CO2
28.92,6.0477,4.62,18.439,13.48,7.15423,23.46263,12.95597,3.2795,conventional_oilfield_range
118.01,11.0359,5.68,1.897,0.23,25.11756,35.98686,30.06496,1.4327,high_pressure_gas_CO2
111.78,3.7327,5.41,46.769,8.07,91.1637,246.61668,149.94162,2.7052,conventional_oilfield_range
76.66,2.5888,6.11,63.625,11.54,43.96431,53.47498,48.48702,1.2163,conventional_oilfield_range
86.13,1.1888,5.35,86.692,0.02,61.90514,144.88072,94.70407,2.3404,conventional_oilfield_range
26.26,2.5651,4.01,1.677,7.05,0.46874,3.8353,1.3408,8.1822,conventional_oilfield_range
103.17,0.7671,5.22,139.69,4.56,91.63667,217.37937,141.13795,2.3722,conventional_oilfield_range
137.96,0.7364,4.1,16.784,6.41,45.78845,170.82511,88.44103,3.7307,conventional_oilfield_range
68.14,9.7178,4.6,1.452,1.16,5.62077,17.75162,9.98888,3.1582,conventional_oilfield_range
26.69,36.0178,3.55,2.083,16.13,2.22489,21.35193,6.89244,9.5968,high_pressure_gas_CO2
102.36,0.4617,5.73,2.318,14.72,1.95291,3.0896,2.45636,1.582,conventional_oilfield_range
109.37,30.2335,4.01,38.719,5.7,468.4034,1543.51132,850.28581,3.2953,high_pressure_gas_CO2
36.0,86.9092,4.78,7.109,15.94,17.32542,42.7664,27.22032,2.4684,dense_phase_supercritical_CO2
6.5,4.4274,4.79,36.879,14.55,2.50472,13.30326,5.77243,5.3113,conventional_oilfield_range
129.53,0.2902,4.43,102.483,8.95,83.88419,236.64266,140.89208,2.8211,conventional_oilfield_range
96.05,0.3918,4.91,5.994,7.26,4.70192,14.53434,8.26676,3.0911,conventional_oilfield_range
148.8,24.2593,5.86,21.941,0.46,901.66952,537.62015,696.244,1.6771,high_pressure_gas_CO2
65.15,55.7025,5.81,26.887,7.31,164.44475,128.80006,145.5352,1.2767,high_pressure_gas_CO2
46.41,17.9342,5.94,36.107,8.37,61.43358,47.06074,53.76904,1.3054,high_pressure_gas_CO2
41.97,3.0288,4.14,123.005,4.68,26.77307,247.50844,81.40369,9.2447,conventional_oilfield_range
13.26,20.5579,6.18,35.349,2.62,13.79306,18.20274,15.84524,1.3197,high_pressure_gas_CO2
53.1,2.0428,6.26,1.553,3.83,0.83299,1.37223,1.06914,1.6474,conventional_oilfield_range
112.32,2.1263,5.28,101.659,10.79,188.58748,380.77285,267.972,2.0191,conventional_oilfield_range
40.6,0.6195,3.63,60.689,10.16,4.53299,63.74382,16.99854,14.0622,conventional_oilfield_range
62.29,17.4068,3.67,3.324,10.23,8.7638,58.05847,22.55688,6.6248,high_pressure_gas_CO2
102.59,0.6938,5.91,118.112,3.31,106.29333,117.3142,111.66789,1.1037,conventional_oilfield_range
131.86,1.1885,5.09,19.701,3.54,86.6994,163.34858,119.00514,1.8841,conventional_oilfield_range
104.47,1.4677,5.97,12.521,1.27,26.62727,30.95632,28.71032,1.1626,conventional_oilfield_range
52.87,0.8531,5.37,6.772,0.01,2.13753,9.54993,4.5181,4.4677,conventional_oilfield_range
35.73,1.611,4.82,10.001,14.69,1.34625,7.1878,3.11072,5.3391,conventional_oilfield_range
132.79,1.8971,4.06,1.786,6.76,14.49382,50.11887,26.95207,3.4579,conventional_oilfield_range
88.31,11.0088,5.6,135.042,11.02,295.17231,455.95354,366.85809,1.5447,high_pressure_gas_CO2
139.3,0.1623,5.19,24.556,0.85,28.0339,61.723,41.59732,2.2017,conventional_oilfield_range
80.56,0.4622,4.15,1.928,10.88,1.05168,5.80537,2.47092,5.5201,conventional_oilfield_range
5.18,27.8463,5.05,4.863,0.01,2.53804,7.80181,4.44986,3.074,high_pressure_gas_CO2
54.12,36.6227,4.08,13.448,2.12,52.27795,198.94395,101.98226,3.8055,high_pressure_gas_CO2
31.73,0.7637,4.56,10.313,19.26,0.87118,5.91061,2.26919,6.7846,conventional_oilfield_range
12.95,17.4993,5.46,1.575,5.9,0.72145,2.0481,1.21556,2.8389,high_pressure_gas_CO2
32.51,1.5978,5.85,6.504,17.54,0.83493,2.59328,1.47146,3.106,conventional_oilfield_range
102.42,16.5609,5.28,65.068,11.53,356.77599,468.91196,409.01898,1.3143,high_pressure_gas_CO2
67.8,9.5674,3.73,1.04,0.23,3.8173,40.49049,12.43239,10.6071,conventional_oilfield_range
91.63,0.4093,3.99,65.81,19.17,14.0031,118.67358,40.76516,8.4748,conventional_oilfield_range
118.3,64.1634,4.6,11.672,18.24,341.00464,491.16752,409.25591,1.4404,high_pressure_gas_CO2
27.29,5.9289,4.12,2.022,15.25,0.74963,6.659,2.23423,8.8831,conventional_oilfield_range
144.45,0.1337,6.11,74.23,16.17,44.11437,51.64304,47.73049,1.1707,conventional_oilfield_range
148.84,0.4361,6.12,1.442,18.58,3.18737,3.83504,3.49624,1.2032,conventional_oilfield_range
55.57,0.2907,4.85,15.033,7.77,2.45884,12.40809,5.52354,5.0463,conventional_oilfield_range
134.96,88.0896,6.22,52.11,14.81,1949.42878,574.96884,1058.70713,3.3905,dense_phase_supercritical_CO2
137.94,96.39,5.28,64.05,18.86,1963.38104,1906.0445,1934.50035,1.0301,dense_phase_supercritical_CO2
18.53,0.214,5.16,1.272,12.86,0.029,0.25113,0.08534,8.6591,conventional_oilfield_range
101.75,0.2485,5.5,25.336,4.6,11.08158,21.06545,15.27869,1.9009,conventional_oilfield_range
139.29,0.3864,4.05,5.988,17.5,7.77101,49.45475,19.60391,6.364,conventional_oilfield_range
109.49,0.2553,4.79,2.127,2.3,2.22919,11.37328,5.03519,5.102,conventional_oilfield_range
92.0,4.6229,5.56,33.55,19.93,60.97557,51.94036,56.27693,1.174,conventional_oilfield_range
132.81,12.9324,5.4,17.456,8.09,175.33417,235.96609,203.40334,1.3458,high_pressure_gas_CO2
57.1,1.0748,3.77,2.027,0.98,1.24634,13.7865,4.1452,11.0615,conventional_oilfield_range
80.24,1.64,4.32,1.677,13.78,2.04898,9.78299,4.47719,4.7746,conventional_oilfield_range
41.99,24.4759,4.72,1.237,10.82,3.5705,9.58273,5.84937,2.6839,high_pressure_gas_CO2
136.52,0.5888,5.91,15.878,4.72,33.25341,46.79968,39.44932,1.4074,conventional_oilfield_range
45.67,42.2517,3.59,7.569,11.81,22.042,94.66172,45.67859,4.2946,high_pressure_gas_CO2
125.15,54.3459,3.6,63.262,13.85,1200.66659,4747.68938,2387.54937,3.9542,high_pressure_gas_CO2
67.67,4.7044,5.55,24.414,18.29,17.66371,41.77933,27.16575,2.3653,conventional_oilfield_range
75.63,0.2661,6.45,1.479,2.86,0.64387,0.8275,0.72993,1.2852,conventional_oilfield_range
94.94,2.3062,6.08,26.04,18.15,36.9333,43.53814,40.09996,1.1788,conventional_oilfield_range
102.8,7.6086,4.36,7.656,7.81,57.0465,153.10675,93.45697,2.6839,conventional_oilfield_range
55.08,0.1364,4.67,73.15,5.71,6.0667,45.10921,16.5428,7.4355,conventional_oilfield_range
63.12,2.56,4.38,35.466,17.8,13.59332,109.43283,38.56884,8.0505,conventional_oilfield_range
24.54,22.2307,5.56,1.913,16.13,1.65764,2.91251,2.19725,1.757,high_pressure_gas_CO2
114.99,1.4482,5.81,14.976,8.71,35.91971,35.75737,35.83845,1.0045,conventional_oilfield_range
80.7,0.646,6.32,80.638,11.89,21.73737,24.68168,23.16279,1.1354,conventional_oilfield_range
64.89,8.9413,3.87,6.371,3.15,12.57662,86.54942,32.99242,6.8818,conventional_oilfield_range
104.15,0.1363,3.69,6.193,18.7,2.16327,18.92339,6.39816,8.7476,conventional_oilfield_range
108.94,0.277,3.94,2.456,4.06,3.21199,24.73355,8.91314,7.7004,conventional_oilfield_range
61.59,0.1263,5.06,41.827,10.45,2.47102,12.27439,5.50729,4.9673,conventional_oilfield_range
132.39,2.2795,3.82,120.195,1.13,475.69532,2156.54895,1012.84759,4.5335,conventional_oilfield_range
57.2,15.72,4.18,2.713,1.75,8.63732,30.84438,16.32216,3.5711,high_pressure_gas_CO2
58.86,1.7423,4.49,123.176,12.47,33.88042,187.79586,79.76593,5.5429,conventional_oilfield_range
26.67,15.0246,5.63,1.034,1.7,1.50084,3.06946,2.14634,2.0452,high_pressure_gas_CO2
44.28,0.5949,5.73,37.917,15.86,3.2558,11.66761,6.16339,3.5836,conventional_oilfield_range
120.82,0.6968,3.59,92.42,18.52,68.81681,582.95621,200.29275,8.4711,conventional_oilfield_range
105.73,25.1812,4.09,68.246,9.31,697.43418,1430.87674,998.97064,2.0516,high_pressure_gas_CO2
83.88,11.6822,4.41,44.242,1.93,228.39097,654.77855,386.71115,2.8669,high_pressure_gas_CO2
26.35,0.1898,4.98,111.231,17.31,2.02471,10.58357,4.62911,5.2272,conventional_oilfield_range
77.83,9.1082,6.38,56.185,11.34,120.75983,87.46372,102.7721,1.3807,conventional_oilfield_range
146.15,1.075,4.89,47.942,15.1,114.0,290.95778,182.1241,2.5523,conventional_oilfield_range
53.21,3.2494,4.85,4.113,18.88,2.14339,8.4612,4.2586,3.9476,conventional_oilfield_range
35.92,12.7883,5.01,116.963,2.87,68.01467,112.00842,87.28239,1.6468,high_pressure_gas_CO2
124.47,0.2801,4.43,42.403,2.57,37.57168,205.58562,87.88741,5.4718,conventional_oilfield_range
14.8,2.4993,5.08,16.304,3.73,1.92105,8.68986,4.08578,4.5235,conventional_oilfield_range
41.18,1.0215,4.19,40.001,3.73,7.14999,51.16105,19.12592,7.1554,conventional_oilfield_range
148.12,2.1093,4.92,6.703,7.58,59.87288,104.00084,78.91026,1.737,conventional_oilfield_range
84.17,3.058,4.46,32.75,10.01,55.28041,180.77288,99.96599,3.2701,conventional_oilfield_range
13.06,2.6177,4.12,30.795,16.43,1.90407,16.8592,5.66578,8.8543,conventional_oilfield_range
57.19,0.3705,4.61,42.876,2.73,7.7964,46.9384,19.12983,6.0205,conventional_oilfield_range
10.0,33.4342,5.64,111.368,5.14,41.57926,72.52958,54.91563,1.7444,high_pressure_gas_CO2
97.16,0.2319,5.92,1.505,18.44,0.6339,1.50809,0.97775,2.3791,conventional_oilfield_range
130.75,1.3991,4.42,34.697,6.24,120.18424,328.32423,198.6439,2.7318,conventional_oilfield_range
91.3,6.8705,4.94,58.119,13.67,121.38317,299.50694,190.67014,2.4675,conventional_oilfield_range
40.24,0.6759,5.24,9.577,12.44,1.31781,3.87568,2.25995,2.941,conventional_oilfield_range
18.37,17.7834,5.74,52.854,6.05,18.09255,46.13518,28.89123,2.55,high_pressure_gas_CO2
76.97,16.4694,5.13,5.951,11.03,25.21274,46.63917,34.29142,1.8498,high_pressure_gas_CO2
81.95,3.3095,6.01,10.869,8.07,33.15284,16.84261,23.63008,1.9684,conventional_oilfield_range
122.3,0.2469,4.6,19.3,9.98,15.27645,75.31294,33.91923,4.93,conventional_oilfield_range
146.76,0.4558,3.88,92.27,11.67,202.99122,854.55775,416.49456,4.2098,conventional_oilfield_range
36.09,0.3024,4.06,78.569,6.43,2.52275,38.31515,9.83156,15.1879,conventional_oilfield_range
68.65,0.7405,4.12,1.803,6.24,1.47298,7.03792,3.21974,4.778,conventional_oilfield_range
135.95,0.4519,4.69,10.191,9.2,19.03159,49.90025,30.8169,2.622,conventional_oilfield_range
5.92,0.1132,4.71,7.846,19.96,0.05032,0.5201,0.16177,10.3366,conventional_oilfield_range
5.54,79.6045,4.63,36.338,3.24,32.06137,90.35511,53.82294,2.8182,dense_phase_liquid_CO2
22.42,79.6455,5.86,25.329,2.54,26.86228,39.00854,32.37064,1.4522,dense_phase_liquid_CO2
129.51,3.2384,6.1,14.756,9.62,90.69485,46.83189,65.17217,1.9366,conventional_oilfield_range
24.38,0.6085,5.87,20.083,3.95,1.4989,3.78977,2.38338,2.5284,conventional_oilfield_range
117.99,8.5416,6.49,8.663,3.32,95.44269,31.01175,54.40446,3.0776,conventional_oilfield_range
63.13,79.4085,3.6,3.93,7.05,39.27576,205.05188,89.74167,5.2208,dense_phase_supercritical_CO2
41.59,55.2634,4.12,5.495,16.23,12.64527,80.47838,31.90095,6.3643,high_pressure_gas_CO2
86.55,0.2175,5.06,4.71,17.2,1.24598,5.01823,2.50053,4.0275,conventional_oilfield_range
145.2,0.3499,3.59,7.016,4.7,15.98662,123.52848,44.43876,7.727,conventional_oilfield_range
114.79,0.114,5.18,37.974,4.51,12.56556,55.15233,26.32528,4.3892,conventional_oilfield_range
81.71,0.1776,4.73,5.44,6.99,1.11348,11.69653,3.60886,10.5045,conventional_oilfield_range
85.11,7.5209,4.62,106.716,3.34,217.12483,593.24851,358.89968,2.7323,conventional_oilfield_range
114.43,58.1016,4.13,71.876,3.87,1546.76284,3189.21664,2221.02719,2.0619,high_pressure_gas_CO2
77.0,2.9281,4.88,13.516,9.52,15.60144,51.86497,28.44588,3.3244,conventional_oilfield_range
119.31,1.8855,4.13,48.717,1.79,142.94726,752.45111,327.96467,5.2638,conventional_oilfield_range
89.8,0.4573,5.94,16.166,19.2,5.02908,7.20306,6.0187,1.4323,conventional_oilfield_range
30.98,22.9017,6.06,2.617,12.16,4.22905,3.73998,3.977,1.1308,high_pressure_gas_CO2
128.18,0.2213,6.1,1.181,1.5,2.23432,2.94027,2.5631,1.316,conventional_oilfield_range
49.65,79.6255,4.42,2.507,3.98,22.15615,48.72358,32.85615,2.1991,dense_phase_supercritical_CO2
27.66,0.1674,6.48,20.593,1.74,0.77896,1.25645,0.9893,1.613,conventional_oilfield_range
62.1,25.1585,4.65,60.647,16.47,131.44496,231.48668,174.43554,1.7611,high_pressure_gas_CO2
7.69,32.941,6.44,27.123,11.41,13.55862,13.01337,13.2832,1.0419,high_pressure_gas_CO2
74.78,3.8989,6.27,6.761,12.26,8.44693,8.46928,8.4581,1.0026,conventional_oilfield_range
38.52,2.2713,6.43,18.66,7.89,5.38834,6.23846,5.79784,1.1578,conventional_oilfield_range
33.08,0.3496,4.42,29.38,1.14,1.57087,16.83888,5.14313,10.7194,conventional_oilfield_range
87.06,87.6491,6.19,96.115,12.41,767.44782,526.19645,635.47488,1.4585,dense_phase_supercritical_CO2
114.17,1.2363,6.25,9.248,3.91,24.54639,16.88173,20.35646,1.454,conventional_oilfield_range
6.03,0.2223,4.51,29.855,1.92,0.51614,4.8609,1.58395,9.4178,conventional_oilfield_range
34.81,26.6148,5.69,70.759,0.09,91.49979,109.01378,99.87361,1.1914,high_pressure_gas_CO2
54.35,3.3509,5.56,77.219,13.73,28.53779,60.95388,41.70718,2.1359,conventional_oilfield_range
139.55,3.7259,5.52,10.767,18.84,39.48854,72.50302,53.50737,1.8361,conventional_oilfield_range
74.43,30.893,6.26,19.338,16.59,117.44245,44.72925,72.47836,2.6256,high_pressure_gas_CO2
148.96,1.7067,4.31,12.016,3.36,91.56832,322.71802,171.9033,3.5243,conventional_oilfield_range
126.75,9.4093,6.16,46.257,7.01,323.11311,322.43705,322.7749,1.0021,conventional_oilfield_range
43.26,1.01,4.83,41.057,7.7,6.31711,39.16527,15.72931,6.1999,conventional_oilfield_range
43.44,2.1274,3.73,5.881,12.57,1.92702,16.74455,5.68041,8.6894,conventional_oilfield_range
69.29,0.5731,4.46,1.198,12.77,0.57196,4.38586,1.58384,7.6681,conventional_oilfield_range
39.99,3.0582,5.3,1.028,14.5,0.44347,1.08931,0.69504,2.4563,conventional_oilfield_range
93.62,0.88,4.18,22.768,6.66,25.05591,113.52751,53.33418,4.531,conventional_oilfield_range
123.14,0.6902,6.1,1.177,19.36,2.04429,2.41849,2.22353,1.183,conventional_oilfield_range
82.15,0.3946,5.1,102.966,11.61,27.34347,101.48689,52.67831,3.7116,conventional_oilfield_range
40.91,6.3461,4.41,40.835,0.86,31.46857,99.24986,55.88606,3.1539,conventional_oilfield_range
9.23,0.4616,4.13,127.516,17.51,1.54789,22.59956,5.91452,14.6003,conventional_oilfield_range
132.59,0.4521,5.93,34.472,16.77,37.09555,47.75549,42.08939,1.2874,conventional_oilfield_range
112.02,0.2651,4.58,3.173,10.66,2.51185,10.59833,5.15959,4.2193,conventional_oilfield_range
34.3,0.7483,4.68,4.09,8.54,0.44926,1.97484,0.94192,4.3958,conventional_oilfield_range
143.32,1.5216,4.8,1.206,4.37,11.55184,22.31267,16.05467,1.9315,conventional_oilfield_range
75.43,29.2892,5.21,10.78,2.23,58.56677,91.76443,73.30994,1.5668,high_pressure_gas_CO2
107.76,18.781,4.35,59.576,1.07,653.64139,1527.13218,999.09799,2.3363,high_pressure_gas_CO2
75.94,0.1364,5.91,1.737,17.48,0.2884,0.80812,0.48277,2.8021,conventional_oilfield_range
146.63,0.6125,6.14,10.848,12.68,30.30554,29.35813,29.82807,1.0323,conventional_oilfield_range
39.23,31.8846,4.78,3.746,4.3,7.59317,34.2934,16.13678,4.5163,high_pressure_gas_CO2
58.82,13.1052,4.92,19.23,17.1,35.85925,65.8574,48.59627,1.8366,high_pressure_gas_CO2
54.87,18.7156,5.42,2.507,0.63,8.98723,13.62223,11.06464,1.5157,high_pressure_gas_CO2
63.51,3.8333,4.5,44.218,1.21,55.74538,198.46054,105.18203,3.5601,conventional_oilfield_range
106.44,10.9799,3.86,2.228,3.65,31.05441,95.09224,54.34182,3.0621,high_pressure_gas_CO2
18.75,0.4521,3.83,2.56,9.23,0.1155,2.71596,0.56009,23.5145,conventional_oilfield_range
80.53,0.7812,5.52,33.343,19.32,12.99383,22.64619,17.15403,1.7428,conventional_oilfield_range
64.63,3.1743,3.53,98.798,10.1,70.35345,492.27114,186.09936,6.9971,conventional_oilfield_range
14.59,0.1363,5.91,7.588,12.82,0.11162,0.46905,0.22881,4.2023,conventional_oilfield_range
66.96,0.1326,3.61,9.778,4.1,1.05942,18.5756,4.43613,17.5338,conventional_oilfield_range
69.0,15.5687,5.04,2.674,0.21,13.69402,38.15569,22.85836,2.7863,high_pressure_gas_CO2
55.93,0.4357,6.29,5.188,5.69,1.01402,1.35491,1.17213,1.3362,conventional_oilfield_range
132.26,7.2539,4.94,13.142,12.29,148.45314,286.26457,206.1477,1.9283,conventional_oilfield_range
85.34,28.675,4.23,27.748,7.8,216.67251,537.43788,341.2448,2.4804,high_pressure_gas_CO2
142.49,1.9234,5.73,5.112,12.48,38.91062,22.00461,29.26112,1.7683,conventional_oilfield_range
149.11,46.3738,5.15,27.166,18.02,1236.44385,847.7699,1023.8261,1.4585,high_pressure_gas_CO2
8.47,97.1728,6.42,1.184,12.53,1.47602,1.41336,1.44435,1.0443,dense_phase_liquid_CO2
108.42,1.0637,4.77,22.911,1.08,40.91454,108.27063,66.55707,2.6463,conventional_oilfield_range
125.84,8.8495,6.2,20.941,11.96,163.78445,96.68459,125.83891,1.694,conventional_oilfield_range
36.75,75.5413,5.97,2.287,4.92,10.55,7.95281,9.15981,1.3266,dense_phase_supercritical_CO2
43.39,0.1022,4.23,9.075,12.85,0.40392,4.65875,1.37178,11.5337,conventional_oilfield_range
121.74,33.4783,5.91,30.58,4.17,719.5558,437.62898,561.15815,1.6442,high_pressure_gas_CO2
130.63,7.6536,4.57,1.597,19.53,18.23279,40.27963,27.1,2.2092,conventional_oilfield_range
23.56,0.1719,6.34,2.017,0.78,0.12999,0.23203,0.17367,1.7849,conventional_oilfield_range
140.33,0.2393,6.23,4.518,17.49,5.74051,5.58302,5.66122,1.0282,conventional_oilfield_range
39.44,80.0038,6.23,5.678,10.61,18.85836,13.11896,15.72902,1.4375,dense_phase_supercritical_CO2
79.85,2.1399,5.97,20.214,17.7,13.16916,17.45013,15.15927,1.3251,conventional_oilfield_range
113.53,0.6497,5.65,24.464,6.55,28.67478,47.89693,37.05987,1.6704,conventional_oilfield_range
129.41,4.049,4.96,74.214,3.76,375.63646,719.28679,519.79837,1.9148,conventional_oilfield_range
140.11,35.963,5.26,77.447,1.97,2035.31192,2966.89739,2457.34849,1.4577,high_pressure_gas_CO2
57.94,2.5183,4.76,14.083,10.52,7.83622,25.66095,14.18044,3.2747,conventional_oilfield_range
54.07,0.1328,3.66,13.092,11.5,0.84929,9.84112,2.89102,11.5874,conventional_oilfield_range
94.98,34.2687,4.29,12.359,7.75,138.50468,320.9854,210.85061,2.3175,high_pressure_gas_CO2
124.56,19.3473,5.04,4.103,14.79,97.79386,76.20505,86.3272,1.2833,high_pressure_gas_CO2
111.88,3.3983,3.91,3.594,8.14,18.06288,96.67695,41.78833,5.3522,conventional_oilfield_range
53.2,2.1422,6.05,19.779,7.22,9.21062,10.08576,9.63826,1.095,conventional_oilfield_range
120.99,63.4551,4.6,5.295,10.22,247.47477,268.89119,257.96082,1.0865,high_pressure_gas_CO2
108.21,9.8207,4.84,48.817,6.0,300.7135,448.11163,367.08748,1.4902,conventional_oilfield_range
77.01,3.0163,4.62,79.734,7.4,80.99429,244.17573,140.63015,3.0147,conventional_oilfield_range
36.44,2.1985,6.05,40.09,16.24,6.19099,13.63306,9.18707,2.2021,conventional_oilfield_range
94.28,0.1125,3.69,4.171,6.62,0.97582,22.82777,4.71972,23.3934,conventional_oilfield_range
84.38,0.8543,5.56,8.042,17.93,6.37689,7.70866,7.01123,1.2088,conventional_oilfield_range
20.3,1.9016,4.09,16.847,15.76,1.26424,11.90907,3.8802,9.4199,conventional_oilfield_range
27.34,1.2361,4.16,91.632,18.6,5.23347,39.48246,14.37464,7.5442,conventional_oilfield_range
43.21,15.9482,3.56,4.521,15.64,8.50627,32.6069,16.65422,3.8333,high_pressure_gas_CO2
76.17,10.93,4.69,2.688,1.26,13.07133,41.22201,23.21264,3.1536,high_pressure_gas_CO2
21.41,7.6356,4.33,12.031,18.58,2.67029,15.71221,6.47736,5.8841,conventional_oilfield_range
46.02,1.2405,5.17,52.454,7.06,9.01465,31.42998,16.83242,3.4865,conventional_oilfield_range
125.46,59.006,5.9,121.667,8.48,1903.90215,1314.4046,1581.92849,1.4485,high_pressure_gas_CO2
36.13,1.3153,6.41,27.035,13.99,3.83723,4.2647,4.04532,1.1114,conventional_oilfield_range
78.8,4.8026,5.85,5.956,0.16,22.13492,19.06401,20.54216,1.1611,conventional_oilfield_range
18.29,3.2227,5.78,1.29,4.02,0.27939,0.85254,0.48805,3.0514,conventional_oilfield_range
52.8,2.598,4.46,2.215,12.51,1.18375,6.41206,2.75504,5.4167,conventional_oilfield_range
37.34,4.6555,6.16,49.425,12.32,20.35526,18.15963,19.22613,1.1209,conventional_oilfield_range
101.89,1.8226,5.07,120.119,17.67,143.41129,244.8579,187.39101,1.7074,conventional_oilfield_range
98.7,0.1184,3.76,6.339,15.8,1.35357,16.12146,4.67136,11.9103,conventional_oilfield_range
18.46,1.2831,4.11,1.245,8.12,0.19932,1.83894,0.60543,9.226,conventional_oilfield_range
32.53,10.8043,4.21,2.968,11.41,2.24959,16.22486,6.04147,7.2123,high_pressure_gas_CO2
31.82,0.1017,5.51,3.266,11.21,0.09281,0.52292,0.2203,5.6342,conventional_oilfield_range
99.96,71.8095,5.18,21.785,10.56,375.60387,650.47667,494.28894,1.7318,high_pressure_gas_CO2
80.36,18.1164,4.74,9.668,8.08,50.80725,96.56712,70.04506,1.9007,high_pressure_gas_CO2
127.28,0.2543,3.52,3.207,10.25,4.75005,41.03245,13.96088,8.6383,conventional_oilfield_range
112.71,1.6378,4.38,4.029,14.56,9.33656,40.83812,19.52658,4.374,conventional_oilfield_range
9.35,2.4508,5.18,46.555,15.3,2.32553,8.50649,4.4477,3.6579,conventional_oilfield_range
67.94,0.5234,5.28,26.127,10.37,5.97561,16.07437,9.80072,2.69,conventional_oilfield_range
69.33,36.6617,4.32,17.089,6.22,72.747,264.93524,138.82811,3.6419,high_pressure_gas_CO2
49.36,70.7323,4.65,21.238,19.66,43.12462,119.10246,71.66763,2.7618,high_pressure_gas_CO2
41.15,26.9849,4.49,8.939,6.22,19.07404,70.58409,36.69229,3.7005,high_pressure_gas_CO2
6.48,0.2869,4.64,53.414,15.18,0.6728,4.14614,1.67019,6.1625,conventional_oilfield_range
121.75,0.638,6.37,7.009,8.37,16.58033,11.27875,13.67499,1.4701,conventional_oilfield_range
144.02,0.2318,6.46,2.49,2.78,5.93081,4.45013,5.1374,1.3327,conventional_oilfield_range
101.42,8.908,6.42,25.403,5.33,125.93355,75.87604,97.75141,1.6597,conventional_oilfield_range
135.98,0.4783,4.12,11.416,11.16,19.89807,168.34716,57.87731,8.4605,conventional_oilfield_range
102.95,0.1559,5.04,11.763,6.02,5.9738,15.23248,9.53917,2.5499,conventional_oilfield_range
52.38,3.194,3.65,3.782,6.59,2.36926,23.44071,7.45232,9.8937,conventional_oilfield_range
137.44,0.9477,5.83,27.661,13.03,56.59247,55.94147,56.26602,1.0116,conventional_oilfield_range
58.92,25.3178,5.01,16.678,0.04,66.33092,105.59863,83.69262,1.592,high_pressure_gas_CO2
128.21,0.2485,4.69,42.564,13.03,30.38415,127.62413,62.27159,4.2004,conventional_oilfield_range
92.24,0.4411,4.74,3.075,9.34,2.21129,9.77592,4.64945,4.4209,conventional_oilfield_range
144.51,1.1625,6.15,54.964,3.55,222.27163,168.47251,193.51139,1.3193,conventional_oilfield_range
147.2,3.3908,4.83,9.82,2.0,110.63488,219.89875,155.97587,1.9876,conventional_oilfield_range
52.24,7.8472,3.78,129.721,6.95,94.65534,624.16405,243.06473,6.5941,conventional_oilfield_range
54.35,1.3249,3.8,3.069,17.58,1.0175,9.70487,3.14241,9.5379,conventional_oilfield_range
17.7,0.6156,4.06,2.535,3.72,0.13167,2.08647,0.52415,15.8461,conventional_oilfield_range
73.99,1.8618,5.63,2.791,17.08,2.2082,3.41609,2.74652,1.547,conventional_oilfield_range
11.9,0.6878,4.12,15.575,0.03,1.14783,10.50844,3.47302,9.1551,conventional_oilfield_range
121.06,7.0276,3.73,61.938,0.86,424.53649,2101.8063,944.61287,4.9508,conventional_oilfield_range
16.82,0.6336,4.88,66.812,15.57,2.14975,10.78338,4.81473,5.0161,conventional_oilfield_range
116.16,1.2177,5.3,5.324,2.65,18.54136,30.30777,23.70543,1.6346,conventional_oilfield_range
94.38,1.9393,6.37,55.556,4.31,92.81018,56.75846,72.57936,1.6352,conventional_oilfield_range
33.09,0.8636,6.1,23.202,9.58,2.88308,3.96318,3.38026,1.3746,conventional_oilfield_range
22.91,0.132,3.73,19.747,3.06,0.47117,8.57637,2.0102,18.2023,conventional_oilfield_range
63.21,5.7946,4.36,56.06,4.02,52.896,263.92352,118.15455,4.9895,conventional_oilfield_range
69.82,79.3012,3.96,4.138,1.65,64.29474,215.14771,117.6132,3.3463,dense_phase_supercritical_CO2
120.98,0.3458,4.77,5.816,17.12,5.97675,20.90747,11.17849,3.4981,conventional_oilfield_range
17.53,1.7437,4.57,12.889,8.37,1.34628,10.15953,3.69832,7.5464,conventional_oilfield_range
53.1,0.2814,4.87,2.005,1.08,0.423,2.87396,1.10258,6.7942,conventional_oilfield_range
73.6,0.1487,4.86,4.825,0.15,1.30458,5.15465,2.59319,3.9512,conventional_oilfield_range
113.51,33.569,5.56,8.915,9.75,176.70268,147.32359,161.34581,1.1994,high_pressure_gas_CO2
72.04,0.1691,3.71,2.438,13.96,0.54885,6.36176,1.86859,11.5911,conventional_oilfield_range
131.08,6.2587,5.93,130.26,7.3,883.58059,494.50533,661.01082,1.7868,conventional_oilfield_range
38.3,12.2683,4.19,23.451,7.41,13.51663,90.95523,35.06292,6.7291,high_pressure_gas_CO2
106.63,80.3439,6.11,8.146,9.46,300.41846,126.25378,194.75361,2.3795,dense_phase_supercritical_CO2
48.04,0.2728,3.82,14.093,0.64,1.58621,24.91437,6.28644,15.7069,conventional_oilfield_range
43.43,17.7676,5.85,23.268,13.68,23.04362,23.82548,23.43129,1.0339,high_pressure_gas_CO2
25.69,0.1269,3.71,48.536,18.12,0.58771,14.97222,2.96636,25.4757,conventional_oilfield_range
78.14,21.7357,3.8,20.914,3.81,97.23008,557.55,232.83176,5.7343,high_pressure_gas_CO2
40.93,87.4105,4.11,3.297,6.31,15.31675,52.46453,28.34759,3.4253,dense_phase_supercritical_CO2
48.88,2.4911,6.11,1.015,16.39,0.62037,0.7753,0.69353,1.2497,conventional_oilfield_range
116.8,0.6175,4.85,9.484,12.8,15.55051,47.56876,27.19776,3.059,conventional_oilfield_range
6.55,79.4275,4.31,1.361,16.38,1.00265,7.6356,2.76692,7.6154,dense_phase_liquid_CO2
95.25,4.5227,5.54,56.46,17.25,120.73678,115.21569,117.94393,1.0479,conventional_oilfield_range
86.98,2.5829,4.85,67.476,10.78,69.67874,214.07397,122.13273,3.0723,conventional_oilfield_range
59.9,2.1545,3.61,20.655,9.87,10.4312,62.3414,25.50089,5.9764,conventional_oilfield_range
117.26,0.5211,5.79,1.414,1.14,3.14003,5.66008,4.21578,1.8026,conventional_oilfield_range
124.67,0.1786,4.64,47.161,3.78,31.21394,120.74799,61.39235,3.8684,conventional_oilfield_range
90.38,96.6221,4.63,25.148,0.56,422.4349,736.68734,557.85522,1.7439,dense_phase_supercritical_CO2
109.79,0.1347,4.55,36.398,12.59,15.76142,48.63548,27.6869,3.0857,conventional_oilfield_range
125.07,86.5667,4.5,2.76,16.82,108.92514,219.36743,154.57887,2.0139,dense_phase_supercritical_CO2
128.61,93.6285,6.1,1.034,5.22,106.47824,44.0831,68.51197,2.4154,dense_phase_supercritical_CO2
83.01,8.7922,4.78,26.304,14.42,49.9816,159.87262,89.39066,3.1986,conventional_oilfield_range
123.72,1.7061,5.78,134.474,16.6,186.67329,189.46575,188.06434,1.015,conventional_oilfield_range
123.77,0.1565,5.18,13.041,17.3,6.74594,17.77204,10.94939,2.6345,conventional_oilfield_range
92.92,65.7465,4.16,66.76,11.75,852.06048,1961.70293,1292.86099,2.3023,high_pressure_gas_CO2
87.91,27.7808,3.7,10.399,0.98,111.97536,511.05258,239.21809,4.564,high_pressure_gas_CO2
105.09,10.0073,5.08,5.625,16.88,30.42253,42.70471,36.04421,1.4037,high_pressure_gas_CO2
71.97,29.5013,6.05,51.051,1.69,217.72044,153.68003,182.91879,1.4167,high_pressure_gas_CO2
106.16,3.308,6.14,1.655,11.26,6.10545,7.1666,6.61478,1.1738,conventional_oilfield_range
111.61,53.2453,4.42,1.152,9.82,47.11236,97.0571,67.62092,2.0601,high_pressure_gas_CO2
91.22,1.4826,5.89,31.079,19.81,23.85322,26.76017,25.26492,1.1219,conventional_oilfield_range
56.34,28.0455,6.03,129.671,7.37,252.88601,335.95305,291.47526,1.3285,high_pressure_gas_CO2
125.92,63.278,5.49,54.265,14.61,1438.9098,768.97442,1051.89583,1.8712,high_pressure_gas_CO2
56.0,0.14,4.57,8.386,14.94,0.76637,3.80367,1.70734,4.9632,conventional_oilfield_range
65.33,2.6221,4.59,1.83,2.61,3.21893,12.36071,6.3078,3.84,conventional_oilfield_range
43.01,2.2275,6.44,12.194,12.14,2.48778,6.1814,3.92147,2.4847,conventional_oilfield_range
139.63,10.0001,6.34,26.575,6.14,338.03321,184.55385,249.77055,1.8316,high_pressure_gas_CO2
92.64,5.8988,5.76,2.433,2.89,14.20485,14.82865,14.5134,1.0439,conventional_oilfield_range
34.02,12.3335,6.18,8.444,11.56,7.23084,9.16495,8.14066,1.2675,high_pressure_gas_CO2
21.23,0.185,4.76,18.776,3.78,0.39817,5.23926,1.44434,13.1583,conventional_oilfield_range
35.87,0.1694,5.79,10.991,4.33,0.50614,2.1925,1.05344,4.3318,conventional_oilfield_range
24.23,24.7473,5.67,10.938,4.64,8.57181,18.56174,12.61379,2.1654,high_pressure_gas_CO2
66.41,0.3273,3.91,29.514,15.51,4.85589,40.01648,13.93971,8.2408,conventional_oilfield_range
78.11,0.2194,5.18,7.542,17.09,1.33881,4.94975,2.57425,3.6971,conventional_oilfield_range
58.42,2.2708,5.21,2.288,2.55,2.0638,5.65728,3.41694,2.7412,conventional_oilfield_range
98.49,3.4045,4.51,107.064,15.86,134.8706,450.73688,246.55862,3.342,conventional_oilfield_range
109.58,34.0391,4.62,44.623,12.97,442.8848,1426.93154,794.96307,3.2219,high_pressure_gas_CO2
105.44,3.0538,4.95,69.003,1.58,179.44822,420.69477,274.75976,2.3444,conventional_oilfield_range
23.2,0.8013,4.41,4.952,6.99,0.33595,3.9057,1.14548,11.6258,conventional_oilfield_range
14.96,0.9801,4.56,73.285,2.81,3.69431,27.55224,10.08893,7.458,conventional_oilfield_range
94.74,3.5213,5.7,2.566,11.83,9.19402,8.6973,8.94221,1.0571,conventional_oilfield_range
56.09,1.7911,6.15,3.617,3.99,2.88292,3.75151,3.28866,1.3013,conventional_oilfield_range
134.04,23.6034,6.43,56.912,10.74,930.50125,466.15052,658.59976,1.9961,high_pressure_gas_CO2
115.06,0.4825,6.27,25.101,5.45,28.49948,26.40469,27.4321,1.0793,conventional_oilfield_range
108.94,0.1114,3.94,11.463,14.97,2.80212,31.56384,9.40456,11.2643,conventional_oilfield_range
55.58,33.4565,3.95,100.877,0.03,320.07347,916.56657,541.63515,2.8636,high_pressure_gas_CO2
78.21,42.8424,5.34,21.391,18.76,104.33793,121.22338,112.4642,1.1618,high_pressure_gas_CO2
27.57,34.8793,5.38,3.42,8.97,5.34402,9.00458,6.93691,1.685,high_pressure_gas_CO2
49.47,3.224,5.4,1.657,6.5,0.98478,3.29281,1.80074,3.3437,conventional_oilfield_range
48.44,1.2832,3.66,1.59,19.55,0.34414,6.06946,1.44525,17.6366,conventional_oilfield_range
132.42,0.3049,4.06,64.696,6.69,60.24829,430.81466,161.10818,7.1507,conventional_oilfield_range
28.59,54.4625,6.38,64.166,6.83,73.96219,72.35697,73.15518,1.0222,high_pressure_gas_CO2
107.83,0.3227,5.49,17.359,0.08,15.49782,29.0277,21.21005,1.873,conventional_oilfield_range
69.5,9.9821,4.19,6.881,18.26,17.44691,46.06293,28.34882,2.6402,conventional_oilfield_range
139.26,31.5937,4.28,30.975,14.41,803.2601,1511.94304,1102.03608,1.8823,high_pressure_gas_CO2
119.75,60.1192,5.08,139.336,1.03,2666.432,3128.20426,2888.10387,1.1732,high_pressure_gas_CO2
20.71,0.3712,3.9,3.675,15.25,0.16005,2.40122,0.61993,15.0029,conventional_oilfield_range
137.33,0.3136,5.4,11.51,7.99,17.48447,35.69338,24.98159,2.0414,conventional_oilfield_range
93.07,2.0341,5.49,1.538,14.64,3.67338,4.93825,4.25912,1.3443,conventional_oilfield_range
32.8,10.5277,4.8,6.062,16.07,3.73564,13.81132,7.1829,3.6972,high_pressure_gas_CO2
141.35,25.1404,3.7,93.091,13.93,1979.28084,4533.54347,2995.52261,2.2905,high_pressure_gas_CO2
68.69,6.8845,5.5,38.201,10.98,38.89028,71.00733,52.54993,1.8258,conventional_oilfield_range
30.76,25.6438,5.28,2.346,16.29,3.07941,4.64792,3.78323,1.5094,high_pressure_gas_CO2
19.88,0.707,5.21,95.787,5.41,4.178,20.80316,9.32286,4.9792,conventional_oilfield_range
5.99,0.1788,5.95,123.67,13.87,0.63495,3.87639,1.56886,6.105,conventional_oilfield_range
32.49,0.2307,6.06,7.888,3.08,0.6118,1.03685,0.79646,1.6948,conventional_oilfield_range
124.01,0.1235,4.85,86.454,3.04,34.39523,128.81971,66.56413,3.7453,conventional_oilfield_range
48.9,0.835,5.35,12.445,19.21,1.62305,6.46321,3.23885,3.9821,conventional_oilfield_range
48.11,0.1668,5.13,10.193,18.79,0.47468,2.47126,1.08308,5.2062,conventional_oilfield_range
60.91,45.7874,4.48,20.901,2.04,72.48613,358.11573,161.11618,4.9405,high_pressure_gas_CO2
105.61,5.3721,6.49,126.925,3.83,437.35065,257.92326,335.86144,1.6957,conventional_oilfield_range
99.92,47.5654,3.8,1.362,6.29,40.25497,135.21692,73.77773,3.359,high_pressure_gas_CO2
63.38,42.9998,5.8,85.242,4.72,341.39816,342.90614,342.15132,1.0044,high_pressure_gas_CO2
108.71,0.1089,3.88,82.799,17.53,18.29047,127.57127,48.30464,6.9747,conventional_oilfield_range
141.69,2.6905,3.75,3.374,15.61,27.75168,115.95917,56.72797,4.1785,conventional_oilfield_range
40.8,31.9962,5.77,3.555,4.83,6.72756,13.1562,9.40793,1.9556,high_pressure_gas_CO2
122.96,2.644,3.59,48.039,12.38,143.3611,653.20056,306.01234,4.5563,conventional_oilfield_range
97.0,9.6238,5.27,14.614,12.8,78.17063,86.06047,82.02074,1.1009,conventional_oilfield_range
62.3,2.5662,3.66,14.897,17.53,9.05611,57.31775,22.78324,6.3292,conventional_oilfield_range
24.44,0.1316,5.45,2.446,5.84,0.08076,0.42277,0.18478,5.2346,conventional_oilfield_range
125.72,12.499,6.15,6.397,1.46,105.56299,50.64626,73.11888,2.0843,high_pressure_gas_CO2
114.38,13.9333,4.98,99.076,5.67,484.74496,1312.02445,797.49436,2.7066,high_pressure_gas_CO2
54.98,0.3536,4.54,84.456,8.74,10.46469,33.85089,18.82124,3.2348,conventional_oilfield_range
90.93,0.4189,4.03,148.571,8.69,46.9636,254.78797,109.38812,5.4252,conventional_oilfield_range
108.43,5.5308,4.46,2.53,11.11,19.6211,52.06841,31.96309,2.6537,conventional_oilfield_range
120.28,3.4188,4.07,6.758,3.83,41.05849,149.6385,78.38323,3.6445,conventional_oilfield_range
125.96,4.4447,4.78,1.113,17.69,9.2143,17.75625,12.79107,1.927,conventional_oilfield_range
31.19,42.5805,4.56,97.529,15.47,77.58923,325.57559,158.9376,4.1961,high_pressure_gas_CO2
92.3,5.4505,3.71,1.498,8.53,6.5743,38.26428,15.86067,5.8203,conventional_oilfield_range
16.73,0.3745,4.25,34.573,14.4,0.62307,12.33002,2.77174,19.789,conventional_oilfield_range
147.59,97.7193,3.51,11.051,0.12,869.21621,3052.32846,1628.84418,3.5116,dense_phase_supercritical_CO2
135.85,5.0007,5.48,21.191,15.85,111.33597,187.82496,144.60869,1.687,conventional_oilfield_range
71.13,3.2637,5.61,7.984,15.37,8.48811,20.2841,13.1215,2.3897,conventional_oilfield_range
122.72,54.4325,4.58,21.347,16.46,384.20486,706.81092,521.11437,1.8397,high_pressure_gas_CO2
45.3,0.3265,6.2,18.536,6.73,1.98511,4.87851,3.11197,2.4576,conventional_oilfield_range
32.39,0.127,4.48,1.401,5.88,0.06486,0.70893,0.21443,10.9309,conventional_oilfield_range
104.87,0.2134,5.74,102.414,1.99,34.67718,68.48339,48.73203,1.9749,conventional_oilfield_range
54.68,10.4129,6.43,56.941,8.58,52.13042,53.01529,52.57099,1.017,high_pressure_gas_CO2
92.78,67.3511,4.51,1.165,1.3,40.27076,106.73992,65.56293,2.6506,high_pressure_gas_CO2
136.31,0.2642,4.28,8.195,14.04,11.98125,36.41038,20.88641,3.0389,conventional_oilfield_range
72.59,76.1415,3.62,34.967,17.67,224.74148,834.60196,433.09316,3.7136,dense_phase_supercritical_CO2
96.83,4.315,3.92,1.494,1.26,9.03234,32.88156,17.23361,3.6404,conventional_oilfield_range
95.2,15.012,5.75,5.873,17.21,30.87701,24.90717,27.73191,1.2397,high_pressure_gas_CO2
128.48,0.913,3.92,61.206,1.41,158.53686,910.18302,379.86519,5.7411,conventional_oilfield_range
142.46,1.8592,5.77,12.128,16.33,62.29472,57.80883,60.00987,1.0776,conventional_oilfield_range
126.98,0.4145,6.47,1.694,0.32,3.73775,3.52859,3.63167,1.0593,conventional_oilfield_range
146.23,0.145,4.8,46.637,15.63,28.49177,100.62478,53.54417,3.5317,conventional_oilfield_range
125.43,0.1203,5.94,14.417,10.19,10.68596,13.12645,11.84351,1.2284,conventional_oilfield_range
48.19,71.6977,5.65,29.807,18.35,85.76292,96.52821,90.98649,1.1255,high_pressure_gas_CO2
49.16,13.1603,3.57,1.548,0.91,2.39367,27.98792,8.18498,11.6925,high_pressure_gas_CO2
14.09,8.0024,4.91,9.326,15.85,1.92093,10.0904,4.4026,5.2529,conventional_oilfield_range
45.82,6.6031,4.93,97.859,0.21,47.4639,124.45108,76.85658,2.622,conventional_oilfield_range
45.62,8.5641,5.49,3.603,14.48,3.31215,7.11941,4.85598,2.1495,conventional_oilfield_range
11.29,1.2125,6.11,56.402,5.88,2.29538,6.35675,3.81984,2.7694,conventional_oilfield_range
96.21,0.2146,3.87,5.391,6.68,2.71651,18.66753,7.12113,6.8719,conventional_oilfield_range
24.31,14.5296,5.78,148.882,13.69,44.43759,78.40392,59.02611,1.7644,high_pressure_gas_CO2
144.21,1.8612,6.08,32.124,2.61,212.97427,155.56656,182.02108,1.369,conventional_oilfield_range
118.26,13.5618,5.9,20.205,15.17,221.55957,117.87862,161.60797,1.8796,high_pressure_gas_CO2
108.72,52.3202,5.97,11.714,9.52,226.02266,159.50858,189.8751,1.417,high_pressure_gas_CO2
14.22,3.1645,4.89,1.467,15.8,0.20013,1.07096,0.46296,5.3513,conventional_oilfield_range
145.79,0.4673,4.87,24.193,3.21,56.99453,185.03278,102.69302,3.2465,conventional_oilfield_range
10.63,1.2127,5.26,4.947,14.79,0.21448,1.43119,0.55404,6.673,conventional_oilfield_range
125.21,8.6219,5.87,63.453,4.47,639.02926,477.53435,552.41146,1.3382,conventional_oilfield_range
104.41,3.1325,6.42,26.94,15.58,57.1457,37.01085,45.98925,1.544,conventional_oilfield_range
95.82,24.3264,4.54,11.33,6.38,110.98043,280.43924,176.41787,2.5269,high_pressure_gas_CO2
87.47,20.0306,5.12,5.103,13.23,34.61494,50.38548,41.76231,1.4556,high_pressure_gas_CO2
135.58,30.3191,5.3,46.721,11.67,796.96094,1007.82003,896.21046,1.2646,high_pressure_gas_CO2
50.85,0.124,4.73,13.307,16.95,0.65091,4.45311,1.70252,6.8414,conventional_oilfield_range
146.68,16.4681,6.39,1.454,7.1,48.53477,27.16524,36.31058,1.7867,high_pressure_gas_CO2
31.96,11.4908,4.54,30.553,6.96,15.53881,81.74675,35.64052,5.2608,high_pressure_gas_CO2
51.34,0.7035,5.78,1.198,15.18,0.41312,0.636,0.51259,1.5395,conventional_oilfield_range
103.24,2.334,5.6,12.454,10.51,36.72812,38.26044,37.48645,1.0417,conventional_oilfield_range
132.13,8.571,6.19,1.971,19.47,33.98114,18.18156,24.85619,1.869,conventional_oilfield_range
112.34,2.3259,3.92,28.149,18.51,73.35047,273.21665,141.56472,3.7248,conventional_oilfield_range
50.0,19.0302,3.7,1.869,3.48,4.46518,41.79148,13.66039,9.3594,high_pressure_gas_CO2
58.22,2.9877,5.58,87.533,5.59,46.69637,84.49297,62.81333,1.8094,conventional_oilfield_range
105.64,0.8548,4.78,11.274,10.44,14.54129,51.90001,27.47168,3.5691,conventional_oilfield_range
144.19,0.2389,4.38,62.016,19.22,53.74415,212.86263,106.9585,3.9607,conventional_oilfield_range
84.55,2.5707,3.84,1.082,2.35,2.32138,20.54324,6.9057,8.8496,conventional_oilfield_range
38.48,0.2959,4.89,1.266,5.71,0.13911,1.24714,0.41651,8.9653,conventional_oilfield_range
9.23,0.5405,4.42,6.587,8.46,0.12309,2.16352,0.51605,17.5766,conventional_oilfield_range
131.86,9.3714,4.27,58.268,13.59,485.48536,949.26609,678.86286,1.9553,conventional_oilfield_range
13.27,24.7905,4.18,137.485,16.06,24.07873,211.41277,71.3481,8.7801,high_pressure_gas_CO2
112.4,63.1678,5.22,3.7,16.83,116.30903,118.47026,117.38467,1.0186,high_pressure_gas_CO2
45.96,3.8211,3.82,108.247,3.83,48.80648,377.62134,135.75849,7.7371,conventional_oilfield_range
146.75,0.5435,4.24,59.087,18.45,76.03883,256.30972,139.60477,3.3708,conventional_oilfield_range
19.05,22.984,4.0,6.296,1.61,4.94435,31.78599,12.5364,6.4287,high_pressure_gas_CO2
40.63,0.5322,5.78,3.884,14.58,0.57284,1.68218,0.98164,2.9366,conventional_oilfield_range
121.88,2.5526,3.59,58.629,19.35,123.03121,669.25802,286.94882,5.4397,conventional_oilfield_range
25.02,0.188,5.45,2.172,2.47,0.11213,0.46378,0.22805,4.1359,conventional_oilfield_range
97.36,0.2191,6.01,91.33,12.8,23.752,37.0079,29.64813,1.5581,conventional_oilfield_range
19.86,16.2561,5.45,2.778,15.68,1.30343,3.51487,2.14042,2.6966,high_pressure_gas_CO2
15.93,10.585,4.29,25.547,8.48,8.08129,37.74107,17.46415,4.6702,high_pressure_gas_CO2
142.2,17.5707,4.6,2.726,5.31,125.55315,215.97262,164.66949,1.7202,high_pressure_gas_CO2
22.39,31.4455,3.83,31.012,13.36,14.63952,106.78193,39.53778,7.2941,high_pressure_gas_CO2
50.11,15.9836,4.74,33.661,10.68,45.74642,106.91303,69.93489,2.3371,high_pressure_gas_CO2
35.4,19.479,6.49,4.889,19.42,3.89577,3.72266,3.80823,1.0465,high_pressure_gas_CO2
97.97,1.2771,5.1,3.863,12.24,6.91571,11.43323,8.89207,1.6532,conventional_oilfield_range
145.29,0.3539,4.07,2.655,11.1,5.05538,27.95422,11.88777,5.5296,conventional_oilfield_range
79.12,12.0502,6.35,40.12,12.57,110.26125,63.67845,83.79299,1.7315,high_pressure_gas_CO2
80.09,1.019,6.28,11.995,0.91,8.00018,11.62475,9.64365,1.4531,conventional_oilfield_range
17.76,11.4387,6.18,61.26,16.17,9.46644,21.66993,14.32261,2.2891,high_pressure_gas_CO2
124.25,54.4762,4.57,4.077,14.02,124.27215,234.22408,170.60929,1.8848,high_pressure_gas_CO2
46.36,53.6094,5.2,3.764,11.75,16.3916,24.17382,19.90597,1.4748,high_pressure_gas_CO2
121.98,0.1401,3.53,17.245,17.48,8.7456,70.98211,24.91548,8.1163,conventional_oilfield_range
84.22,0.2386,5.73,9.897,16.12,2.6814,4.41812,3.44191,1.6477,conventional_oilfield_range
91.09,22.6711,5.95,16.749,18.06,110.02129,57.1407,79.28867,1.9254,high_pressure_gas_CO2
60.08,5.6031,3.92,1.117,16.93,1.75908,9.84899,4.16236,5.5989,conventional_oilfield_range
57.27,26.8831,4.56,2.698,8.7,12.66025,34.17318,20.80003,2.6992,high_pressure_gas_CO2
88.16,94.3902,6.06,59.143,2.83,869.23236,466.06003,636.48602,1.8651,dense_phase_supercritical_CO2
9.51,4.9091,4.69,1.977,13.37,0.33372,1.80849,0.77687,5.4192,conventional_oilfield_range
74.15,0.4017,5.56,48.303,4.35,10.84024,37.93522,20.27873,3.4995,conventional_oilfield_range
38.52,10.9949,5.58,18.702,4.93,13.04999,23.518,17.51884,1.8021,high_pressure_gas_CO2
82.02,69.6957,6.31,10.02,11.46,155.27386,85.29923,115.0858,1.8203,high_pressure_gas_CO2
66.97,22.8599,5.0,95.71,11.4,212.98198,355.27255,275.07572,1.6681,high_pressure_gas_CO2
120.77,6.5086,5.75,5.903,12.46,55.96775,34.00042,43.62256,1.6461,conventional_oilfield_range
132.0,0.3311,5.68,37.938,9.86,49.55137,52.42232,50.96663,1.0579,conventional_oilfield_range
130.16,25.2965,4.82,1.705,4.57,88.06883,68.65488,77.75831,1.2828,high_pressure_gas_CO2
45.58,0.1178,4.14,125.866,7.88,3.86245,44.68239,13.13711,11.5684,conventional_oilfield_range
61.18,2.4267,6.25,3.881,0.61,3.16005,2.98571,3.07164,1.0584,conventional_oilfield_range
45.33,58.7553,4.51,6.277,1.62,24.23834,76.35952,43.02125,3.1504,high_pressure_gas_CO2
16.52,0.2335,3.55,1.033,2.72,0.04851,1.00117,0.22037,20.6397,conventional_oilfield_range
109.18,0.3061,4.93,25.95,13.58,13.09247,53.26631,26.40809,4.0685,conventional_oilfield_range
120.01,62.5432,6.43,115.231,8.85,3026.72757,835.80478,1590.51985,3.6213,high_pressure_gas_CO2
74.82,0.6588,4.12,2.867,13.98,1.55965,13.34953,4.56296,8.5593,conventional_oilfield_range
123.89,96.4581,4.87,39.049,2.66,1207.56877,2393.25695,1700.00658,1.9819,dense_phase_supercritical_CO2
93.15,20.3803,5.24,1.492,19.17,12.92619,17.01333,14.82962,1.3162,high_pressure_gas_CO2
60.01,2.9454,5.77,1.404,3.87,1.65434,2.66181,2.09846,1.609,conventional_oilfield_range
149.52,3.6794,6.37,17.328,15.75,204.20156,67.64587,117.53039,3.0187,conventional_oilfield_range
54.77,42.0493,3.7,92.076,9.53,225.75484,1183.73244,516.94615,5.2434,high_pressure_gas_CO2
31.32,4.7967,5.18,1.388,9.06,0.98798,2.41152,1.54354,2.4409,conventional_oilfield_range
148.28,0.143,5.37,67.723,9.34,68.881,84.85776,76.45317,1.2319,conventional_oilfield_range
20.29,0.2458,4.93,2.627,18.93,0.09525,0.49066,0.21618,5.1515,conventional_oilfield_range
79.99,0.1429,6.44,2.228,13.81,0.37759,0.41319,0.39499,1.0943,conventional_oilfield_range
92.95,30.7871,5.59,13.916,8.24,141.8092,131.11676,136.35821,1.0815,high_pressure_gas_CO2
13.52,0.2833,3.58,26.656,9.55,0.68108,8.5437,2.41225,12.5443,conventional_oilfield_range
22.58,5.6628,5.76,4.053,3.6,1.20056,2.78108,1.82725,2.3165,conventional_oilfield_range
51.89,1.7401,3.61,3.239,1.51,1.74768,25.48483,6.67377,14.5821,conventional_oilfield_range
118.07,7.439,5.66,114.485,2.3,560.21513,843.36079,687.35979,1.5054,conventional_oilfield_range
9.29,0.3177,3.54,108.819,10.52,1.59286,35.24559,7.49275,22.1273,conventional_oilfield_range
5.44,6.5317,6.32,10.27,0.24,2.17314,2.59844,2.37629,1.1957,conventional_oilfield_range
22.66,0.4604,3.57,9.237,12.51,0.33274,8.9552,1.7262,26.9135,conventional_oilfield_range
79.77,22.0856,4.47,30.604,6.76,188.85852,382.40523,268.73869,2.0248,high_pressure_gas_CO2
88.38,0.1954,4.51,4.422,16.58,0.89797,8.37246,2.74194,9.3237,conventional_oilfield_range
61.67,7.3464,5.53,1.898,3.56,3.93801,7.95217,5.59605,2.0193,conventional_oilfield_range
83.33,0.2369,5.8,1.96,6.17,1.01794,1.78812,1.34915,1.7566,conventional_oilfield_range
85.25,19.7833,4.47,1.259,19.09,8.49215,26.28819,14.94133,3.0956,high_pressure_gas_CO2
20.38,42.6801,4.28,2.635,5.92,4.43403,13.14952,7.6358,2.9656,high_pressure_gas_CO2
136.12,0.2089,5.85,101.196,14.3,73.4981,80.23665,76.7935,1.0917,conventional_oilfield_range
145.45,2.1128,6.18,16.522,17.54,64.17144,59.93427,62.01668,1.0707,conventional_oilfield_range
125.92,64.2691,6.2,114.966,10.66,2254.5839,1273.17665,1694.25015,1.7708,high_pressure_gas_CO2
143.87,0.1812,4.69,58.198,8.74,38.24254,126.24552,69.48344,3.3012,conventional_oilfield_range
47.01,0.1883,4.84,3.265,11.58,0.19613,1.62001,0.56368,8.2597,conventional_oilfield_range
36.41,2.619,3.72,2.231,11.5,0.85534,7.91665,2.6022,9.2555,conventional_oilfield_range
112.38,1.1725,5.51,13.643,2.94,46.05861,35.34774,40.34932,1.303,conventional_oilfield_range
148.05,2.0683,3.54,9.085,5.85,56.66894,403.17359,151.15364,7.1145,conventional_oilfield_range
61.4,0.1603,5.03,9.394,7.88,0.70735,4.21471,1.72663,5.9585,conventional_oilfield_range
135.49,51.0857,3.92,1.286,19.42,67.91035,96.76704,81.06469,1.4249,high_pressure_gas_CO2
101.89,70.0887,3.98,118.425,19.28,1245.4118,2980.17936,1926.53849,2.3929,high_pressure_gas_CO2
57.81,47.1061,6.47,141.961,3.09,441.31694,264.71528,341.79429,1.6671,high_pressure_gas_CO2
118.16,2.3632,5.02,17.933,15.75,54.44892,105.7985,75.89871,1.9431,conventional_oilfield_range
107.32,0.3507,5.83,6.735,0.14,5.5001,10.6902,7.66793,1.9436,conventional_oilfield_range
5.12,41.3962,6.25,58.243,4.26,19.63546,25.19034,22.24015,1.2829,high_pressure_gas_CO2
143.29,0.1237,6.21,3.843,16.42,4.97291,3.93645,4.42443,1.2633,conventional_oilfield_range
63.82,9.1771,3.88,13.242,8.67,26.93992,125.07492,58.04746,4.6427,conventional_oilfield_range
134.05,6.4002,6.08,76.548,16.05,457.89943,283.63932,360.38629,1.6144,conventional_oilfield_range
77.26,0.1351,3.63,12.169,18.77,1.65381,20.78331,5.86273,12.567,conventional_oilfield_range
39.74,41.2704,3.59,1.29,5.56,3.48134,25.54042,9.42946,7.3364,high_pressure_gas_CO2
100.77,94.5146,6.18,4.144,7.75,113.47588,72.64605,90.79413,1.562,dense_phase_supercritical_CO2
97.35,34.8979,4.64,12.479,14.05,96.22675,286.71922,166.10255,2.9796,high_pressure_gas_CO2
136.45,47.4357,5.62,55.062,16.65,1357.97938,766.1954,1020.03802,1.7724,high_pressure_gas_CO2
59.33,3.1973,4.79,13.78,5.81,9.04311,36.43861,18.15264,4.0294,conventional_oilfield_range
14.72,0.3244,5.02,83.203,12.56,1.32951,12.82174,4.12875,9.644,conventional_oilfield_range
92.63,3.1748,4.02,2.825,5.16,8.69455,43.24829,19.39135,4.9742,conventional_oilfield_range
28.35,0.412,4.16,78.01,16.69,1.70377,25.93174,6.64692,15.2203,conventional_oilfield_range
138.15,0.2334,5.19,1.127,9.22,2.41637,4.80482,3.40738,1.9884,conventional_oilfield_range
145.63,9.6706,3.52,36.58,18.96,378.99726,2239.61253,921.30723,5.9093,conventional_oilfield_range
65.89,59.0179,4.95,6.177,16.55,36.34219,84.56564,55.43736,2.3269,high_pressure_gas_CO2
72.38,12.2233,4.67,4.422,8.35,14.37339,39.55781,23.84491,2.7522,high_pressure_gas_CO2
17.26,0.1978,5.56,40.479,7.41,0.62315,2.9599,1.35811,4.7499,conventional_oilfield_range
119.1,10.0481,4.85,59.241,18.64,350.25459,410.83129,379.33566,1.173,high_pressure_gas_CO2
60.81,38.3692,4.94,7.203,11.24,36.72488,70.67723,50.94716,1.9245,high_pressure_gas_CO2
111.92,1.0619,5.42,18.856,6.22,45.94475,44.17751,45.05247,1.04,conventional_oilfield_range
15.24,1.2339,4.36,22.707,10.39,0.99507,11.32511,3.35697,11.3813,conventional_oilfield_range
77.69,97.3205,4.9,4.475,5.52,91.76205,142.24605,114.2488,1.5502,dense_phase_supercritical_CO2
104.61,4.5923,5.58,7.966,12.15,26.24224,34.05399,29.89403,1.2977,conventional_oilfield_range
118.63,0.4971,5.08,51.109,5.51,74.32351,154.52595,107.16767,2.0791,conventional_oilfield_range
25.26,1.7565,6.38,2.754,0.75,0.72488,1.30114,0.97117,1.795,conventional_oilfield_range
42.26,0.1468,3.77,32.75,20.0,0.9946,13.27952,3.63426,13.3516,conventional_oilfield_range
124.02,49.0358,3.83,1.753,17.38,63.89917,185.30124,108.8145,2.8999,high_pressure_gas_CO2
56.28,3.2011,4.47,13.748,6.4,10.8164,49.84094,23.21852,4.6079,conventional_oilfield_range
27.25,1.5069,4.53,3.996,8.24,0.57764,4.65555,1.63989,8.0596,conventional_oilfield_range
70.95,72.6266,4.13,1.441,9.06,16.47535,53.91664,29.80429,3.2726,high_pressure_gas_CO2
99.27,2.3379,6.28,26.86,6.56,83.29203,40.73925,58.25165,2.0445,conventional_oilfield_range
137.51,1.9773,6.13,26.903,4.07,159.67903,82.45252,114.74292,1.9366,conventional_oilfield_range
88.4,13.5448,5.73,8.948,5.01,44.05606,57.21894,50.20798,1.2988,high_pressure_gas_CO2
25.43,68.1793,4.66,1.259,2.45,3.01251,9.67532,5.3988,3.2117,high_pressure_gas_CO2
21.07,29.2879,5.7,1.908,17.21,1.75247,2.44521,2.07007,1.3953,high_pressure_gas_CO2
73.23,12.9135,4.0,2.669,16.03,8.22711,32.1231,16.2567,3.9045,high_pressure_gas_CO2
24.92,3.7638,4.59,1.797,19.32,0.33428,2.40408,0.89646,7.1918,conventional_oilfield_range
86.87,32.7621,6.16,1.276,16.25,18.46878,8.77937,12.73359,2.1037,high_pressure_gas_CO2
139.93,35.285,5.94,20.906,1.16,926.3243,356.0724,574.31569,2.6015,high_pressure_gas_CO2
129.13,16.7347,6.09,66.176,3.76,1174.53909,513.21056,776.39285,2.2886,high_pressure_gas_CO2
19.62,0.2431,5.83,55.522,12.74,0.78901,3.35439,1.62686,4.2514,conventional_oilfield_range
135.36,15.5966,4.65,62.808,16.31,691.14929,1005.19797,833.51177,1.4544,high_pressure_gas_CO2
31.52,0.1279,4.67,8.412,4.34,0.32501,2.18554,0.8428,6.7246,conventional_oilfield_range
147.88,1.144,5.07,4.233,14.64,17.95684,41.53525,27.3101,2.3131,conventional_oilfield_range
102.67,0.1879,4.33,3.247,12.86,1.41542,14.67973,4.55829,10.3713,conventional_oilfield_range
91.32,3.812,4.35,29.078,17.88,62.42715,183.832,107.1266,2.9447,conventional_oilfield_range
81.74,0.3706,6.34,1.28,5.6,1.29929,1.08128,1.18528,1.2016,conventional_oilfield_range
92.04,16.3119,4.24,2.515,1.08,19.03022,66.86141,35.67054,3.5134,high_pressure_gas_CO2
86.93,23.6402,3.57,3.773,0.08,47.76968,200.418,97.84633,4.1955,high_pressure_gas_CO2
8.49,7.2311,4.9,1.619,11.15,0.35678,2.01546,0.84798,5.649,conventional_oilfield_range
104.97,65.4799,3.89,78.139,9.49,1116.6986,3050.45242,1845.65326,2.7317,high_pressure_gas_CO2
56.42,0.5912,4.69,8.958,8.88,1.85459,11.15352,4.5481,6.014,conventional_oilfield_range
51.47,4.7016,3.82,10.441,1.95,11.10295,63.78448,26.61196,5.7448,conventional_oilfield_range
20.33,47.2004,4.24,2.969,15.44,3.06495,13.92318,6.53252,4.5427,high_pressure_gas_CO2
43.61,2.4435,3.65,2.005,1.38,1.56292,13.90069,4.66108,8.8941,conventional_oilfield_range
35.12,0.5808,6.06,24.281,11.39,1.55918,4.53305,2.65854,2.9073,conventional_oilfield_range
128.93,4.157,5.34,84.436,10.08,503.79163,411.53204,455.33109,1.2242,conventional_oilfield_range
73.61,0.4422,6.15,16.96,16.63,3.36039,5.27966,4.21209,1.5711,conventional_oilfield_range
11.29,2.2375,3.84,20.266,2.96,1.37838,25.33,5.90884,18.3766,conventional_oilfield_range
87.27,23.0429,4.45,28.414,1.75,200.51721,574.47015,339.39822,2.8649,high_pressure_gas_CO2
119.52,0.1857,6.32,2.552,3.55,3.20408,2.4341,2.79268,1.3163,conventional_oilfield_range
129.17,14.6195,4.48,1.561,0.08,47.24962,112.15368,72.79573,2.3736,high_pressure_gas_CO2
62.11,42.6243,4.68,4.278,4.21,33.54762,84.78324,53.33176,2.5273,high_pressure_gas_CO2
122.21,1.7997,3.78,2.092,13.8,11.54975,44.88451,22.76851,3.8862,conventional_oilfield_range
96.57,2.4556,3.95,100.386,19.15,82.99231,576.99489,218.82901,6.9524,conventional_oilfield_range
51.28,2.4291,3.64,23.166,18.05,10.17779,56.43997,23.96735,5.5454,conventional_oilfield_range
51.34,2.8003,3.67,98.47,3.77,38.5711,311.62681,109.6348,8.0793,conventional_oilfield_range
7.07,5.8077,6.2,28.081,4.23,3.93946,6.14537,4.92031,1.56,conventional_oilfield_range
110.98,1.8723,6.37,106.596,17.69,130.8535,119.20963,124.89595,1.0977,conventional_oilfield_range
64.91,2.7435,5.16,4.705,9.25,5.44177,12.1816,8.14183,2.2385,conventional_oilfield_range
121.5,8.1878,4.16,35.384,16.4,171.50124,805.27495,371.62569,4.6954,conventional_oilfield_range
115.3,1.7351,6.09,4.171,16.45,13.00188,10.96688,11.94111,1.1856,conventional_oilfield_range
64.57,0.4,3.86,4.789,4.08,2.00382,13.99946,5.29645,6.9864,conventional_oilfield_range
123.56,3.4996,3.82,38.598,19.85,94.04673,619.8107,241.43564,6.5905,conventional_oilfield_range
57.05,28.2513,4.58,18.279,6.54,51.82039,155.30124,89.70937,2.9969,high_pressure_gas_CO2
139.65,58.1626,6.26,3.145,4.38,246.13671,82.63112,142.6133,2.9787,high_pressure_gas_CO2
87.56,1.5328,4.32,3.612,2.79,7.04094,28.74287,14.22592,4.0822,conventional_oilfield_range
145.76,0.2419,3.78,3.784,7.06,9.73987,46.67413,21.32135,4.7921,conventional_oilfield_range
126.68,0.3925,5.42,3.164,7.93,6.23013,11.23179,8.36514,1.8028,conventional_oilfield_range
25.87,1.9451,4.14,2.525,16.93,0.41557,3.54703,1.21409,8.5354,conventional_oilfield_range
119.56,0.2923,5.27,2.045,0.32,3.52002,6.74681,4.87329,1.9167,conventional_oilfield_range
114.8,0.8594,6.44,2.593,3.06,6.16042,5.02308,5.56276,1.2264,conventional_oilfield_range
17.61,92.842,5.5,108.46,11.36,104.02986,128.20196,115.4852,1.2324,dense_phase_liquid_CO2
8.71,26.0485,5.53,28.366,16.2,7.16851,17.58273,11.22684,2.4528,high_pressure_gas_CO2
84.14,4.1256,4.14,149.042,5.88,164.74151,895.88304,384.1733,5.4381,conventional_oilfield_range
95.44,0.1415,6.43,12.607,6.21,2.69119,6.84568,4.2922,2.5437,conventional_oilfield_range
59.71,0.843,5.19,8.686,13.69,4.06396,8.26141,5.79431,2.0328,conventional_oilfield_range
96.9,0.4276,4.73,2.216,13.65,1.48222,8.61265,3.57293,5.8107,conventional_oilfield_range
81.76,1.0143,4.04,51.626,8.54,21.7981,159.65889,58.99373,7.3244,conventional_oilfield_range
59.67,4.9739,6.05,2.874,18.26,3.30366,4.02726,3.64756,1.219,conventional_oilfield_range
123.12,2.9075,5.4,4.591,16.56,17.34581,32.30454,23.67168,1.8624,conventional_oilfield_range
109.05,13.64,4.92,1.316,13.64,14.87663,27.86849,20.36146,1.8733,high_pressure_gas_CO2
102.44,0.5283,5.41,80.278,19.56,31.71793,74.38459,48.57288,2.3452,conventional_oilfield_range
56.25,64.8669,4.39,38.555,7.73,99.77247,390.82352,197.46754,3.9171,high_pressure_gas_CO2
131.16,1.5402,5.01,15.648,15.16,46.54316,70.76158,57.38874,1.5203,conventional_oilfield_range
143.58,67.2883,5.35,2.337,19.44,96.98934,77.00864,86.42348,1.2595,high_pressure_gas_CO2
133.98,18.2698,5.54,54.057,13.0,877.7112,572.16657,708.6586,1.534,high_pressure_gas_CO2
80.42,1.9131,5.62,8.084,1.73,10.7195,16.74113,13.39614,1.5617,conventional_oilfield_range
128.26,84.1493,4.18,26.732,17.38,727.55745,1582.3994,1072.98018,2.1749,dense_phase_supercritical_CO2
22.59,5.469,4.07,10.481,11.71,2.71366,15.91862,6.57249,5.8661,conventional_oilfield_range
119.55,0.4078,6.4,20.466,15.7,14.84043,13.33551,14.06786,1.1129,conventional_oilfield_range
122.02,0.1876,5.52,2.204,18.61,1.9991,3.55819,2.66705,1.7799,conventional_oilfield_range
18.89,19.6402,4.04,1.03,3.07,0.84166,6.2613,2.29563,7.4392,high_pressure_gas_CO2
36.36,60.8894,4.23,62.717,12.74,82.33469,282.96182,152.63542,3.4367,high_pressure_gas_CO2
47.21,0.1034,5.16,1.49,9.7,0.11213,0.63699,0.26726,5.6808,conventional_oilfield_range
91.25,1.9026,4.06,65.208,3.66,79.42948,429.42522,184.68629,5.4064,conventional_oilfield_range
127.98,0.5428,5.49,9.849,12.71,13.34662,31.16195,20.39379,2.3348,conventional_oilfield_range
104.94,0.1055,3.52,1.694,11.64,1.00968,9.05983,3.02448,8.973,conventional_oilfield_range
142.93,1.3448,4.53,122.441,4.25,409.32182,733.29895,547.86427,1.7915,conventional_oilfield_range
128.24,3.8797,4.27,2.992,17.28,23.81127,54.51251,36.02793,2.2894,conventional_oilfield_range
59.04,0.1653,4.35,11.814,8.71,1.43658,11.76483,4.1111,8.1895,conventional_oilfield_range
95.82,49.4001,5.57,9.639,2.67,245.67908,222.22778,233.6594,1.1055,high_pressure_gas_CO2
136.39,33.9859,3.66,22.711,13.14,593.10155,1550.95865,959.10165,2.615,high_pressure_gas_CO2
129.85,4.3246,5.68,4.13,14.27,29.96369,28.91185,29.43307,1.0364,conventional_oilfield_range
34.71,0.2187,5.5,1.065,7.49,0.07007,0.30973,0.14732,4.4202,conventional_oilfield_range
30.8,12.4074,5.14,2.005,14.72,1.26252,5.18527,2.55861,4.1071,high_pressure_gas_CO2
60.74,1.2101,5.47,1.24,3.28,0.95949,2.44893,1.53289,2.5523,conventional_oilfield_range
72.76,1.0939,4.37,14.172,18.11,6.49112,44.71362,17.03648,6.8884,conventional_oilfield_range
76.65,0.1201,5.75,1.519,8.92,0.44768,1.09336,0.69963,2.4423,conventional_oilfield_range
148.15,2.5401,5.99,14.743,14.74,95.75779,72.3036,83.20837,1.3244,conventional_oilfield_range
51.38,0.9983,5.02,80.051,15.08,10.49707,47.91119,22.42604,4.5642,conventional_oilfield_range
7.28,0.3261,5.34,4.471,9.67,0.11362,0.40369,0.21417,3.553,conventional_oilfield_range
35.26,37.2726,4.35,29.245,7.22,43.54356,202.46535,93.89388,4.6497,high_pressure_gas_CO2
45.75,0.167,5.49,1.148,6.45,0.11381,0.5924,0.25965,5.2053,conventional_oilfield_range
77.76,0.3101,4.37,105.142,8.93,20.70983,155.34258,56.71965,7.5009,conventional_oilfield_range
41.32,2.2712,4.98,39.527,11.18,8.19586,18.79834,12.41243,2.2936,conventional_oilfield_range
99.31,1.507,5.48,64.246,6.79,68.18369,132.4308,95.02432,1.9423,conventional_oilfield_range
109.09,0.1055,4.99,2.268,3.34,0.96117,3.32971,1.78897,3.4642,conventional_oilfield_range
40.14,14.9711,5.15,16.938,2.36,16.80726,32.2669,23.28773,1.9198,high_pressure_gas_CO2
23.91,1.2107,3.77,2.203,16.53,0.2338,3.81001,0.94381,16.296,conventional_oilfield_range
33.34,1.4127,3.59,84.639,11.93,7.85873,123.12084,31.10584,15.6668,conventional_oilfield_range
11.01,0.8798,3.7,10.489,14.27,0.36785,10.79329,1.99255,29.3419,conventional_oilfield_range
121.29,14.3564,4.88,28.462,5.43,289.42567,708.93498,452.97239,2.4495,high_pressure_gas_CO2
68.79,2.0272,5.03,7.629,3.9,7.00029,19.34774,11.63786,2.7638,conventional_oilfield_range
143.52,23.9608,5.99,9.43,13.2,360.06331,153.51574,235.10718,2.3454,high_pressure_gas_CO2
83.74,0.1741,4.24,137.52,10.42,13.85229,119.75233,40.7289,8.645,conventional_oilfield_range
19.47,18.1631,6.03,61.158,6.71,17.45435,40.05546,26.4413,2.2949,high_pressure_gas_CO2
63.31,2.0746,6.21,18.701,6.77,11.66381,16.92099,14.0486,1.4507,conventional_oilfield_range
9.2,2.8302,5.2,52.412,9.0,3.25885,16.18191,7.26185,4.9655,conventional_oilfield_range
135.43,40.7385,4.9,54.662,2.58,1941.39852,2336.10119,2129.62517,1.2033,high_pressure_gas_CO2
5.61,12.9392,4.55,3.166,9.04,0.93634,4.30007,2.00657,4.5924,high_pressure_gas_CO2
100.28,0.9285,4.07,2.107,12.35,2.84445,21.8156,7.8774,7.6695,conventional_oilfield_range
105.01,3.9477,5.07,16.184,15.68,39.52164,99.23051,62.62389,2.5108,conventional_oilfield_range
30.32,2.3754,4.01,21.008,18.99,2.8856,32.51905,9.68695,11.2694,conventional_oilfield_range
106.59,47.3421,5.38,2.268,18.02,65.93061,46.67805,55.47533,1.4125,high_pressure_gas_CO2
40.19,3.2291,5.5,2.663,12.13,0.90057,2.76371,1.57763,3.0689,conventional_oilfield_range
46.5,0.7211,3.91,9.771,11.71,1.69061,22.34062,6.14567,13.2145,conventional_oilfield_range
61.97,10.7425,3.89,3.324,1.55,9.58367,44.24818,20.59272,4.617,high_pressure_gas_CO2
70.83,0.3148,6.41,10.715,6.67,3.17184,3.65698,3.40578,1.153,conventional_oilfield_range
39.03,0.8614,3.51,7.073,3.16,1.49529,16.89998,5.02697,11.3021,conventional_oilfield_range
33.19,0.6464,3.68,3.713,17.55,0.39327,5.38591,1.45538,13.6951,conventional_oilfield_range
33.46,44.3319,6.45,2.428,17.47,4.2541,3.49994,3.85864,1.2155,high_pressure_gas_CO2
130.97,4.6754,4.05,2.968,7.29,37.94137,117.2571,66.70004,3.0905,conventional_oilfield_range
57.75,24.9826,3.85,94.486,13.05,150.13656,905.79948,368.77312,6.0332,high_pressure_gas_CO2
47.12,0.2766,3.73,10.391,5.3,0.97082,14.36302,3.73415,14.7948,conventional_oilfield_range
87.31,2.7174,4.37,46.279,1.62,55.684,259.6634,120.24598,4.6632,conventional_oilfield_range
31.05,7.5228,4.4,3.289,2.19,2.12031,13.26087,5.30256,6.2542,conventional_oilfield_range
21.13,86.3192,4.72,43.387,12.83,47.40108,152.00738,84.88412,3.2068,dense_phase_liquid_CO2
61.17,0.3421,5.29,12.316,8.84,2.2208,10.28688,4.77965,4.6321,conventional_oilfield_range
51.87,9.0249,5.37,14.114,9.92,15.7862,23.9264,19.43468,1.5157,conventional_oilfield_range
22.15,0.5243,3.51,10.263,16.19,0.41519,13.99708,2.41069,33.7128,conventional_oilfield_range
99.38,24.5931,4.16,4.026,17.67,45.49373,145.90232,81.47172,3.2071,high_pressure_gas_CO2
39.02,1.0443,4.9,85.859,3.43,10.55991,59.14101,24.99048,5.6005,conventional_oilfield_range
16.05,14.8818,3.78,3.517,19.59,1.27314,9.88976,3.54839,7.768,high_pressure_gas_CO2
74.37,8.3149,5.98,6.846,3.36,21.70912,22.6115,22.15572,1.0416,conventional_oilfield_range
123.61,0.1633,4.31,8.03,8.52,6.09912,26.48676,12.71007,4.3427,conventional_oilfield_range
21.56,0.1201,5.93,19.707,8.26,0.33674,0.87717,0.54349,2.6049,conventional_oilfield_range
93.03,43.9396,3.94,73.746,1.28,1005.8745,2276.11117,1513.1035,2.2628,high_pressure_gas_CO2
106.51,0.1291,4.51,8.4,16.99,2.6739,15.42643,6.42252,5.7693,conventional_oilfield_range
89.29,0.2028,6.2,4.931,2.78,2.3781,3.23503,2.77367,1.3603,conventional_oilfield_range
11.39,53.6195,5.78,2.555,19.66,2.05467,3.88653,2.82587,1.8916,high_pressure_gas_CO2
95.04,1.7655,6.49,74.396,19.24,55.90277,42.17176,48.55428,1.3256,conventional_oilfield_range
30.03,4.5978,6.17,3.759,14.04,1.14237,1.82296,1.44309,1.5958,conventional_oilfield_range
10.32,2.4338,4.69,6.737,12.09,0.41601,2.73058,1.06581,6.5638,conventional_oilfield_range
78.26,0.6079,3.6,1.362,1.35,1.62754,14.51646,4.86067,8.9193,conventional_oilfield_range
24.78,1.5023,5.42,3.054,9.77,0.45934,2.24883,1.01636,4.8958,conventional_oilfield_range
138.02,0.1597,6.44,18.178,3.39,17.30153,12.94137,14.96348,1.3369,conventional_oilfield_range
112.28,13.3679,5.3,9.871,6.47,91.76355,137.0631,112.14899,1.4937,high_pressure_gas_CO2
134.83,49.3184,5.61,21.126,3.41,948.95734,711.50828,821.70007,1.3337,high_pressure_gas_CO2
77.34,5.3008,5.48,20.297,10.69,37.24785,45.74112,41.27661,1.228,conventional_oilfield_range
68.01,2.5535,5.66,1.648,7.38,2.33067,4.3856,3.19709,1.8817,conventional_oilfield_range
102.53,0.2042,3.51,4.082,16.94,1.18559,16.4782,4.42,13.8987,conventional_oilfield_range
54.45,26.6358,5.73,80.011,10.61,141.6909,126.23861,133.74177,1.1224,high_pressure_gas_CO2
94.75,77.8916,4.78,1.078,12.35,33.1323,54.23877,42.39169,1.637,dense_phase_supercritical_CO2
72.86,56.4609,3.55,11.427,16.91,75.83477,329.88058,158.16579,4.35,high_pressure_gas_CO2
17.85,0.7463,4.67,27.757,7.59,1.39848,8.92024,3.53196,6.3785,conventional_oilfield_range
20.05,0.1175,5.86,72.393,6.9,0.85955,4.68872,2.00754,5.4548,conventional_oilfield_range
147.49,6.6013,4.2,7.619,4.81,149.36094,411.99272,248.06374,2.7584,conventional_oilfield_range
40.4,20.828,5.79,113.991,6.62,115.02671,105.87346,110.35523,1.0865,high_pressure_gas_CO2
65.52,11.1023,4.59,48.355,9.17,84.09823,346.2476,170.64235,4.1172,high_pressure_gas_CO2
41.54,27.3687,5.9,5.852,18.41,8.47587,10.12333,9.26305,1.1944,high_pressure_gas_CO2
29.73,0.9837,5.95,15.798,5.81,1.40058,4.41502,2.48668,3.1523,conventional_oilfield_range
97.83,0.1766,4.98,5.086,3.4,2.92123,11.49314,5.79432,3.9343,conventional_oilfield_range
113.97,52.8855,5.36,16.76,15.22,402.15979,297.02677,345.61861,1.354,high_pressure_gas_CO2
28.51,22.8883,4.69,3.585,17.47,3.67076,9.87911,6.02194,2.6913,high_pressure_gas_CO2
12.65,0.1516,4.17,13.337,5.38,0.19345,3.46599,0.81883,17.9169,conventional_oilfield_range
43.02,0.1858,5.21,1.509,2.58,0.19115,0.97123,0.43088,5.081,conventional_oilfield_range
51.38,46.4331,4.16,32.493,6.81,93.50989,320.95384,173.24076,3.4323,high_pressure_gas_CO2
141.53,40.9488,4.63,3.459,3.22,223.16602,339.87076,275.40444,1.523,high_pressure_gas_CO2
23.97,2.0098,4.0,3.89,10.22,0.71827,7.49027,2.31949,10.4283,conventional_oilfield_range
40.68,0.6171,4.72,1.413,11.98,0.22105,1.43827,0.56385,6.5066,conventional_oilfield_range
25.87,0.3457,4.65,5.757,12.06,0.31498,1.81714,0.75654,5.7691,conventional_oilfield_range
105.27,0.1328,3.81,119.39,1.32,48.08676,390.82119,137.08874,8.1274,conventional_oilfield_range
60.77,94.8744,4.11,63.445,16.07,289.4028,1094.02581,562.68475,3.7803,dense_phase_supercritical_CO2
59.19,0.6984,5.09,4.527,8.39,1.62805,4.60173,2.73713,2.8265,conventional_oilfield_range
101.42,10.7387,5.39,99.476,1.74,406.14183,655.78424,516.08276,1.6147,high_pressure_gas_CO2
12.0,0.2986,6.23,1.17,4.81,0.03533,0.15485,0.07397,4.3832,conventional_oilfield_range
109.86,1.7361,6.32,50.599,9.1,100.6975,63.13219,79.73239,1.595,conventional_oilfield_range
143.35,1.3565,4.57,4.469,12.35,26.13737,65.12906,41.25896,2.4918,conventional_oilfield_range
144.6,0.215,4.49,74.701,5.0,66.92699,403.77056,164.38719,6.033,conventional_oilfield_range
21.1,50.7257,3.92,22.827,11.48,17.72202,133.60749,48.65999,7.5391,high_pressure_gas_CO2
12.15,7.1582,5.75,2.619,4.99,0.58847,1.2852,0.86966,2.1839,conventional_oilfield_range
34.84,10.8679,6.45,4.759,13.1,3.02716,4.33692,3.62333,1.4327,high_pressure_gas_CO2
9.13,0.1171,4.63,1.091,2.77,0.02109,0.2579,0.07375,12.2274,conventional_oilfield_range
68.8,14.1874,4.46,149.306,14.93,195.36636,923.3876,424.73389,4.7264,high_pressure_gas_CO2
74.24,0.2962,6.3,92.941,8.4,14.35891,38.22458,23.42783,2.6621,conventional_oilfield_range
111.54,0.582,3.91,32.909,16.71,22.61607,150.43522,58.32883,6.6517,conventional_oilfield_range
30.27,0.7008,4.81,5.152,9.56,0.56016,3.54246,1.40867,6.324,conventional_oilfield_range
9.87,0.486,5.89,121.402,10.14,2.12104,8.79176,4.3183,4.145,conventional_oilfield_range
21.19,1.3265,4.04,3.763,19.73,0.21084,2.88165,0.77947,13.6673,conventional_oilfield_range
90.8,46.883,5.65,118.953,6.0,733.10586,662.01318,696.65324,1.1074,high_pressure_gas_CO2
60.69,14.986,5.37,1.4,14.14,3.61166,6.21426,4.73748,1.7206,high_pressure_gas_CO2
123.39,9.3419,4.38,4.463,5.03,60.3178,176.32074,103.12749,2.9232,conventional_oilfield_range
89.71,0.1232,3.72,6.398,6.06,2.22811,27.67242,7.85221,12.4197,conventional_oilfield_range
128.8,3.7928,4.99,6.242,5.11,66.55352,74.17015,70.2587,1.1144,conventional_oilfield_range
77.81,2.5691,4.96,31.336,15.29,31.61564,84.3233,51.63269,2.6671,conventional_oilfield_range
59.48,65.5628,5.75,21.909,15.07,85.21028,91.73971,88.41474,1.0766,high_pressure_gas_CO2
98.04,1.0743,3.63,1.901,10.07,4.60488,27.04091,11.15886,5.8722,conventional_oilfield_range
49.89,0.1699,4.95,35.268,16.57,1.45889,9.5956,3.74151,6.5774,conventional_oilfield_range
128.34,0.1345,4.24,7.944,4.43,6.20818,51.62524,17.90248,8.3157,conventional_oilfield_range
90.17,0.2413,5.56,1.553,17.7,0.59058,1.73151,1.01123,2.9319,conventional_oilfield_range
30.74,1.0863,5.44,36.431,14.23,2.83325,9.20151,5.1059,3.2477,conventional_oilfield_range
23.2,4.8378,4.7,31.301,10.04,8.85904,24.21896,14.64775,2.7338,conventional_oilfield_range
103.61,1.8566,6.15,13.611,10.16,22.9934,32.12242,27.17726,1.397,conventional_oilfield_range
20.92,0.9447,6.01,29.782,1.62,1.75172,6.03846,3.25234,3.4472,conventional_oilfield_range
89.43,0.8027,3.63,3.321,18.68,2.53531,24.67014,7.90864,9.7306,conventional_oilfield_range
97.69,1.059,6.15,4.813,13.91,8.22069,8.54056,8.3791,1.0389,conventional_oilfield_range
36.77,5.7682,4.75,2.564,2.63,2.77467,6.28463,4.17586,2.265,conventional_oilfield_range
79.06,1.317,5.32,1.402,2.57,2.64632,4.30794,3.37641,1.6279,conventional_oilfield_range
67.3,5.0411,6.04,87.304,11.16,76.74247,57.7718,66.58492,1.3284,conventional_oilfield_range
89.06,4.5744,5.08,17.486,16.55,22.25819,44.35106,31.41933,1.9926,conventional_oilfield_range
112.23,0.1802,4.77,3.079,6.95,2.26927,9.48196,4.63866,4.1784,conventional_oilfield_range
107.75,1.4657,6.13,142.119,3.61,177.55604,235.48399,204.47886,1.3263,conventional_oilfield_range
16.39,0.5641,4.21,111.773,2.68,3.30149,52.71033,13.19177,15.9656,conventional_oilfield_range
109.18,0.1071,4.96,2.776,2.16,1.35118,5.3437,2.68706,3.9548,conventional_oilfield_range
77.85,1.8869,4.9,30.512,0.34,24.12909,89.4915,46.46879,3.7089,conventional_oilfield_range
37.8,1.4619,4.76,2.119,3.85,0.59019,3.75635,1.48894,6.3646,conventional_oilfield_range
73.22,8.3853,4.56,9.764,7.83,24.19897,67.53137,40.42511,2.7907,conventional_oilfield_range
93.16,0.8475,3.69,54.861,17.6,33.17478,176.32499,76.48231,5.315,conventional_oilfield_range
36.48,17.119,4.91,1.097,15.05,1.32452,5.15233,2.61234,3.89,high_pressure_gas_CO2
107.87,0.82,5.58,6.745,14.96,7.68151,18.0602,11.77836,2.3511,conventional_oilfield_range
38.24,1.0583,4.74,1.788,10.3,0.40987,2.16116,0.94117,5.2727,conventional_oilfield_range
40.21,84.4862,3.51,68.327,17.14,107.59771,599.18926,253.91218,5.5688,dense_phase_supercritical_CO2
52.78,9.9676,4.74,2.004,1.34,3.64573,19.66413,8.46701,5.3937,conventional_oilfield_range
145.33,42.0595,5.63,1.601,18.6,79.08092,53.02647,64.75633,1.4913,high_pressure_gas_CO2
75.24,6.4371,5.93,2.851,7.83,7.434,9.67034,8.47876,1.3008,conventional_oilfield_range
99.39,65.3939,4.41,2.406,1.47,82.88562,193.46803,126.63221,2.3342,high_pressure_gas_CO2
128.11,5.5531,4.34,1.052,4.02,14.80609,35.29201,22.85906,2.3836,conventional_oilfield_range
108.98,10.0816,5.3,141.168,0.62,837.17704,1231.30617,1015.29368,1.4708,high_pressure_gas_CO2
55.03,11.6275,5.5,1.715,4.02,4.15036,5.46416,4.76217,1.3166,high_pressure_gas_CO2
23.29,11.6902,6.36,5.226,9.03,3.25809,3.61107,3.43004,1.1083,high_pressure_gas_CO2
11.88,26.2249,5.85,3.491,7.38,1.61099,3.55142,2.39192,2.2045,high_pressure_gas_CO2
71.13,0.1589,5.6,48.065,6.6,5.50891,23.77621,11.44469,4.316,conventional_oilfield_range
47.36,4.2212,3.72,5.939,15.99,2.7153,24.3279,8.12758,8.9596,conventional_oilfield_range
78.61,49.9325,6.23,94.096,1.48,824.73063,469.66537,622.37241,1.756,high_pressure_gas_CO2
69.05,1.7417,5.22,3.432,14.52,2.2907,7.26416,4.07921,3.1712,conventional_oilfield_range
65.02,1.0943,5.02,146.376,19.18,26.04418,69.41671,42.51942,2.6653,conventional_oilfield_range
61.08,33.0403,5.47,26.836,14.17,55.65126,86.69808,69.4612,1.5579,high_pressure_gas_CO2
133.96,74.2972,5.19,16.701,5.27,967.52746,711.29044,829.57401,1.3602,dense_phase_supercritical_CO2
128.61,27.7456,5.72,4.966,9.61,155.10979,83.4025,113.73893,1.8598,high_pressure_gas_CO2
62.29,14.6383,4.21,15.141,16.88,24.00179,120.43326,53.76443,5.0177,high_pressure_gas_CO2
117.66,74.105,6.25,34.56,11.65,1094.24889,417.98911,676.30179,2.6179,dense_phase_supercritical_CO2
55.27,1.588,4.83,2.559,18.92,0.81098,3.66693,1.72447,4.5216,conventional_oilfield_range
112.48,19.5887,6.38,44.346,15.13,361.28976,180.37019,255.27613,2.003,high_pressure_gas_CO2
21.97,21.9075,3.76,24.346,0.61,13.56971,153.5217,45.64257,11.3136,high_pressure_gas_CO2
52.44,0.4889,3.6,14.309,10.7,2.68302,28.85185,8.7983,10.7535,conventional_oilfield_range
5.1,0.2628,6.21,92.344,18.53,0.60299,1.72292,1.01927,2.8573,conventional_oilfield_range
84.62,67.6875,3.97,44.693,11.56,315.65547,1532.62062,695.54302,4.8554,high_pressure_gas_CO2
67.15,0.4566,3.99,1.091,12.94,0.44686,4.93032,1.4843,11.0333,conventional_oilfield_range
77.98,91.3653,4.63,8.224,0.02,128.91659,226.25821,170.7877,1.7551,dense_phase_supercritical_CO2
106.0,1.1029,5.48,5.121,16.11,9.34551,9.81276,9.57628,1.05,conventional_oilfield_range
90.4,2.9333,3.6,3.691,16.37,7.6085,57.06166,20.83635,7.4997,conventional_oilfield_range
61.91,15.0456,3.52,114.598,19.89,115.9589,987.03047,338.31194,8.5119,high_pressure_gas_CO2
84.71,3.9631,5.74,3.347,13.22,7.79268,7.93235,7.86221,1.0179,conventional_oilfield_range
77.88,3.9939,3.67,2.239,4.25,8.66158,51.52704,21.12594,5.9489,conventional_oilfield_range
121.12,1.8504,6.15,1.897,5.44,8.21297,8.54902,8.37931,1.0409,conventional_oilfield_range
12.06,0.1253,4.48,1.296,0.28,0.03486,0.4498,0.12522,12.902,conventional_oilfield_range
22.71,0.884,5.86,47.04,0.26,4.9173,9.86972,6.96652,2.0071,conventional_oilfield_range
102.37,79.1641,6.28,9.569,10.38,277.5521,99.11199,165.8576,2.8004,dense_phase_supercritical_CO2
68.95,18.8291,4.2,4.704,9.92,19.35616,84.20164,40.37103,4.3501,high_pressure_gas_CO2
88.01,28.8964,5.41,1.176,12.09,15.5619,17.17923,16.35058,1.1039,high_pressure_gas_CO2
82.01,69.0154,4.63,1.404,4.38,43.96154,75.77578,57.71672,1.7237,high_pressure_gas_CO2
55.77,0.2385,5.48,24.381,13.09,2.10753,6.20925,3.61748,2.9462,conventional_oilfield_range
14.83,0.1819,6.21,26.791,3.93,0.42492,1.65533,0.83868,3.8956,conventional_oilfield_range
113.46,5.4134,4.0,18.051,1.26,126.80838,549.08143,263.87142,4.33,conventional_oilfield_range
95.11,16.4056,5.27,38.522,4.57,251.21651,284.0227,267.11644,1.1306,high_pressure_gas_CO2
83.63,2.2028,4.76,10.447,17.05,14.1138,35.97184,22.53218,2.5487,conventional_oilfield_range
125.55,33.468,5.07,109.9,17.93,1689.37127,1116.15496,1373.17155,1.5136,high_pressure_gas_CO2
118.26,31.2136,3.55,2.899,12.24,91.16553,272.06105,157.48838,2.9843,high_pressure_gas_CO2
82.39,0.725,5.51,26.293,0.43,18.63896,38.41793,26.75949,2.0612,conventional_oilfield_range
39.63,11.7962,5.21,2.787,12.47,2.68974,5.82722,3.959,2.1665,high_pressure_gas_CO2
6.24,1.4272,4.65,12.864,17.55,0.38114,3.83499,1.20899,10.062,conventional_oilfield_range
49.79,0.1736,4.48,3.049,16.5,0.31192,2.41659,0.8682,7.7476,conventional_oilfield_range
78.86,0.1477,4.81,9.489,16.84,1.13717,7.31588,2.88434,6.4334,conventional_oilfield_range
148.19,22.218,5.94,16.434,12.14,491.10911,179.61579,297.00328,2.7342,high_pressure_gas_CO2
13.57,0.2939,6.41,143.366,6.39,2.08207,5.54813,3.39876,2.6647,conventional_oilfield_range
78.0,18.0803,4.06,30.117,0.26,122.17566,589.73627,268.42396,4.827,high_pressure_gas_CO2
75.88,2.7959,5.28,25.125,5.33,23.44596,52.00062,34.91711,2.2179,conventional_oilfield_range
30.37,0.9352,5.75,10.295,3.79,1.0798,4.12074,2.1094,3.8162,conventional_oilfield_range
65.06,69.8355,5.59,1.608,14.9,13.56178,17.52147,15.415,1.292,high_pressure_gas_CO2
116.0,1.165,5.66,130.732,5.94,216.45222,192.01005,203.86516,1.1273,conventional_oilfield_range
82.12,88.9804,4.47,36.935,13.09,491.8203,727.96993,598.35641,1.4802,dense_phase_supercritical_CO2
12.04,0.2175,5.06,115.755,15.24,1.14547,8.74754,3.16544,7.6367,conventional_oilfield_range
111.69,2.6852,4.25,3.201,17.29,12.93376,43.17694,23.63134,3.3383,conventional_oilfield_range
46.59,1.8255,6.48,25.841,1.21,6.4686,12.22673,8.89324,1.8902,conventional_oilfield_range
148.54,0.1066,5.33,2.755,14.7,4.2246,6.73253,5.33313,1.5936,conventional_oilfield_range
37.38,2.0033,5.61,2.433,9.7,0.65323,1.93313,1.12374,2.9593,conventional_oilfield_range
41.05,7.5304,5.74,90.859,7.54,37.40792,51.96232,44.08857,1.3891,conventional_oilfield_range
117.73,5.4231,4.23,22.759,17.71,117.06906,380.50958,211.05899,3.2503,conventional_oilfield_range
70.55,1.0399,4.45,82.477,6.74,25.30661,163.57613,64.3394,6.4638,conventional_oilfield_range
143.14,0.2514,4.08,15.262,16.48,17.78862,103.17342,42.84056,5.8,conventional_oilfield_range
44.05,10.7572,6.12,2.071,1.77,4.06661,4.47995,4.26828,1.1016,high_pressure_gas_CO2
102.4,20.8303,5.65,31.419,18.19,147.12688,238.50112,187.32305,1.6211,high_pressure_gas_CO2
143.99,0.566,4.75,56.584,19.05,101.09187,213.1797,146.80169,2.1088,conventional_oilfield_range
8.56,11.3133,4.53,145.249,9.39,18.56189,81.48355,38.89073,4.3898,high_pressure_gas_CO2
105.78,1.7363,3.79,143.298,3.78,257.74103,1507.65313,623.36512,5.8495,conventional_oilfield_range
30.93,5.1968,4.34,47.831,14.25,13.24559,98.03424,36.03499,7.4013,conventional_oilfield_range
37.32,3.3985,5.59,77.048,15.29,16.04575,31.08253,22.33255,1.9371,conventional_oilfield_range
39.89,5.4865,6.1,1.608,10.04,1.18905,1.96928,1.53022,1.6562,conventional_oilfield_range
14.34,4.1445,3.99,14.874,10.6,2.16973,18.44554,6.32628,8.5013,conventional_oilfield_range
42.89,0.1025,6.17,5.694,4.49,0.34276,1.15063,0.62801,3.3569,conventional_oilfield_range
78.24,1.9646,4.07,28.383,17.42,31.66899,109.20552,58.80841,3.4483,conventional_oilfield_range
89.04,18.4089,6.35,6.082,2.01,59.86214,25.85371,39.34029,2.3154,high_pressure_gas_CO2
108.5,9.1777,3.78,2.097,14.78,15.21599,89.2791,36.85743,5.8675,conventional_oilfield_range
30.03,4.1657,6.22,4.816,5.84,1.63471,2.38112,1.97292,1.4566,conventional_oilfield_range
61.06,11.3676,5.07,79.473,10.77,103.59953,265.80382,165.94322,2.5657,high_pressure_gas_CO2
128.4,4.2966,4.03,20.011,13.02,108.29859,498.56244,232.36525,4.6036,conventional_oilfield_range
131.89,0.4369,4.13,7.296,4.88,16.45041,66.22533,33.00658,4.0258,conventional_oilfield_range
11.07,2.5543,5.73,127.425,3.04,8.25732,21.20871,13.23356,2.5685,conventional_oilfield_range
35.09,46.9516,4.43,1.279,16.51,2.63996,14.78306,6.24714,5.5997,high_pressure_gas_CO2
77.44,5.1629,5.4,8.76,19.97,12.36064,27.18392,18.3306,2.1992,conventional_oilfield_range
37.27,98.1016,3.6,112.612,1.22,308.15973,1630.11996,708.75759,5.2899,dense_phase_supercritical_CO2
64.75,20.2214,4.79,138.953,19.42,160.55398,433.18693,263.72312,2.6981,high_pressure_gas_CO2
51.13,0.1649,5.75,14.48,6.63,0.84541,2.64083,1.49418,3.1237,conventional_oilfield_range
142.94,0.2863,6.19,5.834,15.28,9.12027,9.22124,9.17062,1.0111,conventional_oilfield_range
50.27,1.9097,3.61,38.992,15.48,9.67657,75.3686,27.00573,7.7888,conventional_oilfield_range
119.61,0.3532,4.67,1.031,8.38,1.99363,6.69895,3.65448,3.3602,conventional_oilfield_range
42.97,9.558,4.1,63.776,12.49,44.95055,172.84198,88.14387,3.8452,conventional_oilfield_range
134.23,0.2525,4.44,1.439,0.48,2.8442,16.25925,6.80034,5.7166,conventional_oilfield_range
83.93,0.9085,4.91,105.573,16.97,40.91981,132.803,73.71752,3.2454,conventional_oilfield_range
55.63,42.1265,6.23,3.943,17.94,14.28759,7.89181,10.61861,1.8104,high_pressure_gas_CO2
55.25,16.8891,6.04,1.073,1.53,6.11907,4.95897,5.50856,1.2339,high_pressure_gas_CO2
104.62,18.5288,5.35,6.542,3.38,85.44833,95.62825,90.3951,1.1191,high_pressure_gas_CO2
55.18,61.7155,3.59,8.438,8.89,43.08045,272.32321,108.31347,6.3213,high_pressure_gas_CO2
139.86,9.3578,5.83,12.224,1.61,172.66404,181.57726,177.06457,1.0516,conventional_oilfield_range
56.74,16.0926,3.7,16.786,15.99,23.25923,154.06925,59.86262,6.624,high_pressure_gas_CO2
114.29,5.4572,3.97,61.08,3.6,430.96033,1053.02653,673.65619,2.4434,conventional_oilfield_range
15.47,22.8252,4.04,12.813,17.19,4.37532,29.49079,11.3592,6.7403,high_pressure_gas_CO2
127.49,41.5737,5.14,1.826,16.31,56.91617,74.14658,64.9626,1.3027,high_pressure_gas_CO2
53.45,0.1369,4.48,1.331,14.73,0.14198,1.0512,0.38633,7.4036,conventional_oilfield_range
113.73,6.3158,4.2,20.294,4.77,130.78195,663.26987,294.52288,5.0716,conventional_oilfield_range
113.81,1.2477,5.73,2.325,5.01,7.0895,10.66713,8.69624,1.5046,conventional_oilfield_range
146.11,4.8246,5.02,4.102,0.95,105.42984,85.89736,95.16378,1.2274,conventional_oilfield_range
145.57,33.0645,4.95,7.164,5.14,301.13672,356.58367,327.68954,1.1841,high_pressure_gas_CO2
27.38,15.6324,5.77,40.235,0.38,24.70934,42.97736,32.58746,1.7393,high_pressure_gas_CO2
64.58,0.5807,3.79,16.265,13.11,4.42523,31.34963,11.77834,7.0843,conventional_oilfield_range
11.79,0.9078,3.56,132.073,15.08,2.95696,77.96604,15.18363,26.3669,conventional_oilfield_range
128.97,9.6022,4.5,1.149,6.3,16.84512,45.53017,27.69407,2.7029,conventional_oilfield_range
72.66,0.3245,3.68,1.298,5.06,0.57675,8.1746,2.17134,14.1735,conventional_oilfield_range
38.57,0.2097,3.72,1.87,18.79,0.11096,1.7341,0.43866,15.6278,conventional_oilfield_range
34.06,0.5869,4.68,30.121,10.08,2.07939,22.8191,6.88838,10.974,conventional_oilfield_range
62.44,10.5348,4.96,2.837,5.88,7.53248,21.80004,12.81438,2.8941,high_pressure_gas_CO2
59.67,0.1035,3.91,7.192,14.59,0.53869,4.68571,1.58876,8.6983,conventional_oilfield_range
120.26,0.6165,3.94,16.405,10.86,24.88951,162.41114,63.57935,6.5253,conventional_oilfield_range
35.55,8.2837,4.57,73.483,15.81,21.51673,84.84099,42.72587,3.943,conventional_oilfield_range
45.9,0.8287,5.24,48.27,2.34,9.70582,29.21299,16.83853,3.0098,conventional_oilfield_range
117.25,0.9679,6.42,6.497,13.8,10.19187,10.71761,10.45143,1.0516,conventional_oilfield_range
142.34,63.9682,4.15,40.883,8.55,1635.69449,4149.63431,2605.28962,2.5369,high_pressure_gas_CO2
71.69,0.2808,6.0,16.011,4.97,3.85926,8.51969,5.73409,2.2076,conventional_oilfield_range
43.81,6.7522,6.14,13.213,15.12,7.70694,10.39113,8.94896,1.3483,conventional_oilfield_range
95.5,85.9476,4.22,6.28,14.81,150.61332,257.45972,196.91842,1.7094,dense_phase_supercritical_CO2
80.68,4.0916,4.54,2.475,16.12,6.02135,12.11671,8.5416,2.0123,conventional_oilfield_range
47.09,39.3757,3.78,3.57,16.19,7.07945,52.25411,19.23357,7.3811,high_pressure_gas_CO2
71.02,0.9708,5.68,2.747,17.39,1.19017,2.94252,1.87139,2.4723,conventional_oilfield_range
44.94,5.8263,5.35,17.917,8.34,8.82041,24.48517,14.69589,2.776,conventional_oilfield_range
57.87,23.7449,6.43,5.395,9.59,13.60546,12.47599,13.02849,1.0905,high_pressure_gas_CO2
18.64,61.4314,5.49,48.173,5.02,40.07278,86.55021,58.89234,2.1598,high_pressure_gas_CO2
135.07,4.2102,6.05,18.338,18.45,75.6136,70.68805,73.10936,1.0697,conventional_oilfield_range
47.53,0.2131,5.52,126.743,6.28,6.15672,21.95052,11.62512,3.5653,conventional_oilfield_range
36.11,2.6388,5.64,2.247,2.08,0.92825,1.88314,1.32213,2.0287,conventional_oilfield_range
78.41,9.6664,5.91,29.795,8.49,94.53118,68.28478,80.34327,1.3844,conventional_oilfield_range
61.14,3.3029,4.04,7.809,6.16,7.93771,46.96571,19.30804,5.9168,conventional_oilfield_range
83.01,0.9896,6.49,99.062,8.39,54.46896,44.76897,49.38136,1.2167,conventional_oilfield_range
26.08,0.9618,4.93,2.227,16.64,0.20297,1.18233,0.48988,5.825,conventional_oilfield_range
116.68,33.1283,4.0,11.681,11.24,198.76431,524.4016,322.85031,2.6383,high_pressure_gas_CO2
58.22,8.8221,4.27,119.89,11.65,88.65525,384.69936,184.67706,4.3393,conventional_oilfield_range
97.54,0.7527,5.66,5.709,19.99,4.76883,5.20686,4.98303,1.0919,conventional_oilfield_range
33.03,13.7971,3.69,53.649,4.29,36.36775,253.0191,95.92568,6.9572,high_pressure_gas_CO2
81.79,1.2742,4.71,11.886,9.86,12.50674,44.57477,23.61112,3.5641,conventional_oilfield_range
126.02,0.5832,5.63,69.825,5.42,94.47191,145.03977,117.05633,1.5353,conventional_oilfield_range
113.22,0.6534,5.85,6.372,0.9,12.478,23.10881,16.98092,1.852,conventional_oilfield_range
22.84,15.1271,4.44,48.704,8.89,22.722,92.90476,45.94542,4.0888,high_pressure_gas_CO2
89.73,3.7339,3.98,39.357,10.07,87.06983,280.60837,156.30907,3.2228,conventional_oilfield_range
49.3,2.2927,4.12,3.818,19.9,1.32186,7.60154,3.16988,5.7506,conventional_oilfield_range
112.42,0.2803,6.09,1.778,17.05,1.83264,1.79193,1.81217,1.0227,conventional_oilfield_range
33.26,1.7106,5.39,81.007,19.84,4.68955,25.52304,10.94037,5.4425,conventional_oilfield_range
78.77,32.1689,6.01,33.741,18.8,155.4994,97.88856,123.3759,1.5885,high_pressure_gas_CO2
101.69,53.6239,6.23,67.119,6.45,1310.83417,445.09832,763.83905,2.945,high_pressure_gas_CO2
25.72,8.7635,5.27,53.998,13.86,12.4146,38.48309,21.85755,3.0998,conventional_oilfield_range
51.95,13.9363,3.51,24.111,9.51,41.42312,220.61743,95.59635,5.3259,high_pressure_gas_CO2
42.29,77.453,3.97,6.613,15.87,22.24602,90.78762,44.94066,4.0811,dense_phase_supercritical_CO2
135.56,1.6867,4.69,11.897,7.04,27.76415,152.05798,64.97507,5.4768,conventional_oilfield_range
68.48,93.7212,6.14,17.893,14.13,137.4058,78.12302,103.60771,1.7588,dense_phase_supercritical_CO2
67.35,16.7443,4.48,7.819,15.94,17.07687,125.03272,46.20787,7.3218,high_pressure_gas_CO2
71.49,5.1099,5.32,1.125,5.88,2.41185,5.71072,3.71125,2.3678,conventional_oilfield_range
75.63,14.3836,4.89,1.972,17.29,8.77746,14.15192,11.14531,1.6123,high_pressure_gas_CO2
25.86,1.1046,4.24,1.433,12.81,0.24522,1.76098,0.65713,7.1813,conventional_oilfield_range
51.19,0.8452,4.76,84.637,2.52,11.69564,89.7141,32.39234,7.6707,conventional_oilfield_range
60.67,2.5245,6.17,2.202,13.07,1.71973,1.88012,1.79814,1.0933,conventional_oilfield_range
8.11,12.0535,3.82,35.082,14.06,7.17162,57.98556,20.39241,8.0854,high_pressure_gas_CO2
61.97,0.1563,4.27,33.627,17.42,2.13067,20.42696,6.59721,9.5871,conventional_oilfield_range
24.58,23.927,5.52,59.523,14.24,23.44845,60.53087,37.67433,2.5814,high_pressure_gas_CO2
145.67,0.7235,3.51,3.235,12.7,11.63305,106.7249,35.23544,9.1743,conventional_oilfield_range
99.53,11.88,4.74,16.979,4.43,119.64711,269.03915,179.41504,2.2486,high_pressure_gas_CO2
145.12,17.2283,6.24,10.348,13.31,194.19241,150.89693,171.1813,1.2869,high_pressure_gas_CO2
39.77,79.6248,3.6,5.303,4.49,25.07595,147.3033,60.7764,5.8743,dense_phase_supercritical_CO2
121.94,37.3055,5.77,96.815,11.2,1469.82214,1160.56835,1306.07391,1.2665,high_pressure_gas_CO2
58.98,1.6838,4.45,1.163,0.22,1.10297,4.41325,2.20629,4.0012,conventional_oilfield_range
147.36,0.106,6.39,2.19,18.93,2.44656,2.15839,2.29796,1.1335,conventional_oilfield_range
76.44,24.7474,4.37,1.887,3.82,20.76829,42.99644,29.88247,2.0703,high_pressure_gas_CO2
126.42,79.7898,5.14,8.8,3.47,640.84921,425.14735,521.97255,1.5074,dense_phase_supercritical_CO2
91.52,41.9535,4.24,8.663,0.7,125.65722,309.93284,197.34563,2.4665,high_pressure_gas_CO2
55.15,1.2549,4.95,45.373,11.75,11.31085,31.91996,19.0011,2.8221,conventional_oilfield_range
57.67,39.6276,4.1,81.191,5.01,230.45773,958.92345,470.09715,4.161,high_pressure_gas_CO2
146.99,2.3069,4.09,46.261,5.02,329.74803,843.50181,527.3927,2.558,conventional_oilfield_range
7.88,0.1579,6.48,8.332,3.19,0.12665,0.39757,0.22439,3.1392,conventional_oilfield_range
115.68,1.5493,5.55,1.47,2.97,6.01974,6.61296,6.30938,1.0985,conventional_oilfield_range
116.65,0.5556,5.94,1.894,13.5,3.12656,5.83577,4.27152,1.8665,conventional_oilfield_range
70.2,16.7643,5.03,135.85,0.05,339.72085,886.76945,548.86617,2.6103,high_pressure_gas_CO2
29.33,14.5085,3.72,16.408,5.45,11.36442,72.78323,28.76003,6.4045,high_pressure_gas_CO2
132.56,9.4382,4.24,46.92,18.97,256.07124,801.50669,453.03732,3.13,conventional_oilfield_range
130.36,15.2132,5.7,1.819,2.72,50.57332,43.7923,47.06083,1.1548,high_pressure_gas_CO2
114.34,6.3741,3.52,1.074,17.03,7.89225,57.65872,21.33206,7.3057,conventional_oilfield_range
90.95,41.483,4.49,26.546,19.79,203.77172,403.20286,286.638,1.9787,high_pressure_gas_CO2
7.33,0.4466,5.64,1.134,19.88,0.02156,0.12015,0.05089,5.5735,conventional_oilfield_range
105.76,47.8138,4.52,136.329,14.2,1235.96625,3208.57935,1991.40548,2.596,high_pressure_gas_CO2
109.5,9.3729,5.93,19.353,0.76,165.56433,136.49263,150.32735,1.213,conventional_oilfield_range
39.21,0.1605,4.73,7.993,6.07,0.49389,3.45839,1.30693,7.0024,conventional_oilfield_range
97.27,0.3036,6.37,4.289,8.6,2.35372,3.38759,2.82373,1.4392,conventional_oilfield_range
42.45,3.2897,3.95,31.013,14.54,6.40361,60.44206,19.67351,9.4388,conventional_oilfield_range
62.5,0.2993,4.87,57.526,12.44,7.5972,24.07715,13.52475,3.1692,conventional_oilfield_range
43.2,50.6245,5.67,20.095,16.94,28.27514,57.45636,40.30616,2.032,high_pressure_gas_CO2
26.55,0.5421,3.74,68.451,14.9,1.84851,55.56071,10.13433,30.057,conventional_oilfield_range
56.32,14.0056,6.12,44.842,7.81,45.74386,64.08169,54.14189,1.4009,high_pressure_gas_CO2
79.28,0.1948,3.57,135.679,12.47,18.78773,190.72997,59.86137,10.1518,conventional_oilfield_range
139.43,5.1219,5.76,4.291,2.01,65.13361,58.63971,61.80142,1.1107,conventional_oilfield_range
60.91,42.356,5.62,16.839,6.46,78.60642,77.55359,78.07823,1.0136,high_pressure_gas_CO2
23.43,0.4768,4.92,2.097,5.42,0.1542,0.65067,0.31675,4.2197,conventional_oilfield_range
138.03,1.4343,3.78,2.544,1.97,19.16977,128.97912,49.72424,6.7283,conventional_oilfield_range
57.79,33.0633,5.84,11.649,6.41,36.51315,49.56818,42.54281,1.3575,high_pressure_gas_CO2
6.93,0.9305,5.01,17.978,6.25,0.80134,4.11515,1.81594,5.1353,conventional_oilfield_range
58.5,7.9518,6.28,67.419,13.51,45.52179,53.98767,49.57434,1.186,conventional_oilfield_range
86.87,60.7614,3.87,2.367,8.67,39.2317,165.15728,80.49473,4.2098,high_pressure_gas_CO2
33.44,1.2923,6.25,7.991,2.84,1.18911,2.82885,1.83407,2.379,conventional_oilfield_range
25.13,1.7497,4.21,56.802,9.4,5.46423,53.94083,17.16814,9.8716,conventional_oilfield_range
82.2,6.9034,5.32,43.422,6.89,72.57317,250.95941,134.95525,3.458,conventional_oilfield_range
126.08,29.0786,5.84,1.178,18.1,36.09193,15.21303,23.43219,2.3724,high_pressure_gas_CO2
127.44,48.0896,3.55,74.711,9.94,1733.89672,5771.86119,3163.51248,3.3288,high_pressure_gas_CO2
23.84,0.7738,6.1,1.093,14.98,0.09242,0.20101,0.1363,2.175,conventional_oilfield_range
43.78,0.4673,4.59,2.915,1.91,0.65718,3.03397,1.41205,4.6166,conventional_oilfield_range
106.0,7.3089,3.59,2.966,19.0,15.87263,76.89565,34.93618,4.8445,conventional_oilfield_range
81.65,32.6541,5.75,126.715,17.13,362.08639,307.44559,333.64931,1.1777,high_pressure_gas_CO2
66.19,2.8778,5.73,10.575,12.92,9.02558,14.31421,11.36635,1.586,conventional_oilfield_range
139.37,0.1731,6.12,4.391,11.03,4.74202,6.41672,5.51618,1.3532,conventional_oilfield_range
72.9,4.7144,4.68,52.995,12.85,42.11435,187.30697,88.81617,4.4476,conventional_oilfield_range
118.95,18.147,5.43,2.57,18.66,41.03684,35.0911,37.9477,1.1694,high_pressure_gas_CO2
52.05,5.9487,6.32,1.915,5.27,2.22197,3.39794,2.74775,1.5292,conventional_oilfield_range
74.15,20.4121,4.87,3.539,8.92,18.65883,44.02611,28.6614,2.3595,high_pressure_gas_CO2
20.46,25.9165,5.08,5.613,1.86,5.78573,13.74813,8.91869,2.3762,high_pressure_gas_CO2
49.81,96.7926,4.18,6.661,10.62,32.18566,112.73089,60.23552,3.5025,dense_phase_supercritical_CO2
116.05,2.9347,6.0,79.455,3.53,270.12458,167.54824,212.74139,1.6122,conventional_oilfield_range
120.39,0.7179,4.49,31.426,13.84,32.27833,126.4221,63.88031,3.9166,conventional_oilfield_range
58.43,3.2278,5.28,9.395,9.5,8.56401,14.48662,11.13838,1.6916,conventional_oilfield_range
143.07,30.7734,5.55,2.436,6.81,159.1099,114.91756,135.22027,1.3846,high_pressure_gas_CO2
26.78,83.1854,4.45,7.697,17.04,11.3708,32.444,19.20714,2.8533,dense_phase_liquid_CO2
73.76,70.9194,4.73,140.652,12.9,553.88661,1303.24043,849.61604,2.3529,high_pressure_gas_CO2
80.37,19.2816,5.05,8.822,14.35,40.7735,64.31815,51.21012,1.5774,high_pressure_gas_CO2
37.6,5.2793,5.36,4.289,12.74,2.77468,5.34427,3.8508,1.9261,conventional_oilfield_range
107.12,0.1563,5.64,5.366,8.76,2.92116,7.72733,4.75108,2.6453,conventional_oilfield_range
144.38,0.1429,5.36,10.055,9.89,9.82981,22.48643,14.86732,2.2876,conventional_oilfield_range
102.83,3.2775,5.85,6.682,16.61,15.92707,29.72186,21.75735,1.8661,conventional_oilfield_range
141.83,43.0107,5.54,17.41,14.16,496.19677,394.27595,442.31036,1.2585,high_pressure_gas_CO2
122.46,24.1487,3.56,15.745,12.9,270.49459,1024.11113,526.32359,3.7861,high_pressure_gas_CO2
112.64,0.3418,5.95,28.393,11.92,16.89697,29.33439,22.26347,1.7361,conventional_oilfield_range
51.66,0.9334,4.52,3.559,11.65,1.05943,5.74872,2.46787,5.4262,conventional_oilfield_range
106.4,2.1673,5.4,50.951,19.82,83.59263,109.63555,95.73257,1.3115,conventional_oilfield_range
5.23,0.6245,6.32,13.193,9.67,0.33763,0.93891,0.56303,2.7809,conventional_oilfield_range
30.3,37.4476,6.2,4.341,19.52,4.05434,3.08793,3.53829,1.313,high_pressure_gas_CO2
66.41,12.9215,3.89,4.438,10.33,16.88115,46.38183,27.98176,2.7476,high_pressure_gas_CO2
55.07,2.3438,5.26,2.177,6.64,1.82531,5.10094,3.05136,2.7946,conventional_oilfield_range
136.96,0.414,6.33,5.161,18.89,6.15859,7.4302,6.76458,1.2065,conventional_oilfield_range
103.58,3.1126,4.14,92.352,15.74,186.04514,769.57364,378.3853,4.1365,conventional_oilfield_range
116.51,3.9455,4.95,1.272,13.31,11.55223,16.92946,13.98474,1.4655,conventional_oilfield_range
90.59,6.2776,4.27,10.555,9.55,29.20412,102.24489,54.64405,3.501,conventional_oilfield_range
31.44,3.3886,6.37,7.917,18.81,2.11845,2.17939,2.1487,1.0288,conventional_oilfield_range
74.8,0.6203,4.68,85.318,19.59,14.66432,67.24878,31.40314,4.5859,conventional_oilfield_range
101.93,2.6528,5.88,89.942,15.0,96.1971,150.36485,120.26912,1.5631,conventional_oilfield_range
29.69,20.1437,4.6,8.335,13.13,6.59716,43.49184,16.93879,6.5925,high_pressure_gas_CO2
12.31,0.289,5.77,6.948,19.78,0.1354,0.45056,0.247,3.3275,conventional_oilfield_range
25.94,1.2224,5.1,38.32,17.79,2.07613,11.33696,4.8515,5.4606,conventional_oilfield_range
6.53,81.0505,5.78,42.036,13.22,23.10961,42.65205,31.39542,1.8456,dense_phase_liquid_CO2
99.61,0.7809,4.88,6.918,18.95,4.67582,20.3502,9.75468,4.3522,conventional_oilfield_range
141.24,0.355,4.64,3.685,13.95,7.48863,21.33611,12.64034,2.8491,conventional_oilfield_range
63.71,62.5326,3.82,17.666,3.52,148.22306,482.54266,267.43962,3.2555,high_pressure_gas_CO2
62.2,0.784,4.17,77.221,0.76,19.35445,191.00545,60.80136,9.8688,conventional_oilfield_range
126.34,1.5127,6.48,2.977,0.33,15.32894,9.67402,12.17754,1.5845,conventional_oilfield_range
26.04,59.8057,5.88,1.31,13.58,2.45426,3.29835,2.84517,1.3439,high_pressure_gas_CO2
79.01,40.7738,6.4,57.84,16.94,306.72125,145.99282,211.61073,2.1009,high_pressure_gas_CO2
136.88,0.211,4.11,26.5,15.3,23.56301,111.42337,51.23934,4.7287,conventional_oilfield_range
140.17,15.4316,5.75,145.268,12.62,1529.73362,1107.57712,1301.65201,1.3812,high_pressure_gas_CO2
28.21,58.3097,6.16,46.305,11.91,41.70273,43.99685,42.83444,1.055,high_pressure_gas_CO2
68.9,2.5494,3.68,6.089,10.34,4.67932,40.92329,13.8381,8.7456,conventional_oilfield_range
73.76,90.5887,5.58,100.429,7.68,829.2681,468.98548,623.63026,1.7682,dense_phase_supercritical_CO2
52.22,12.9244,4.05,61.51,9.57,71.42175,343.69755,156.67636,4.8122,high_pressure_gas_CO2
40.86,21.2712,5.98,2.895,2.57,5.4435,7.06886,6.20317,1.2986,high_pressure_gas_CO2
123.23,1.8284,3.97,3.495,15.16,14.15927,52.37907,27.23324,3.6993,conventional_oilfield_range
57.16,2.7931,5.58,41.146,19.82,12.86668,27.39296,18.77382,2.129,conventional_oilfield_range
95.68,1.3281,5.67,5.869,8.27,11.05921,15.67345,13.16571,1.4172,conventional_oilfield_range
148.22,1.241,5.17,2.191,4.4,13.24243,37.45837,22.27195,2.8287,conventional_oilfield_range
105.17,0.9322,4.97,1.138,19.77,1.74282,4.67834,2.85544,2.6844,conventional_oilfield_range
101.7,20.1065,5.14,78.108,3.55,822.68405,718.07626,768.60255,1.1457,high_pressure_gas_CO2
56.74,0.2699,6.06,14.033,9.96,1.33696,4.69011,2.5041,3.508,conventional_oilfield_range
55.86,52.0416,5.45,4.503,18.86,13.73132,25.41947,18.68269,1.8512,high_pressure_gas_CO2
128.32,3.137,4.74,29.566,6.42,137.81477,343.8479,217.68629,2.495,conventional_oilfield_range
80.39,0.2033,3.53,125.812,19.97,17.36427,153.47513,51.62349,8.8386,conventional_oilfield_range
12.15,4.355,6.3,11.09,8.06,1.30445,3.83821,2.23758,2.9424,conventional_oilfield_range
55.84,0.1193,5.53,15.187,13.01,0.94096,3.52831,1.82209,3.7497,conventional_oilfield_range
5.22,51.6939,5.17,30.247,8.41,9.58576,30.45591,17.08634,3.1772,high_pressure_gas_CO2
42.7,3.1524,3.74,2.895,10.63,1.52859,10.99811,4.1002,7.1949,conventional_oilfield_range
66.88,0.3816,4.65,23.969,7.77,4.18918,39.25191,12.82315,9.3698,conventional_oilfield_range
38.93,28.2954,4.83,41.541,8.17,53.13132,215.37795,106.97343,4.0537,high_pressure_gas_CO2
88.69,38.1819,3.97,76.382,13.85,524.87445,1479.98172,881.36518,2.8197,high_pressure_gas_CO2
21.59,59.5127,4.53,2.481,9.7,4.36352,21.12496,9.60099,4.8413,high_pressure_gas_CO2
77.32,0.7327,4.44,5.049,3.29,3.55673,18.13566,8.03142,5.099,conventional_oilfield_range
136.7,0.1027,4.92,43.196,0.53,19.91358,105.30564,45.79314,5.2881,conventional_oilfield_range
86.73,0.3101,3.73,5.935,11.75,1.54576,27.62937,6.53516,17.8743,conventional_oilfield_range
64.41,0.1117,5.1,41.071,6.34,3.93812,18.35891,8.50291,4.6619,conventional_oilfield_range
68.67,0.7836,6.43,3.195,8.72,1.81436,2.34656,2.06337,1.2933,conventional_oilfield_range
81.66,1.1226,4.85,4.483,14.95,3.37274,10.19204,5.86303,3.0219,conventional_oilfield_range
99.91,1.2207,3.85,1.764,12.63,2.15441,18.87113,6.37621,8.7593,conventional_oilfield_range
43.27,23.8747,5.3,7.069,18.38,9.357,21.9376,14.32725,2.3445,high_pressure_gas_CO2
31.26,2.7332,4.93,11.268,4.74,2.80152,11.79947,5.74948,4.2118,conventional_oilfield_range
37.23,0.6645,4.87,6.359,18.05,0.84429,3.88863,1.81194,4.6058,conventional_oilfield_range
95.02,60.7182,5.77,64.838,9.38,665.97924,658.42158,662.18963,1.0115,high_pressure_gas_CO2
101.98,35.0777,4.16,38.866,16.28,480.54051,999.31179,692.97171,2.0796,high_pressure_gas_CO2
138.13,0.9355,3.54,4.205,14.79,11.89802,99.55408,34.41651,8.3673,conventional_oilfield_range
84.83,0.7131,4.47,17.157,11.43,8.97024,67.77163,24.65619,7.5552,conventional_oilfield_range
47.12,0.2383,5.47,78.093,2.06,6.42444,23.94632,12.4033,3.7274,conventional_oilfield_range
40.81,44.6722,3.67,135.022,8.13,191.35539,1389.50361,515.64426,7.2614,high_pressure_gas_CO2
119.76,42.6921,4.61,113.806,6.28,2543.61724,2903.40976,2717.56566,1.1414,high_pressure_gas_CO2
83.55,5.14,6.49,2.19,3.72,7.70484,4.44824,5.85431,1.7321,conventional_oilfield_range
137.85,3.7674,5.18,45.955,6.5,237.10057,459.27484,329.99141,1.937,conventional_oilfield_range
85.04,21.6174,5.86,138.605,9.3,611.73351,435.1238,515.92617,1.4059,high_pressure_gas_CO2
90.26,2.5503,4.16,24.852,10.31,37.16084,204.95632,87.2717,5.5154,conventional_oilfield_range
60.8,0.1207,5.0,17.339,9.97,1.62873,4.97827,2.8475,3.0565,conventional_oilfield_range
146.53,23.5988,5.76,31.121,5.85,1240.43979,587.80841,853.8975,2.1103,high_pressure_gas_CO2
69.34,0.2639,4.7,113.957,17.89,10.33276,36.43817,19.40379,3.5265,conventional_oilfield_range
112.36,11.45,3.55,9.133,4.63,118.49351,709.45361,289.94077,5.9873,high_pressure_gas_CO2
63.69,0.2774,5.05,5.651,7.72,1.5052,5.06542,2.76124,3.3653,conventional_oilfield_range
102.25,16.3496,4.78,1.834,9.18,21.11011,53.49587,33.60511,2.5341,high_pressure_gas_CO2
126.82,74.4259,6.34,9.172,5.56,422.91974,146.72307,249.10255,2.8824,dense_phase_supercritical_CO2
108.92,5.9011,6.04,15.978,13.41,91.95653,54.10366,70.53499,1.6996,conventional_oilfield_range
49.1,3.0516,5.64,46.164,13.81,16.36327,26.00191,20.62708,1.589,conventional_oilfield_range
112.54,1.038,5.38,2.036,10.43,6.88075,6.62238,6.75033,1.039,conventional_oilfield_range
9.82,2.2925,5.59,1.128,1.64,0.17086,0.60618,0.32183,3.5477,conventional_oilfield_range
92.87,2.2146,3.69,1.904,2.14,5.21636,41.62437,14.73526,7.9796,conventional_oilfield_range
70.24,0.1214,6.29,11.276,18.89,1.14676,1.69371,1.39366,1.477,conventional_oilfield_range
87.53,27.7119,5.81,1.75,19.57,14.46545,10.90692,12.56079,1.3263,high_pressure_gas_CO2
17.25,2.6266,4.94,1.013,17.73,0.13734,0.61314,0.29019,4.4643,conventional_oilfield_range
125.19,3.8685,5.09,1.182,11.19,9.89639,14.47012,11.9667,1.4622,conventional_oilfield_range
146.78,1.8843,6.3,13.262,2.47,86.43623,65.08893,75.00694,1.328,conventional_oilfield_range
62.23,1.0184,4.74,107.929,9.5,20.07879,156.06506,55.97855,7.7726,conventional_oilfield_range
86.8,2.2218,4.23,97.494,15.82,70.1082,474.81663,182.45148,6.7726,conventional_oilfield_range
51.18,17.185,5.42,85.724,9.63,90.35808,144.51546,114.27222,1.5994,high_pressure_gas_CO2
6.73,0.131,4.48,62.438,14.98,0.30357,4.09131,1.11446,13.4771,conventional_oilfield_range
84.48,0.1195,5.12,4.974,6.51,1.0914,4.99392,2.3346,4.5757,conventional_oilfield_range
75.24,0.7514,4.58,10.678,2.98,5.7124,28.63289,12.78915,5.0124,conventional_oilfield_range
141.47,0.112,4.36,6.38,15.78,4.73148,16.34107,8.79304,3.4537,conventional_oilfield_range
48.93,0.5421,4.72,1.071,13.42,0.18802,1.50613,0.53215,8.0105,conventional_oilfield_range
21.61,1.0711,4.6,6.794,8.73,0.62671,5.24274,1.81264,8.3655,conventional_oilfield_range
107.17,2.0958,5.46,1.253,0.83,6.65445,8.09211,7.33816,1.216,conventional_oilfield_range
48.63,70.2893,5.16,1.994,12.52,15.02288,17.97934,16.43476,1.1968,high_pressure_gas_CO2
87.75,11.0997,6.28,6.864,12.14,29.66323,23.81643,26.57955,1.2455,high_pressure_gas_CO2
68.38,1.1088,5.59,88.916,16.49,35.20499,43.29325,39.04021,1.2297,conventional_oilfield_range
37.66,9.2522,4.13,2.974,5.86,3.11091,18.69134,7.62542,6.0083,conventional_oilfield_range
57.61,20.5895,6.25,1.628,0.77,7.32239,5.20712,6.17483,1.4062,high_pressure_gas_CO2
14.37,19.4774,4.39,25.052,3.68,9.6095,72.14108,26.32945,7.5073,high_pressure_gas_CO2
118.6,7.7986,5.63,7.472,4.96,59.60952,61.08705,60.34376,1.0248,conventional_oilfield_range
110.8,0.6019,4.14,94.213,14.2,85.39156,351.11387,173.15358,4.1118,conventional_oilfield_range
131.58,14.8874,6.1,15.248,14.73,192.9362,120.2928,152.34447,1.6039,high_pressure_gas_CO2
50.85,0.8031,5.56,6.596,14.77,1.72159,3.89157,2.58838,2.2604,conventional_oilfield_range
142.06,0.4288,4.99,1.072,11.8,4.8491,7.48515,6.02464,1.5436,conventional_oilfield_range
145.6,75.4642,6.23,1.673,17.87,139.23587,60.59575,91.8537,2.2978,dense_phase_supercritical_CO2
47.64,6.4301,5.54,15.696,7.3,13.72843,25.26758,18.62483,1.8405,conventional_oilfield_range
42.86,1.6849,6.49,6.375,4.63,2.38328,3.01197,2.67925,1.2638,conventional_oilfield_range
66.15,0.2408,4.71,12.283,7.89,2.17937,10.69961,4.82892,4.9095,conventional_oilfield_range
114.61,45.6182,4.56,12.136,14.91,215.47078,380.78826,286.44152,1.7672,high_pressure_gas_CO2
45.61,0.1292,3.68,16.884,10.11,0.8285,12.54032,3.22331,15.1361,conventional_oilfield_range
136.04,9.0383,3.77,5.408,9.92,90.75481,315.6553,169.25495,3.4781,conventional_oilfield_range
45.27,1.4059,6.33,1.512,16.69,0.47729,0.52733,0.50168,1.1048,conventional_oilfield_range
135.01,0.9975,6.04,3.726,2.1,18.61255,18.78577,18.69896,1.0093,conventional_oilfield_range
145.44,11.1317,5.0,23.833,11.99,411.41288,372.97561,391.72308,1.1031,high_pressure_gas_CO2
46.44,90.7971,4.27,27.284,16.79,82.3328,235.48694,139.24187,2.8602,dense_phase_supercritical_CO2
36.78,15.5196,4.89,1.25,11.9,1.38179,5.12405,2.66089,3.7083,high_pressure_gas_CO2
8.03,0.3699,5.14,2.621,4.93,0.07226,0.63325,0.21391,8.7639,conventional_oilfield_range
28.89,49.758,5.95,28.723,0.05,45.90195,44.36606,45.12747,1.0346,high_pressure_gas_CO2
103.0,0.857,4.28,45.723,5.41,50.70539,184.00015,96.59089,3.6288,conventional_oilfield_range
22.98,1.14,4.35,5.11,6.83,0.63425,5.30704,1.83466,8.3674,conventional_oilfield_range
123.5,1.9531,3.96,1.556,10.67,11.55394,32.77419,19.45948,2.8366,conventional_oilfield_range
57.21,0.1649,3.53,28.28,5.46,3.479,58.19895,14.22933,16.7287,conventional_oilfield_range
57.49,0.2655,4.94,1.034,8.04,0.18175,1.06653,0.44028,5.8681,conventional_oilfield_range
79.03,0.6631,6.13,101.811,13.94,24.32454,42.97411,32.33149,1.7667,conventional_oilfield_range
26.94,0.3668,4.42,32.095,3.69,1.29041,12.58299,4.02954,9.7512,conventional_oilfield_range
140.76,15.8456,4.24,7.674,3.17,223.50422,558.51067,353.31217,2.4989,high_pressure_gas_CO2
64.37,2.2206,6.25,8.605,5.83,8.02848,7.16938,7.58678,1.1198,conventional_oilfield_range
78.46,3.3581,3.87,24.036,5.86,23.85858,277.74275,81.4036,11.6412,conventional_oilfield_range
97.82,2.3627,4.38,31.102,19.51,36.10768,179.12427,80.4224,4.9608,conventional_oilfield_range
33.11,0.1655,4.75,5.678,17.7,0.2304,2.03795,0.68524,8.8452,conventional_oilfield_range
110.51,45.0233,4.73,3.691,16.3,81.91968,121.43632,99.73978,1.4824,high_pressure_gas_CO2
104.58,0.4895,5.45,89.781,12.92,49.10365,108.47523,72.98308,2.2091,conventional_oilfield_range
32.75,1.5506,6.21,35.296,4.13,6.31307,10.46765,8.12915,1.6581,conventional_oilfield_range
7.15,0.537,3.62,2.827,13.61,0.08509,2.04038,0.41668,23.9781,conventional_oilfield_range
99.86,24.3482,5.49,85.167,1.92,887.18558,749.86879,815.64255,1.1831,high_pressure_gas_CO2
45.53,28.4062,3.97,8.343,10.75,21.48447,64.6192,37.26002,3.0077,high_pressure_gas_CO2
37.2,3.8505,5.58,97.707,12.89,19.56963,52.04254,31.91322,2.6594,conventional_oilfield_range
21.0,0.6731,6.16,88.233,11.27,2.93459,7.39938,4.65984,2.5214,conventional_oilfield_range
75.28,0.6029,3.76,4.909,16.07,2.38981,18.71361,6.68745,7.8306,conventional_oilfield_range
66.81,3.1646,6.04,3.257,7.6,5.09696,5.5912,5.33837,1.097,conventional_oilfield_range
142.83,1.7029,6.47,2.398,2.87,23.9075,10.45233,15.80788,2.2873,conventional_oilfield_range
97.67,0.2486,6.3,122.266,2.1,48.02128,30.40411,38.21052,1.5794,conventional_oilfield_range
26.23,74.9656,4.78,24.852,18.86,27.07553,62.59082,41.16648,2.3117,dense_phase_liquid_CO2
143.54,0.2377,3.68,4.257,1.55,11.66465,53.01716,24.86819,4.5451,conventional_oilfield_range
134.05,3.085,5.45,7.226,14.18,46.76041,51.91877,49.27213,1.1103,conventional_oilfield_range
86.83,6.8448,5.43,2.513,19.12,6.38962,10.72292,8.2774,1.6782,conventional_oilfield_range
59.25,87.4701,4.14,15.92,15.26,63.44338,241.04307,123.6632,3.7993,dense_phase_supercritical_CO2
140.26,0.2193,3.63,119.013,9.42,102.58298,937.19617,310.06512,9.136,conventional_oilfield_range
146.18,0.1771,4.34,2.693,0.36,4.79968,22.40605,10.37024,4.6682,conventional_oilfield_range
143.34,0.1198,3.66,69.171,14.78,32.52225,360.10235,108.21893,11.0725,conventional_oilfield_range
10.74,0.1052,4.03,26.227,5.69,0.23139,6.99433,1.27218,30.227,conventional_oilfield_range
134.46,2.2215,5.07,14.541,10.59,75.09801,138.12618,101.84793,1.8393,conventional_oilfield_range
71.97,3.9705,6.17,110.655,3.05,115.39152,100.35232,107.60951,1.1499,conventional_oilfield_range
24.6,2.2937,5.54,125.287,6.56,14.83563,39.30325,24.14723,2.6492,conventional_oilfield_range
102.26,10.6639,5.15,117.183,17.86,253.4823,560.56164,376.95153,2.2114,high_pressure_gas_CO2
47.29,8.3686,5.02,7.488,6.23,7.01653,19.96666,11.83624,2.8457,conventional_oilfield_range
12.56,2.6709,5.39,64.05,3.47,6.92764,18.81823,11.41779,2.7164,conventional_oilfield_range
36.42,1.7111,5.3,13.76,9.56,2.04533,13.46444,5.24778,6.583,conventional_oilfield_range
99.19,8.8099,4.34,99.517,10.88,278.72764,934.82707,510.45288,3.3539,conventional_oilfield_range
6.97,16.79,5.74,128.617,12.34,20.42189,42.24726,29.37293,2.0687,high_pressure_gas_CO2
69.35,0.2719,5.39,1.477,4.54,0.44609,1.9282,0.92744,4.3224,conventional_oilfield_range
77.55,0.7051,4.13,1.735,15.15,0.9662,5.68521,2.34372,5.8841,conventional_oilfield_range
43.37,0.2221,3.75,7.636,1.81,0.64488,9.61805,2.49049,14.9144,conventional_oilfield_range
138.59,0.4231,4.06,70.462,8.7,132.48488,474.09404,250.61981,3.5785,conventional_oilfield_range
60.57,11.4743,4.12,142.449,14.86,153.01457,703.93408,328.19532,4.6004,high_pressure_gas_CO2
126.49,0.4788,3.85,1.606,1.05,4.14612,27.71266,10.71914,6.684,conventional_oilfield_range
20.28,0.1554,3.76,9.48,12.04,0.16428,3.58342,0.76726,21.8128,conventional_oilfield_range
138.58,0.5625,4.5,1.736,13.32,5.00566,17.44241,9.34403,3.4845,conventional_oilfield_range
15.67,48.7486,3.53,67.794,15.14,26.77266,373.09035,99.94309,13.9355,high_pressure_gas_CO2
120.7,0.4992,4.57,55.778,19.95,35.06318,162.69232,75.52821,4.64,conventional_oilfield_range
73.42,1.9797,4.58,3.749,4.8,5.20127,17.80227,9.62259,3.4227,conventional_oilfield_range
31.93,61.005,5.08,44.413,9.58,73.77482,150.80036,105.47639,2.0441,high_pressure_gas_CO2
52.35,1.8633,4.01,18.389,19.34,4.31061,42.69106,13.56557,9.9037,conventional_oilfield_range
69.35,0.1752,4.4,1.246,9.42,0.26446,2.1545,0.75484,8.1468,conventional_oilfield_range
23.63,3.0759,5.55,105.608,16.94,6.87387,27.04403,13.63441,3.9343,conventional_oilfield_range
116.42,0.3088,6.46,4.869,9.29,6.45782,4.2625,5.24656,1.515,conventional_oilfield_range
136.97,59.3702,5.28,35.824,8.02,1428.52757,841.68315,1096.52523,1.6972,high_pressure_gas_CO2
19.3,81.736,4.45,120.987,1.87,118.94815,623.03748,272.22997,5.2379,dense_phase_liquid_CO2
21.82,0.7556,5.92,4.769,7.29,0.36191,1.28096,0.68087,3.5394,conventional_oilfield_range
36.44,55.7084,6.31,9.236,18.46,10.91924,12.93672,11.88525,1.1848,high_pressure_gas_CO2
108.52,0.1893,6.17,1.003,8.2,0.78102,1.0827,0.91957,1.3863,conventional_oilfield_range
141.87,9.2037,5.13,10.837,16.29,144.10248,180.91809,161.46438,1.2555,conventional_oilfield_range
22.73,87.3824,3.77,11.821,17.66,14.98074,92.0594,37.13647,6.1452,dense_phase_liquid_CO2
20.12,8.928,3.61,1.68,2.51,0.94143,11.45499,3.2839,12.1677,conventional_oilfield_range
18.12,71.9607,5.39,25.966,9.1,29.03443,50.13087,38.15129,1.7266,high_pressure_gas_CO2
51.1,5.7729,4.57,66.808,5.19,55.19925,182.29431,100.31206,3.3025,conventional_oilfield_range
101.53,35.9963,6.29,96.003,5.82,1142.1294,565.61248,803.7429,2.0193,high_pressure_gas_CO2
13.3,48.1981,4.81,60.84,2.97,35.08746,136.48192,69.20119,3.8898,high_pressure_gas_CO2
131.16,0.4143,5.79,2.374,19.21,3.38039,3.64528,3.51034,1.0784,conventional_oilfield_range
126.25,0.576,6.5,4.898,5.83,9.60774,9.60445,9.60609,1.0003,conventional_oilfield_range
44.84,18.1419,3.94,3.147,16.86,3.58687,19.00398,8.25619,5.2982,high_pressure_gas_CO2
132.93,0.2393,3.72,1.487,18.41,1.89071,15.30043,5.37854,8.0924,conventional_oilfield_range
80.19,70.4406,5.29,5.71,12.56,68.58883,87.50611,77.4722,1.2758,high_pressure_gas_CO2
45.47,11.704,4.67,2.087,16.91,2.06248,8.57426,4.20526,4.1573,high_pressure_gas_CO2
52.09,19.2198,4.2,114.764,15.04,113.03006,683.4542,277.9404,6.0467,high_pressure_gas_CO2
6.38,0.1262,4.47,61.336,2.07,0.46814,6.43153,1.73518,13.7386,conventional_oilfield_range
147.16,61.0027,3.81,3.069,13.49,189.93585,437.34559,288.21451,2.3026,high_pressure_gas_CO2
119.51,7.9106,5.77,1.061,9.93,11.51462,10.65638,11.07719,1.0805,conventional_oilfield_range
97.65,4.0419,5.23,30.87,6.42,82.8369,134.4271,105.52499,1.6228,conventional_oilfield_range
85.83,19.8557,4.18,1.071,2.13,11.41358,32.62733,19.29753,2.8586,high_pressure_gas_CO2
145.2,8.2447,4.97,66.552,4.81,849.34717,1382.64457,1083.67212,1.6279,conventional_oilfield_range
147.93,30.8561,6.07,10.475,8.64,439.13859,204.99601,300.0361,2.1422,high_pressure_gas_CO2
101.4,3.2055,4.58,65.983,7.26,143.84127,538.1949,278.23486,3.7416,conventional_oilfield_range
127.05,2.8253,6.09,1.277,19.67,7.51056,5.03527,6.14961,1.4916,conventional_oilfield_range
7.69,54.4264,3.85,5.16,7.96,3.03364,26.00193,8.88147,8.5712,high_pressure_gas_CO2
98.42,16.3401,4.58,16.934,6.55,147.21208,195.44803,169.62403,1.3277,high_pressure_gas_CO2
9.71,1.1228,6.27,2.154,1.35,0.16914,0.54082,0.30244,3.1975,conventional_oilfield_range
61.63,3.2808,4.69,2.8,17.58,1.76694,6.85123,3.47932,3.8775,conventional_oilfield_range
46.76,1.897,5.41,1.573,6.93,0.8081,3.08637,1.57927,3.8193,conventional_oilfield_range
109.55,58.4456,5.41,105.78,7.62,1766.95417,1229.61178,1473.99717,1.437,high_pressure_gas_CO2
134.33,6.8272,5.03,14.431,14.71,117.96305,164.62376,139.35394,1.3956,conventional_oilfield_range
120.86,0.185,3.87,122.774,16.43,34.64572,349.90579,110.1033,10.0995,conventional_oilfield_range
92.39,43.1113,3.95,62.726,3.2,667.33066,2271.93242,1231.31238,3.4045,high_pressure_gas_CO2
52.75,2.8717,3.91,1.012,13.8,0.89071,4.92827,2.09515,5.533,conventional_oilfield_range
54.88,18.6211,4.79,8.395,13.78,14.26959,27.98514,19.9834,1.9612,high_pressure_gas_CO2
42.87,0.3702,5.87,12.053,14.17,1.04178,2.8648,1.72757,2.7499,conventional_oilfield_range
99.33,0.4984,4.97,3.577,18.16,3.58886,10.09955,6.02045,2.8141,conventional_oilfield_range
109.75,0.1085,4.26,1.19,11.88,0.72718,3.92417,1.68926,5.3964,conventional_oilfield_range
58.59,3.3462,3.7,34.886,5.75,17.89441,288.16676,71.80929,16.1037,conventional_oilfield_range
101.06,97.527,3.91,122.3,15.87,1839.54044,6625.13801,3491.01837,3.6015,dense_phase_supercritical_CO2
97.94,52.5945,6.09,17.805,7.18,344.93664,129.41758,211.28385,2.6653,high_pressure_gas_CO2
76.3,6.6586,6.4,20.923,7.91,40.37583,28.37309,33.84653,1.423,conventional_oilfield_range
35.57,5.6874,4.86,3.05,14.43,2.21353,7.47764,4.06841,3.3782,conventional_oilfield_range
118.81,0.1638,5.25,1.531,6.41,2.10121,5.16547,3.2945,2.4583,conventional_oilfield_range
15.68,9.2642,3.65,1.159,6.56,0.41325,7.18411,1.72304,17.3842,conventional_oilfield_range
11.43,40.3058,4.72,17.993,19.09,7.90178,20.05697,12.58911,2.5383,high_pressure_gas_CO2
108.16,42.714,4.01,2.011,14.59,55.24724,178.41404,99.28184,3.2294,high_pressure_gas_CO2
136.42,4.7114,5.86,13.793,6.44,120.03127,78.47264,97.05241,1.5296,conventional_oilfield_range
13.59,20.1561,5.79,17.881,4.14,7.72079,12.9656,10.00523,1.6793,high_pressure_gas_CO2
74.61,89.5246,6.42,16.698,8.79,152.83773,83.68633,113.09478,1.8263,dense_phase_supercritical_CO2
29.57,0.4738,6.46,8.379,18.93,0.38984,0.74602,0.53928,1.9137,conventional_oilfield_range
99.18,3.5285,5.35,57.809,4.18,149.5101,227.32713,184.35754,1.5205,conventional_oilfield_range
38.62,59.7344,6.03,4.532,14.29,8.50807,10.01691,9.23172,1.1773,high_pressure_gas_CO2
121.59,4.1777,4.09,24.448,19.69,66.34382,350.03848,152.39059,5.2761,conventional_oilfield_range
38.54,0.2344,4.17,2.848,1.22,0.27734,3.55402,0.99281,12.8147,conventional_oilfield_range
29.51,33.6467,4.44,1.169,17.13,1.68352,6.51509,3.31184,3.8699,high_pressure_gas_CO2
51.53,0.4988,4.57,25.971,10.15,3.85406,24.01582,9.62073,6.2313,conventional_oilfield_range
43.25,14.8125,5.5,49.579,0.55,48.3559,90.74157,66.24115,1.8765,high_pressure_gas_CO2
99.53,0.4978,6.48,1.337,18.61,1.15144,0.89005,1.01234,1.2937,conventional_oilfield_range
76.36,5.9522,5.16,2.297,6.81,5.89328,14.05155,9.09998,2.3843,conventional_oilfield_range
72.35,94.6917,4.78,4.38,6.42,85.40818,77.73459,81.4811,1.0987,dense_phase_supercritical_CO2
36.37,0.1259,5.82,6.758,8.32,0.29355,0.94376,0.52634,3.215,conventional_oilfield_range
134.07,12.4255,4.14,93.386,1.81,768.77201,2588.20016,1410.57997,3.3667,high_pressure_gas_CO2
109.2,12.3278,6.5,142.105,11.81,657.547,378.12891,498.63567,1.7389,high_pressure_gas_CO2
91.27,2.9527,5.68,67.631,5.11,131.3318,155.89374,143.0867,1.187,conventional_oilfield_range
95.3,82.716,3.53,115.545,9.71,1413.31126,5388.50224,2759.64326,3.8127,dense_phase_supercritical_CO2
65.05,27.0552,5.24,81.855,17.92,147.73845,374.20689,235.12709,2.5329,high_pressure_gas_CO2
80.02,0.1365,3.93,1.622,3.65,0.48157,8.31703,2.00131,17.2707,conventional_oilfield_range
48.29,0.7864,5.18,106.516,4.88,12.40825,71.02614,29.68687,5.7241,conventional_oilfield_range
51.58,20.1054,6.34,65.449,11.51,74.87483,61.03947,67.60415,1.2267,high_pressure_gas_CO2
134.21,1.4249,6.25,9.12,12.71,42.22218,32.25452,36.90333,1.309,conventional_oilfield_range
148.06,52.4295,5.74,1.187,6.91,93.07049,59.91119,74.67237,1.5535,high_pressure_gas_CO2
92.77,34.7791,4.44,132.541,6.42,1188.20193,1959.07883,1525.7068,1.6488,high_pressure_gas_CO2
87.41,18.2217,5.87,70.683,10.79,329.46126,165.59982,233.57809,1.9895,high_pressure_gas_CO2
43.14,0.9236,4.48,34.046,19.98,3.40645,16.71923,7.54674,4.9081,conventional_oilfield_range
118.07,29.7245,4.84,4.372,3.71,141.37124,170.98234,155.47342,1.2095,high_pressure_gas_CO2
139.35,8.0821,6.21,131.51,18.42,1066.11016,409.10694,660.41885,2.6059,conventional_oilfield_range
65.87,24.6998,4.34,16.876,3.49,78.26116,245.88583,138.72025,3.1419,high_pressure_gas_CO2
77.27,0.8869,5.71,30.114,0.71,19.55078,32.8401,25.3387,1.6797,conventional_oilfield_range
133.22,39.1098,3.74,79.434,6.98,1936.3672,5724.26689,3329.30663,2.9562,high_pressure_gas_CO2
96.36,0.1141,3.72,3.586,15.7,1.16313,10.22338,3.44835,8.7895,conventional_oilfield_range
80.28,0.1039,3.65,1.223,5.88,0.43007,4.43901,1.3817,10.3216,conventional_oilfield_range
41.96,1.1922,5.37,6.885,15.84,1.11006,6.21547,2.6267,5.5992,conventional_oilfield_range
122.41,1.1298,4.58,1.099,19.87,2.43867,8.76699,4.62383,3.595,conventional_oilfield_range
129.65,1.5451,3.9,9.227,1.21,54.36876,199.03128,104.02444,3.6608,conventional_oilfield_range
106.02,6.4167,5.72,1.563,10.14,14.21431,16.93228,15.51389,1.1912,conventional_oilfield_range
119.93,1.4196,4.03,27.014,1.2,70.97692,304.26287,146.95455,4.2868,conventional_oilfield_range
52.84,0.1168,4.22,5.444,0.43,0.68514,3.98636,1.65264,5.8183,conventional_oilfield_range
15.24,3.103,3.71,8.748,5.49,1.51973,15.42754,4.84208,10.1515,conventional_oilfield_range
116.1,14.6281,4.66,2.574,15.41,37.55355,50.87739,43.71071,1.3548,high_pressure_gas_CO2
105.16,47.6585,5.83,2.188,4.95,57.09826,39.81914,47.68232,1.4339,high_pressure_gas_CO2
13.4,1.2209,6.39,1.648,10.2,0.16075,0.26,0.20443,1.6174,conventional_oilfield_range
91.09,0.7056,5.78,25.154,12.14,15.45828,21.47749,18.22101,1.3894,conventional_oilfield_range
49.71,66.7455,5.13,2.53,17.89,11.35424,18.27615,14.40527,1.6096,high_pressure_gas_CO2
120.86,0.5324,4.83,1.89,18.83,2.70619,7.38184,4.46953,2.7278,conventional_oilfield_range
76.5,13.7134,5.95,2.197,11.57,10.30692,8.08346,9.12774,1.2751,high_pressure_gas_CO2
88.33,14.2153,4.3,65.43,19.43,214.3044,469.72332,317.27555,2.1919,high_pressure_gas_CO2
49.33,46.4741,5.22,4.716,6.8,19.40215,25.37255,22.18743,1.3077,high_pressure_gas_CO2
135.07,0.5057,6.41,18.29,12.89,27.69506,31.57646,29.57215,1.1401,conventional_oilfield_range
121.08,3.0408,3.55,121.271,15.04,228.52433,1790.34928,639.63925,7.8344,conventional_oilfield_range
102.67,2.7041,5.91,72.066,9.4,140.8491,172.57594,155.90756,1.2253,conventional_oilfield_range
51.64,0.6646,3.94,1.749,1.99,0.56426,5.78239,1.80631,10.2478,conventional_oilfield_range
23.39,4.118,4.84,9.138,16.13,1.28335,8.64803,3.33143,6.7386,conventional_oilfield_range
63.04,0.1486,5.33,19.066,12.03,1.91797,6.28089,3.47081,3.2748,conventional_oilfield_range
126.6,0.2391,5.23,25.793,4.21,17.52701,66.51886,34.14494,3.7952,conventional_oilfield_range
76.95,60.9605,3.55,53.313,8.41,441.39024,1620.67941,845.78488,3.6718,high_pressure_gas_CO2
21.93,7.6745,6.04,8.891,15.72,2.53591,2.92783,2.72483,1.1546,conventional_oilfield_range
99.56,29.6976,4.75,1.262,6.06,25.18948,54.48116,37.04527,2.1629,high_pressure_gas_CO2
145.07,56.2479,6.48,3.901,7.11,217.17312,102.48627,149.18868,2.119,high_pressure_gas_CO2
141.97,0.1466,6.41,147.04,15.0,71.3224,61.98686,66.49099,1.1506,conventional_oilfield_range
144.59,0.5863,4.35,24.688,15.68,41.59078,125.05427,72.11868,3.0068,conventional_oilfield_range
51.5,27.3355,3.9,7.038,12.6,10.90872,87.98847,30.9813,8.0659,high_pressure_gas_CO2
43.73,17.336,4.31,5.402,6.74,8.04126,32.09146,16.06411,3.9909,high_pressure_gas_CO2
141.62,65.8537,5.52,2.872,16.56,152.32128,74.35902,106.42585,2.0485,high_pressure_gas_CO2
5.47,51.7662,4.5,149.765,17.97,45.31792,149.56761,82.32917,3.3004,high_pressure_gas_CO2
104.44,0.3031,6.29,10.546,10.56,6.14462,5.70481,5.92064,1.0771,conventional_oilfield_range
73.85,5.1922,5.52,82.519,9.96,117.04226,137.53026,126.87337,1.175,conventional_oilfield_range
148.69,33.457,6.09,39.834,12.9,1066.5134,609.13788,806.01098,1.7509,high_pressure_gas_CO2
39.04,59.6177,5.93,14.988,15.76,31.33281,35.49936,33.35109,1.133,high_pressure_gas_CO2
103.79,0.8293,5.12,24.877,15.41,30.0652,48.65312,38.24612,1.6183,conventional_oilfield_range
46.39,11.9094,3.64,123.069,12.06,74.96915,639.80962,219.01138,8.5343,high_pressure_gas_CO2
56.46,2.7202,6.11,10.383,10.51,7.19742,9.58204,8.30457,1.3313,conventional_oilfield_range
65.91,0.7308,6.48,18.884,7.79,7.59128,6.70433,7.13403,1.1323,conventional_oilfield_range
53.38,36.6091,5.56,55.847,6.86,139.64964,182.97337,159.85045,1.3102,high_pressure_gas_CO2
61.29,0.1667,4.78,10.883,1.24,1.41947,8.28024,3.42834,5.8333,conventional_oilfield_range
12.75,10.2252,3.56,1.373,4.32,0.63198,6.28907,1.99364,9.9513,high_pressure_gas_CO2
111.86,0.1135,4.13,47.567,5.99,20.20872,184.08875,60.99343,9.1094,conventional_oilfield_range
88.26,14.0711,5.77,4.041,5.63,27.04768,27.2223,27.13485,1.0065,high_pressure_gas_CO2
60.0,5.3908,4.56,21.338,2.36,23.30203,85.41414,44.61303,3.6655,conventional_oilfield_range
127.82,1.8264,4.29,3.452,19.82,9.74865,39.4993,19.62307,4.0518,conventional_oilfield_range
149.06,52.1243,4.29,97.9,11.8,3850.49828,6366.25214,4951.08503,1.6534,high_pressure_gas_CO2
26.04,26.8635,5.98,16.784,18.12,17.31148,12.17151,14.51575,1.4223,high_pressure_gas_CO2
92.4,1.4266,4.8,8.742,11.59,12.74481,41.0221,22.86523,3.2187,conventional_oilfield_range
139.44,30.2884,5.17,2.833,9.63,154.66859,102.9946,126.21422,1.5017,high_pressure_gas_CO2
133.35,0.7261,3.98,12.303,7.7,25.20284,161.44553,63.78782,6.4058,conventional_oilfield_range
49.44,4.4635,5.83,1.309,4.87,1.6935,1.81758,1.75445,1.0733,conventional_oilfield_range
131.76,2.6589,3.91,53.137,19.91,113.79006,557.34678,251.83431,4.898,conventional_oilfield_range
63.15,1.1837,6.35,5.225,3.96,2.52303,4.16314,3.24094,1.6501,conventional_oilfield_range
26.13,38.5252,5.46,4.615,15.48,3.75437,8.94353,5.7946,2.3822,high_pressure_gas_CO2
25.82,72.8631,5.66,45.585,9.75,69.69298,65.37185,67.49784,1.0661,high_pressure_gas_CO2
132.55,3.7975,6.0,74.606,1.59,502.46156,425.18598,462.21165,1.1817,conventional_oilfield_range
68.25,0.3142,4.96,3.627,15.77,0.67778,4.08421,1.66379,6.0258,conventional_oilfield_range
12.54,0.1132,4.64,78.981,15.69,0.38108,5.04659,1.38677,13.2429,conventional_oilfield_range
143.79,1.389,4.05,42.722,2.01,180.43708,861.01992,394.15723,4.7719,conventional_oilfield_range
101.53,0.1414,3.55,1.106,1.55,0.90278,7.8067,2.65476,8.6474,conventional_oilfield_range
19.83,0.1611,5.29,56.313,4.99,0.88822,4.94512,2.09579,5.5675,conventional_oilfield_range
148.31,0.3468,4.59,14.171,1.99,31.29417,104.33971,57.14214,3.3342,conventional_oilfield_range
56.85,0.123,5.25,6.386,18.05,0.4131,1.81616,0.86617,4.3964,conventional_oilfield_range
21.5,0.933,4.41,7.261,16.87,0.49066,3.91042,1.38517,7.9697,conventional_oilfield_range
36.74,0.1488,3.64,32.923,1.31,1.21303,21.14148,5.06412,17.4286,conventional_oilfield_range
87.25,0.1892,6.35,6.056,19.03,1.76338,1.01842,1.3401,1.7315,conventional_oilfield_range
5.99,67.7891,5.62,33.396,19.95,13.01624,21.77416,16.83501,1.6728,high_pressure_gas_CO2
35.9,31.7288,4.94,23.923,0.89,45.05377,69.46988,55.94533,1.5419,high_pressure_gas_CO2
19.17,43.9952,4.37,2.365,3.13,4.17008,9.80537,6.39446,2.3514,high_pressure_gas_CO2
94.4,0.298,6.1,116.347,13.55,29.82399,74.07663,47.00277,2.4838,conventional_oilfield_range
65.31,0.4228,4.64,3.867,13.85,0.85886,5.80448,2.23276,6.7584,conventional_oilfield_range
29.81,8.9327,6.07,132.904,5.42,36.91599,78.98836,53.99939,2.1397,conventional_oilfield_range
126.01,30.6205,3.75,64.013,14.22,1329.92031,3298.80114,2094.5507,2.4805,high_pressure_gas_CO2
143.74,1.0396,3.75,4.867,4.85,27.78164,143.22791,63.08015,5.1555,conventional_oilfield_range
141.84,6.8193,6.23,124.05,16.25,620.33007,546.96564,582.49398,1.1341,conventional_oilfield_range
26.91,1.6546,5.84,54.745,14.06,4.42936,17.05397,8.69127,3.8502,conventional_oilfield_range
114.71,97.7394,5.32,8.086,16.95,274.34046,275.39826,274.86885,1.0039,dense_phase_supercritical_CO2
134.19,1.343,4.45,5.774,16.75,21.10385,69.65269,38.3398,3.3005,conventional_oilfield_range
130.41,18.6795,4.66,80.88,13.26,908.30455,1359.03765,1111.04459,1.4962,high_pressure_gas_CO2
20.9,15.3718,4.98,71.718,17.6,17.45962,53.92474,30.68396,3.0885,high_pressure_gas_CO2
117.69,0.2129,3.85,16.689,16.55,9.37555,70.49846,25.70918,7.5194,conventional_oilfield_range
144.85,0.1157,3.73,12.199,15.71,7.55138,104.81689,28.13382,13.8805,conventional_oilfield_range
11.1,0.3245,4.98,15.609,17.01,0.24588,2.07474,0.71423,8.4381,conventional_oilfield_range
44.27,0.7397,6.21,93.721,5.58,15.16399,27.53867,20.43517,1.8161,conventional_oilfield_range
42.78,0.2722,4.71,52.63,0.38,2.91346,24.12496,8.38374,8.2805,conventional_oilfield_range
127.97,0.1565,5.96,3.124,13.38,2.08057,2.6252,2.33707,1.2618,conventional_oilfield_range
132.89,1.7066,4.26,22.058,19.88,63.57788,206.84741,114.67746,3.2534,conventional_oilfield_range
14.1,15.0265,5.5,1.792,3.0,1.03446,2.50861,1.61092,2.425,high_pressure_gas_CO2
146.5,9.5147,3.74,26.413,0.88,350.82546,1687.59976,769.44978,4.8104,conventional_oilfield_range
36.89,1.2018,4.92,28.951,4.51,4.56533,15.64663,8.45175,3.4273,conventional_oilfield_range
61.76,16.2778,5.55,4.796,2.43,15.65289,23.74476,19.27885,1.517,high_pressure_gas_CO2
10.48,24.5246,4.8,1.496,16.63,0.51437,3.08876,1.26046,6.005,high_pressure_gas_CO2
21.08,16.8953,6.14,1.028,8.98,0.73075,1.14781,0.91584,1.5707,high_pressure_gas_CO2
78.5,83.5134,4.59,8.923,10.59,96.88635,241.62271,153.00308,2.4939,dense_phase_supercritical_CO2
120.88,1.9971,4.96,31.425,12.08,100.13124,230.69927,151.98751,2.304,conventional_oilfield_range
85.22,0.4985,5.26,1.8,4.11,1.93924,3.85811,2.73529,1.9895,conventional_oilfield_range
26.9,1.2222,4.86,2.424,7.27,0.34217,2.16183,0.86007,6.318,conventional_oilfield_range
66.31,30.6378,6.23,4.075,13.76,23.91526,11.32553,16.45761,2.1116,high_pressure_gas_CO2
19.83,11.5059,3.63,19.518,16.17,5.6594,41.3021,15.28873,7.298,high_pressure_gas_CO2
96.07,20.8813,5.27,69.815,19.78,274.92671,363.26164,316.02267,1.3213,high_pressure_gas_CO2
102.32,0.313,5.77,54.406,1.22,31.01529,57.57996,42.25943,1.8565,conventional_oilfield_range
7.11,4.7649,3.61,6.003,16.48,0.63569,8.91378,2.38042,14.0222,conventional_oilfield_range
63.5,8.847,5.65,39.803,7.96,56.31452,83.98113,68.77032,1.4913,conventional_oilfield_range
135.72,60.4274,5.36,84.302,12.45,2380.9113,2291.93101,2335.99753,1.0388,high_pressure_gas_CO2
135.36,18.1899,4.81,7.934,19.65,101.58631,232.29744,153.61719,2.2867,high_pressure_gas_CO2
55.35,37.9276,6.27,42.055,7.72,128.88562,83.21756,103.56422,1.5488,high_pressure_gas_CO2
57.16,87.5895,4.63,11.543,18.52,60.23045,95.38803,75.79752,1.5837,dense_phase_supercritical_CO2
30.78,41.6174,4.58,56.482,19.88,46.64832,125.62635,76.55232,2.6931,high_pressure_gas_CO2
43.89,6.8801,5.18,106.394,16.39,46.13351,70.52015,57.03808,1.5286,conventional_oilfield_range
130.0,3.1193,3.79,67.333,18.3,190.28959,857.09792,403.85247,4.5042,conventional_oilfield_range
22.0,0.1472,3.65,1.023,7.79,0.03032,0.78144,0.15393,25.7713,conventional_oilfield_range
148.88,79.9791,4.22,35.342,16.18,1219.3187,2544.7786,1761.50394,2.087,dense_phase_supercritical_CO2
114.69,0.676,3.69,33.625,6.26,38.4508,263.69162,100.69336,6.8579,conventional_oilfield_range
107.79,6.7245,6.06,23.342,17.75,73.04388,77.79928,75.38409,1.0651,conventional_oilfield_range
128.12,0.5432,4.62,54.189,5.69,60.73419,269.8324,128.01583,4.4428,conventional_oilfield_range
12.39,30.976,4.44,16.089,4.85,8.39841,44.18907,19.26442,5.2616,high_pressure_gas_CO2
75.84,3.8842,3.57,70.305,8.51,49.57895,902.97046,211.58526,18.2128,conventional_oilfield_range
5.64,67.9438,3.64,101.034,15.9,34.38395,275.27531,97.28851,8.0059,high_pressure_gas_CO2
95.36,60.65,4.48,11.704,5.98,234.7555,529.00526,352.40161,2.2534,high_pressure_gas_CO2
117.35,4.2249,4.04,4.667,7.66,25.19777,117.36035,54.38032,4.6576,conventional_oilfield_range
118.69,2.154,4.53,3.067,0.26,15.01511,33.32431,22.36891,2.2194,conventional_oilfield_range
57.31,0.9095,4.61,1.324,3.77,0.80412,4.33084,1.86615,5.3858,conventional_oilfield_range
18.32,2.0566,5.03,29.066,19.61,1.55108,11.2481,4.17692,7.2518,conventional_oilfield_range
22.7,89.1575,5.37,31.992,17.54,30.93949,54.73955,41.15354,1.7692,dense_phase_liquid_CO2
8.55,17.6186,5.97,1.666,0.44,0.80185,1.1294,0.95163,1.4085,high_pressure_gas_CO2
76.43,7.8678,3.63,3.964,19.55,10.24816,58.53035,24.49139,5.7113,conventional_oilfield_range
92.54,32.6269,4.15,47.782,9.46,366.42345,976.93373,598.30713,2.6661,high_pressure_gas_CO2
117.27,4.8447,6.18,18.649,8.96,70.69014,67.88526,69.2735,1.0413,conventional_oilfield_range
34.44,5.0356,3.95,6.373,17.02,1.92482,15.74212,5.50461,8.1785,conventional_oilfield_range
12.43,1.7311,4.73,1.255,1.62,0.15454,1.60675,0.4983,10.3969,conventional_oilfield_range
22.85,2.7011,5.33,4.431,1.73,0.897,2.9815,1.63536,3.3239,conventional_oilfield_range
123.04,5.0405,6.18,7.036,5.74,62.61125,45.6496,53.46194,1.3716,conventional_oilfield_range
145.35,1.1216,5.58,1.524,6.12,10.58429,11.48078,11.02343,1.0847,conventional_oilfield_range
145.51,84.111,4.34,118.127,11.04,5672.78082,8540.10193,6960.32516,1.5055,dense_phase_supercritical_CO2
83.74,0.9096,3.83,4.353,14.02,3.73166,16.89631,7.94049,4.5278,conventional_oilfield_range
20.63,2.2041,5.15,11.02,8.22,1.52498,9.8394,3.87361,6.4522,conventional_oilfield_range
115.15,0.2433,3.52,2.181,16.49,1.81018,19.88934,6.00028,10.9875,conventional_oilfield_range
80.13,7.8355,4.22,27.498,7.73,68.41659,219.8417,122.64102,3.2133,conventional_oilfield_range
93.53,13.8395,3.96,1.084,0.12,13.75542,44.9863,24.8758,3.2704,high_pressure_gas_CO2
126.08,56.3275,6.29,8.57,6.06,458.68254,153.98019,265.75934,2.9788,high_pressure_gas_CO2
27.16,0.1344,3.98,4.834,14.67,0.08785,1.54032,0.36785,17.5342,conventional_oilfield_range
34.37,3.2389,4.57,129.696,9.71,16.47308,114.60814,43.45053,6.9573,conventional_oilfield_range
117.32,84.7821,3.94,2.59,17.09,103.48241,253.40969,161.93655,2.4488,dense_phase_supercritical_CO2
93.26,95.3919,5.13,4.376,10.0,100.44593,107.69499,104.00733,1.0722,dense_phase_supercritical_CO2
19.39,11.9451,4.69,1.687,11.27,0.70084,2.84761,1.4127,4.0631,high_pressure_gas_CO2
100.14,50.5541,6.02,7.562,10.55,156.30664,79.83625,111.70916,1.9578,high_pressure_gas_CO2
99.09,0.16,4.77,115.266,7.74,37.47019,123.98654,68.1601,3.3089,conventional_oilfield_range
135.31,36.3545,5.01,94.634,1.27,3181.86333,2606.52192,2879.8605,1.2207,high_pressure_gas_CO2
11.81,15.1613,3.99,2.366,13.44,0.7355,8.28599,2.46868,11.2657,high_pressure_gas_CO2
8.37,4.343,3.73,9.514,2.68,1.21425,16.32653,4.45247,13.4458,conventional_oilfield_range
93.62,22.8318,6.48,9.198,4.34,100.30207,46.5199,68.30844,2.1561,high_pressure_gas_CO2
35.76,4.7456,3.51,15.427,17.0,5.0589,46.13842,15.27776,9.1202,conventional_oilfield_range
136.71,90.8313,5.15,1.25,16.4,149.46213,75.28664,106.07781,1.9852,dense_phase_supercritical_CO2
82.43,0.3777,4.75,53.949,10.78,17.69276,58.14747,32.07475,3.2865,conventional_oilfield_range
111.75,0.255,3.68,1.65,1.4,2.74771,18.09985,7.05218,6.5872,conventional_oilfield_range
66.24,1.8514,5.68,4.443,6.4,3.07544,5.20916,4.00256,1.6938,conventional_oilfield_range
74.1,11.2527,4.17,1.129,9.97,3.72236,17.93567,8.17086,4.8184,high_pressure_gas_CO2
35.69,3.7335,6.27,25.001,6.69,8.81494,9.88378,9.33407,1.1213,conventional_oilfield_range
20.5,1.7981,6.13,13.944,9.93,1.30196,4.22916,2.34653,3.2483,conventional_oilfield_range
53.38,73.1215,4.96,117.025,1.97,389.05108,695.46197,520.16366,1.7876,high_pressure_gas_CO2
108.59,0.7098,4.0,129.364,16.81,73.43141,394.1803,170.13293,5.368,conventional_oilfield_range
24.94,2.7633,5.31,126.173,5.04,15.85962,57.1546,30.10732,3.6038,conventional_oilfield_range
146.52,0.3,4.18,57.088,7.04,92.04023,327.5036,173.61885,3.5583,conventional_oilfield_range
68.03,0.1248,4.43,1.073,18.21,0.11352,1.10885,0.3548,9.7675,conventional_oilfield_range
63.14,49.0499,5.79,5.279,8.98,29.08395,34.42652,31.64268,1.1837,high_pressure_gas_CO2
21.94,6.9723,4.96,27.607,16.85,4.94073,22.1459,10.46025,4.4823,conventional_oilfield_range
135.93,9.8167,4.4,3.736,11.24,54.93799,160.07852,93.77842,2.9138,conventional_oilfield_range
93.47,5.2199,3.66,10.186,2.71,37.88074,186.0439,83.94928,4.9113,conventional_oilfield_range
44.34,1.9969,3.57,4.833,15.47,1.78486,19.40638,5.88538,10.8728,conventional_oilfield_range
68.55,59.2198,4.2,7.691,10.75,60.67098,199.40564,109.99153,3.2867,high_pressure_gas_CO2
24.57,0.4061,5.11,42.996,10.49,1.70447,9.86396,4.10035,5.7871,conventional_oilfield_range
132.77,1.8604,5.0,8.255,11.26,56.15747,52.26135,54.17439,1.0746,conventional_oilfield_range
13.76,1.2056,4.62,3.843,11.09,0.23681,2.03338,0.69392,8.5866,conventional_oilfield_range
76.14,60.0021,5.62,64.781,11.59,345.05595,419.05037,380.25758,1.2144,high_pressure_gas_CO2
95.9,0.1028,4.7,1.3,1.54,0.65396,2.63093,1.31168,4.0231,conventional_oilfield_range
46.38,1.4828,5.98,18.795,8.68,4.55268,11.71476,7.30298,2.5732,conventional_oilfield_range
87.15,37.2767,3.52,19.942,8.59,152.06286,1045.50712,398.72647,6.8755,high_pressure_gas_CO2
131.59,0.8447,6.33,108.572,4.97,243.48497,169.60357,203.21398,1.4356,conventional_oilfield_range
80.24,0.6402,4.7,26.565,17.38,8.57355,26.20825,14.98992,3.0569,conventional_oilfield_range
99.37,0.2943,5.97,96.193,6.3,39.06826,52.92102,45.47012,1.3546,conventional_oilfield_range
101.46,4.4645,5.02,87.714,13.73,189.04288,338.09168,252.81184,1.7884,conventional_oilfield_range
117.19,0.3934,3.83,144.001,7.47,101.50528,573.95769,241.37054,5.6545,conventional_oilfield_range
133.56,0.1373,4.84,23.165,13.58,10.25046,61.49765,25.10735,5.9995,conventional_oilfield_range
130.36,27.6244,3.78,28.555,5.06,620.58162,1879.68719,1080.04598,3.0289,high_pressure_gas_CO2
142.82,1.6651,4.03,134.847,19.88,342.27846,1125.04119,620.54602,3.2869,conventional_oilfield_range
49.97,5.3202,4.42,28.919,6.77,24.71815,78.69121,44.1033,3.1835,conventional_oilfield_range
137.61,0.1523,4.46,2.623,9.98,2.30132,15.0247,5.88019,6.5287,conventional_oilfield_range
16.53,97.2535,3.54,12.77,14.02,15.34019,102.72116,39.69588,6.6962,dense_phase_liquid_CO2
126.58,51.2455,5.15,37.098,6.87,820.48818,865.64467,842.76404,1.055,high_pressure_gas_CO2
76.56,0.8898,6.3,2.556,5.21,2.58989,2.75495,2.67115,1.0637,conventional_oilfield_range
51.86,77.0517,6.39,40.311,16.81,128.65428,79.68058,101.24845,1.6146,dense_phase_supercritical_CO2
121.84,0.1981,6.27,3.942,4.62,4.76841,4.47935,4.62162,1.0645,conventional_oilfield_range
145.1,0.2522,6.38,9.922,5.59,16.20625,13.95066,15.03622,1.1617,conventional_oilfield_range
38.05,14.2129,3.94,33.737,6.9,22.22899,178.89422,63.0606,8.0478,high_pressure_gas_CO2
138.25,3.138,5.43,4.116,14.15,28.73372,54.02242,39.39879,1.8801,conventional_oilfield_range
73.5,2.3081,4.29,24.266,7.87,20.77796,132.46299,52.46247,6.3752,conventional_oilfield_range
26.8,40.1381,5.72,12.873,13.23,11.99866,23.83876,16.91252,1.9868,high_pressure_gas_CO2
6.48,2.2493,6.19,27.182,1.49,2.25404,4.25259,3.09605,1.8867,conventional_oilfield_range
86.06,0.7494,4.02,12.74,11.58,8.12441,63.25171,22.66898,7.7854,conventional_oilfield_range
42.65,0.2308,5.01,8.355,10.12,0.74022,3.20071,1.53923,4.324,conventional_oilfield_range
117.35,79.8976,6.1,2.464,10.31,144.12031,59.56623,92.65368,2.4195,dense_phase_supercritical_CO2
57.74,4.912,5.2,6.124,16.97,4.53041,11.87041,7.33334,2.6202,conventional_oilfield_range
43.35,92.0245,6.18,5.784,2.34,38.01312,29.93494,33.73307,1.2699,dense_phase_supercritical_CO2
46.59,57.1972,4.33,36.279,9.35,127.95265,330.30791,205.58155,2.5815,high_pressure_gas_CO2
65.09,9.056,3.71,39.51,11.82,47.71371,306.01088,120.83424,6.4135,conventional_oilfield_range
51.79,2.2356,5.75,26.738,5.39,11.21467,22.00587,15.70951,1.9622,conventional_oilfield_range
73.52,97.824,5.68,1.857,10.46,34.02206,26.57605,30.06945,1.2802,dense_phase_supercritical_CO2
15.35,1.5148,5.41,1.607,13.2,0.18124,0.67987,0.35103,3.7511,conventional_oilfield_range
116.38,83.9522,5.02,2.972,9.29,158.86094,154.2771,156.55224,1.0297,dense_phase_supercritical_CO2
13.44,36.9149,4.83,22.538,18.94,8.0297,23.42313,13.71425,2.9171,high_pressure_gas_CO2
140.23,1.4272,4.15,9.241,3.59,50.01377,247.22806,111.19716,4.9432,conventional_oilfield_range
115.63,92.1402,3.89,5.35,3.06,361.30591,691.53308,499.85497,1.914,dense_phase_supercritical_CO2
81.17,0.5834,4.97,11.15,12.43,5.638,12.42278,8.36897,2.2034,conventional_oilfield_range
40.03,6.4983,5.05,11.922,6.58,6.93817,17.57964,11.04403,2.5338,conventional_oilfield_range
94.95,7.3307,6.01,2.659,11.31,16.58114,13.76109,15.10545,1.2049,conventional_oilfield_range
57.48,0.6355,6.1,56.887,10.91,9.83384,19.82454,13.9625,2.016,conventional_oilfield_range
57.54,83.039,6.17,2.159,3.31,24.82972,11.13508,16.62772,2.2299,dense_phase_supercritical_CO2
7.59,1.8123,6.25,1.689,12.07,0.1216,0.28139,0.18498,2.3141,conventional_oilfield_range
139.64,2.1827,5.9,64.374,19.88,221.53357,159.56528,188.01348,1.3884,conventional_oilfield_range
53.07,0.4695,6.38,1.425,12.95,0.24606,0.42081,0.32178,1.7102,conventional_oilfield_range
15.33,9.8952,5.42,60.046,6.59,11.78622,36.14361,20.63969,3.0666,conventional_oilfield_range
125.62,17.7142,6.08,6.695,12.61,141.87366,84.95865,109.78795,1.6699,high_pressure_gas_CO2
121.26,22.787,4.01,14.116,6.15,224.8521,649.27552,382.08764,2.8876,high_pressure_gas_CO2
133.73,29.1779,5.51,44.024,17.56,763.65668,586.39482,669.18183,1.3023,high_pressure_gas_CO2
22.49,0.2375,4.48,13.054,13.04,0.43276,2.91701,1.12355,6.7404,conventional_oilfield_range
33.03,6.9534,3.51,91.037,17.74,23.13816,194.73294,67.12498,8.4161,conventional_oilfield_range
91.72,0.3249,5.17,23.932,18.14,6.48726,16.71862,10.41432,2.5771,conventional_oilfield_range
139.2,3.1176,5.53,53.286,15.49,283.92408,382.95035,329.74055,1.3488,conventional_oilfield_range
103.07,2.6742,4.08,1.469,17.64,4.85679,22.3502,10.41874,4.6018,conventional_oilfield_range
120.02,4.1417,3.9,26.806,8.89,115.24071,563.31513,254.78782,4.8882,conventional_oilfield_range
19.07,38.313,4.4,26.514,5.35,19.95509,83.34512,40.78185,4.1766,high_pressure_gas_CO2
107.44,1.3391,4.31,128.467,11.49,190.38438,541.20764,320.99452,2.8427,conventional_oilfield_range
60.73,7.9247,5.51,15.962,0.13,19.06521,37.69353,26.80737,1.9771,conventional_oilfield_range
125.16,19.987,4.84,27.973,16.88,228.88607,562.99134,358.97197,2.4597,high_pressure_gas_CO2
101.54,1.7462,4.49,25.589,1.18,43.32078,127.73599,74.38832,2.9486,conventional_oilfield_range
27.63,0.1845,6.22,52.454,18.75,1.10185,2.71267,1.72886,2.4619,conventional_oilfield_range
70.68,98.0962,4.93,18.2,5.48,222.70561,263.58903,242.28651,1.1836,dense_phase_supercritical_CO2
67.3,54.3843,5.36,56.751,14.56,207.19421,214.71558,210.92137,1.0363,high_pressure_gas_CO2
145.45,14.4465,3.66,3.875,5.44,137.41477,451.09255,248.97144,3.2827,high_pressure_gas_CO2
148.15,1.5019,4.62,9.707,13.89,40.48695,126.91222,71.68186,3.1346,conventional_oilfield_range
98.15,20.3829,6.28,6.157,9.16,65.78552,39.00398,50.65468,1.6866,high_pressure_gas_CO2
98.22,2.7484,4.4,46.095,6.75,76.8652,333.4191,160.08849,4.3377,conventional_oilfield_range
8.05,18.0693,5.68,3.35,1.09,1.60181,2.31625,1.92619,1.446,high_pressure_gas_CO2
66.8,12.8223,3.85,33.864,12.73,77.13237,247.97207,138.29922,3.2149,high_pressure_gas_CO2
126.47,71.1735,4.5,70.659,17.95,1756.83228,3479.57478,2472.4541,1.9806,high_pressure_gas_CO2
6.84,0.4088,6.13,4.414,10.86,0.13102,0.34442,0.21243,2.6288,conventional_oilfield_range
81.59,8.0322,6.0,2.109,4.05,13.57518,8.3058,10.61851,1.6344,conventional_oilfield_range
59.79,1.1346,3.67,1.749,16.84,0.71068,8.00297,2.38486,11.261,conventional_oilfield_range
92.57,0.4579,6.04,10.005,6.63,7.30366,9.73106,8.43044,1.3324,conventional_oilfield_range
71.72,33.0795,5.42,30.341,8.86,126.1862,182.93441,151.93353,1.4497,high_pressure_gas_CO2
91.19,86.35,4.74,1.176,18.6,25.45968,41.88513,32.6555,1.6452,dense_phase_supercritical_CO2
71.87,7.0415,5.98,75.502,2.99,139.54975,108.25054,122.90784,1.2891,conventional_oilfield_range
7.67,10.1999,4.97,13.342,14.24,1.66973,9.83285,4.05193,5.8889,high_pressure_gas_CO2
78.72,3.2676,4.27,2.963,6.96,5.11996,30.46829,12.48985,5.9509,conventional_oilfield_range
61.8,11.473,6.49,9.391,5.07,13.97861,15.02686,14.49326,1.075,high_pressure_gas_CO2
38.98,41.5075,6.34,17.382,8.81,35.51976,23.19014,28.70032,1.5317,high_pressure_gas_CO2
123.08,5.9051,4.56,1.785,19.89,16.94184,24.83086,20.5105,1.4657,conventional_oilfield_range
36.33,2.275,3.95,27.013,1.31,6.40149,74.43717,21.82909,11.6281,conventional_oilfield_range
111.12,79.6502,4.33,14.647,18.13,359.48384,717.8226,507.98192,1.9968,dense_phase_supercritical_CO2
125.68,0.8429,5.33,63.951,15.92,90.78643,115.51853,102.40856,1.2724,conventional_oilfield_range
70.16,1.8215,4.48,17.211,13.4,12.49744,62.55441,27.96015,5.0054,conventional_oilfield_range
36.41,0.2077,6.22,7.736,4.72,0.51734,1.11331,0.75892,2.152,conventional_oilfield_range
37.29,44.2548,5.99,1.369,2.12,4.6226,3.80792,4.19553,1.2139,high_pressure_gas_CO2
60.28,5.5036,3.57,3.982,8.8,6.78055,48.10566,18.06053,7.0947,conventional_oilfield_range
49.27,6.2413,3.68,5.693,16.11,4.68335,36.01671,12.98764,7.6904,conventional_oilfield_range
115.28,7.058,6.22,11.915,11.29,107.25506,61.80595,81.41867,1.7354,conventional_oilfield_range
95.77,0.1652,6.43,2.235,15.79,0.8019,1.02113,0.9049,1.2734,conventional_oilfield_range
95.43,34.015,4.78,29.904,12.81,290.95561,366.00988,326.33208,1.258,high_pressure_gas_CO2
134.42,31.4617,4.42,1.498,17.93,40.92433,107.50978,66.33073,2.627,high_pressure_gas_CO2
18.92,2.696,4.9,2.143,12.19,0.36479,1.86428,0.82466,5.1106,conventional_oilfield_range
133.84,2.549,5.17,1.161,14.81,8.78872,11.81418,10.18978,1.3442,conventional_oilfield_range
27.27,99.2632,3.53,22.692,9.59,39.81374,231.44281,95.99272,5.8131,dense_phase_liquid_CO2
106.82,12.7349,4.03,148.851,0.67,1004.82448,3236.5146,1803.36604,3.221,high_pressure_gas_CO2
14.35,22.8629,6.09,1.589,6.95,0.93708,1.50601,1.18796,1.6071,high_pressure_gas_CO2
117.11,11.4493,5.33,23.929,9.36,204.50252,389.13405,282.09731,1.9028,high_pressure_gas_CO2
93.45,5.8801,6.03,75.824,18.64,141.19434,136.0016,138.57365,1.0382,conventional_oilfield_range
91.87,0.1299,3.53,74.705,16.2,10.71639,153.73317,40.58897,14.3456,conventional_oilfield_range
95.3,0.2522,3.93,100.133,9.73,28.37148,212.48642,77.64377,7.4894,conventional_oilfield_range
52.47,0.8276,5.54,8.312,3.45,1.98828,5.32593,3.25414,2.6787,conventional_oilfield_range
112.5,0.6191,5.58,3.608,15.76,5.77965,9.03274,7.22538,1.5629,conventional_oilfield_range
5.61,0.2302,5.44,5.463,8.11,0.08606,0.59077,0.22548,6.8649,conventional_oilfield_range
145.01,40.7648,3.81,22.634,15.26,695.21602,2321.92662,1270.52768,3.3399,high_pressure_gas_CO2
146.56,0.296,6.31,10.567,0.28,24.74161,17.20033,20.6292,1.4384,conventional_oilfield_range
40.12,2.4465,6.19,59.605,2.99,17.63929,22.44103,19.89582,1.2722,conventional_oilfield_range
45.42,0.5667,3.93,40.515,11.38,4.47861,36.59921,12.80288,8.172,conventional_oilfield_range
88.54,1.9831,6.33,2.295,0.13,5.98051,5.72261,5.85014,1.0451,conventional_oilfield_range
7.76,1.8237,4.28,31.857,15.43,1.26027,12.50117,3.96924,9.9195,conventional_oilfield_range
134.52,22.1706,4.01,87.45,0.83,2058.29866,3942.4817,2848.64965,1.9154,high_pressure_gas_CO2
80.31,0.3644,5.7,13.645,14.97,2.87537,7.00526,4.48807,2.4363,conventional_oilfield_range
113.63,0.1175,4.78,43.44,12.6,11.51941,65.21738,27.40923,5.6615,conventional_oilfield_range
72.14,0.4495,3.56,1.354,7.04,0.83975,9.87232,2.87929,11.7562,conventional_oilfield_range
65.62,18.5011,6.31,27.911,19.44,60.76976,36.48016,47.08387,1.6658,high_pressure_gas_CO2
7.91,0.1791,4.09,1.974,18.82,0.02562,0.27504,0.08394,10.7374,conventional_oilfield_range
36.18,0.7984,3.79,92.957,5.71,10.10729,95.77953,31.11385,9.4763,conventional_oilfield_range
53.93,1.3778,5.59,12.833,13.51,4.13148,10.84419,6.69347,2.6248,conventional_oilfield_range
39.27,2.0833,5.27,14.752,0.16,6.50499,15.74877,10.12154,2.421,conventional_oilfield_range
145.81,0.9961,5.02,14.937,11.67,52.75799,98.14341,71.95727,1.8603,conventional_oilfield_range
30.5,0.2819,5.85,3.057,13.18,0.13435,0.44187,0.24365,3.289,conventional_oilfield_range
52.86,11.5824,4.59,2.66,12.9,4.77337,12.99933,7.87722,2.7233,high_pressure_gas_CO2
121.93,0.992,3.98,5.165,7.67,15.83164,70.43769,33.39377,4.4492,conventional_oilfield_range
83.54,42.689,4.12,4.08,8.16,49.68443,171.14192,92.2122,3.4446,high_pressure_gas_CO2
147.47,5.8111,5.56,6.94,4.19,127.5455,114.31461,120.74897,1.1157,conventional_oilfield_range
103.28,67.2899,3.63,38.56,11.41,687.97659,2051.38304,1187.98296,2.9818,high_pressure_gas_CO2
91.83,1.0462,3.61,6.86,16.98,6.71134,65.67957,20.99519,9.7864,conventional_oilfield_range
94.37,0.1629,3.94,18.491,20.0,3.34974,36.17064,11.00737,10.798,conventional_oilfield_range
31.9,3.3155,5.6,53.7,2.12,15.22443,32.87852,22.37313,2.1596,conventional_oilfield_range
32.64,0.109,4.63,5.306,19.07,0.12751,0.80517,0.32042,6.3146,conventional_oilfield_range
50.82,0.127,5.24,21.629,1.47,1.53169,7.84138,3.46563,5.1194,conventional_oilfield_range
81.66,6.972,5.53,61.773,13.55,149.31753,127.72545,138.10014,1.1691,conventional_oilfield_range
115.16,3.6056,4.65,1.168,1.37,10.34789,25.01171,16.08783,2.4171,conventional_oilfield_range
19.42,6.1308,4.02,122.048,14.08,20.93909,139.86722,54.1174,6.6797,conventional_oilfield_range
65.03,0.1225,5.45,136.761,13.25,7.19112,37.02785,16.31783,5.1491,conventional_oilfield_range
44.44,25.5067,4.96,49.707,16.81,60.28712,167.71696,100.55432,2.782,high_pressure_gas_CO2
108.52,3.0413,4.99,8.067,17.28,23.21833,40.72841,30.75136,1.7541,conventional_oilfield_range
141.7,13.9736,3.73,101.594,1.1,1616.52559,7330.4484,3442.36219,4.5347,high_pressure_gas_CO2
48.07,0.5273,5.81,138.01,11.4,7.53091,29.35074,14.86734,3.8974,conventional_oilfield_range
59.49,14.0576,4.28,1.799,2.43,6.44587,23.97787,12.43214,3.7199,high_pressure_gas_CO2
122.56,35.0498,4.92,10.157,11.97,226.65471,234.13207,230.36305,1.033,high_pressure_gas_CO2
38.12,0.234,6.39,5.976,13.84,0.34625,0.6981,0.49164,2.0162,conventional_oilfield_range
13.3,11.4318,3.82,1.436,10.56,0.42053,6.04345,1.5942,14.371,high_pressure_gas_CO2
49.72,12.8751,6.11,11.881,6.29,16.13815,17.85872,16.97665,1.1066,high_pressure_gas_CO2
16.51,0.8962,5.94,1.129,4.37,0.12187,0.30658,0.19329,2.5157,conventional_oilfield_range
54.89,39.4892,4.0,7.282,11.06,25.84449,110.41305,53.4188,4.2722,high_pressure_gas_CO2
54.9,0.1953,3.63,131.396,16.51,4.94565,101.31138,22.38415,20.485,conventional_oilfield_range
31.23,0.9366,4.18,77.202,3.4,7.53324,82.38776,24.91279,10.9366,conventional_oilfield_range
15.9,9.7166,6.36,2.423,17.01,0.61108,0.76958,0.68577,1.2594,conventional_oilfield_range
127.85,31.4457,4.44,1.454,18.32,41.68846,101.95974,65.1962,2.4458,high_pressure_gas_CO2
16.94,12.9883,5.95,1.197,9.31,0.73862,1.31929,0.98714,1.7861,high_pressure_gas_CO2
10.27,16.9424,4.59,32.719,11.43,6.21691,36.52241,15.0684,5.8747,high_pressure_gas_CO2
127.16,0.4112,5.56,84.308,4.57,108.44147,148.46621,126.88536,1.3691,conventional_oilfield_range
21.25,1.6097,4.06,1.938,19.48,0.28578,2.3018,0.81105,8.0546,conventional_oilfield_range
88.55,1.3602,3.86,3.4,17.57,3.53552,25.59346,9.51242,7.239,conventional_oilfield_range
110.74,1.0322,4.12,26.967,0.59,44.86698,256.54352,107.28622,5.7179,conventional_oilfield_range
130.42,63.4867,6.0,63.051,3.0,2938.15483,1082.94913,1783.78032,2.7131,high_pressure_gas_CO2
18.54,33.6847,4.51,23.702,8.39,13.80064,72.38952,31.6073,5.2454,high_pressure_gas_CO2
12.23,24.326,4.18,135.902,19.12,22.81735,184.14327,64.82023,8.0703,high_pressure_gas_CO2
37.09,0.2012,4.46,12.519,14.05,0.67936,5.22427,1.88392,7.69,conventional_oilfield_range
19.79,0.266,4.63,6.091,1.85,0.22468,2.82147,0.79619,12.558,conventional_oilfield_range
99.02,0.6368,4.59,125.927,15.63,59.58588,263.61232,125.32985,4.4241,conventional_oilfield_range
96.8,90.4017,6.1,6.096,14.33,131.50364,45.11485,77.02445,2.9149,dense_phase_supercritical_CO2
61.33,16.9305,5.43,1.342,10.04,5.19608,5.12394,5.15989,1.0141,high_pressure_gas_CO2
8.08,0.4373,3.51,6.557,6.96,0.15091,3.87629,0.76483,25.6866,conventional_oilfield_range
92.58,1.6516,3.55,19.599,17.03,19.78277,147.33974,53.98878,7.4479,conventional_oilfield_range
145.51,0.2291,6.45,18.138,3.23,31.277,20.37105,25.24174,1.5354,conventional_oilfield_range
96.93,25.5411,4.34,1.603,7.83,26.64154,68.11774,42.60002,2.5568,high_pressure_gas_CO2
97.42,3.5124,6.34,143.821,14.67,186.29705,128.91976,154.97539,1.4451,conventional_oilfield_range
83.0,16.9988,5.41,64.52,12.78,215.60246,242.96108,228.87334,1.1269,high_pressure_gas_CO2
25.62,0.1024,6.04,114.27,19.58,1.05785,3.62255,1.95758,3.4245,conventional_oilfield_range
37.97,22.3349,4.52,4.156,7.53,6.38336,28.16534,13.40856,4.4123,high_pressure_gas_CO2
118.85,14.7145,5.63,42.056,2.3,705.98922,341.61806,491.09945,2.0666,high_pressure_gas_CO2
140.96,1.0265,3.69,4.42,11.61,13.89057,149.41348,45.55698,10.7565,conventional_oilfield_range
144.34,0.141,5.38,89.857,19.6,42.67532,80.16789,58.49094,1.8786,conventional_oilfield_range
73.22,83.4923,4.77,99.157,2.7,758.14976,1465.49113,1054.06914,1.933,dense_phase_supercritical_CO2
41.86,1.7318,3.78,119.083,12.2,12.09182,152.75939,42.97835,12.6333,conventional_oilfield_range
42.86,0.1479,5.06,3.756,8.61,0.24676,1.5086,0.61013,6.1137,conventional_oilfield_range
126.23,1.799,4.82,1.756,1.18,10.7271,28.60144,17.51601,2.6663,conventional_oilfield_range
57.64,1.016,6.22,2.754,13.17,1.21116,1.99987,1.55633,1.6512,conventional_oilfield_range
70.27,0.3626,4.06,1.152,11.52,0.43167,3.86898,1.29233,8.9628,conventional_oilfield_range
58.65,10.8868,3.79,3.453,19.56,4.62267,28.574,11.49296,6.1813,high_pressure_gas_CO2
84.66,4.6068,5.16,9.326,12.27,21.74418,54.67414,34.47962,2.5144,conventional_oilfield_range
112.72,7.1666,6.21,1.141,18.34,9.37904,3.78816,5.96065,2.4759,conventional_oilfield_range
28.73,5.6902,5.46,132.738,8.68,35.98059,87.49621,56.10852,2.4318,conventional_oilfield_range
118.31,67.2381,4.35,4.022,8.18,216.30696,297.94662,253.86597,1.3774,high_pressure_gas_CO2
42.66,4.6239,4.57,2.339,17.98,0.86093,4.9825,2.07113,5.7874,conventional_oilfield_range
13.41,11.0027,5.45,149.054,18.85,17.0775,78.73809,36.66946,4.6106,high_pressure_gas_CO2
144.92,5.5087,3.97,10.46,0.31,119.29812,460.43359,234.36907,3.8595,conventional_oilfield_range
79.62,0.2288,3.93,5.615,6.7,1.91214,14.51772,5.26876,7.5924,conventional_oilfield_range
81.66,37.5807,4.47,5.319,0.22,76.624,222.91563,130.6931,2.9092,high_pressure_gas_CO2
131.01,4.2122,4.73,64.927,2.36,413.84321,774.46451,566.13327,1.8714,conventional_oilfield_range
126.69,23.7119,5.09,49.553,3.71,1123.94409,827.2138,964.23133,1.3587,high_pressure_gas_CO2
116.85,44.1872,6.05,5.463,0.3,179.66226,110.06318,140.62077,1.6324,high_pressure_gas_CO2
7.17,10.2857,4.17,1.305,11.24,0.338,2.87265,0.98537,8.499,high_pressure_gas_CO2
111.96,8.1666,4.89,7.49,2.85,67.72503,117.39357,89.16548,1.7334,conventional_oilfield_range
130.43,0.2339,3.55,1.066,9.79,2.10758,17.7972,6.12446,8.4444,conventional_oilfield_range
92.27,86.0615,4.38,96.176,6.13,1573.28898,2594.30824,2020.29616,1.649,dense_phase_supercritical_CO2
128.2,5.9333,6.47,1.791,6.19,18.00073,12.31426,14.88844,1.4618,conventional_oilfield_range
73.27,4.5385,4.42,1.792,13.84,2.87349,10.77039,5.56315,3.7482,conventional_oilfield_range
59.04,3.0621,5.32,20.16,9.24,14.44279,35.1318,22.52557,2.4325,conventional_oilfield_range
111.84,0.4783,5.65,2.988,19.27,3.65643,4.6774,4.13552,1.2792,conventional_oilfield_range
11.22,10.6947,5.4,1.484,13.34,0.54474,1.41241,0.87715,2.5928,high_pressure_gas_CO2
115.89,11.2127,6.43,102.455,5.31,683.14979,313.88154,463.06383,2.1765,high_pressure_gas_CO2
8.05,2.2131,5.06,72.874,3.01,3.3694,19.95276,8.19932,5.9218,conventional_oilfield_range
60.77,12.1761,3.76,23.857,8.63,55.54772,215.4346,109.39333,3.8784,high_pressure_gas_CO2
95.95,5.611,4.91,1.038,13.61,5.5671,12.56283,8.36293,2.2566,conventional_oilfield_range
113.66,2.1101,5.69,2.937,4.99,14.84897,16.64248,15.72017,1.1208,conventional_oilfield_range
15.91,96.8054,4.08,1.457,6.89,2.60238,12.10072,5.61166,4.6499,dense_phase_liquid_CO2
121.69,17.7351,3.93,1.865,2.17,61.30989,156.93092,98.08883,2.5596,high_pressure_gas_CO2
139.15,0.3249,4.84,3.595,10.77,8.86101,16.84211,12.2163,1.9007,conventional_oilfield_range
111.28,0.8632,4.34,125.35,18.63,94.07759,312.04803,171.33805,3.3169,conventional_oilfield_range
49.27,51.0669,6.47,1.38,1.95,7.18207,6.04859,6.59101,1.1874,high_pressure_gas_CO2
90.91,1.6352,4.19,24.342,0.38,27.74221,158.38967,66.28786,5.7093,conventional_oilfield_range
133.76,0.6392,5.15,1.255,5.96,4.36539,8.35857,6.04057,1.9147,conventional_oilfield_range
111.69,46.7978,4.71,91.786,0.2,1659.82587,2615.45766,2083.55569,1.5757,high_pressure_gas_CO2
103.28,67.92,6.19,12.765,12.42,267.9849,95.59609,160.0572,2.8033,high_pressure_gas_CO2
45.79,69.8251,5.92,2.522,10.54,12.34714,11.77421,12.05727,1.0487,high_pressure_gas_CO2
34.76,11.9521,3.6,110.688,10.9,51.30048,585.61364,173.32703,11.4154,high_pressure_gas_CO2
126.0,0.1716,5.19,31.661,10.33,22.48942,74.20629,40.85164,3.2996,conventional_oilfield_range
115.65,5.867,4.1,41.681,0.14,224.38837,1111.64323,499.43949,4.9541,conventional_oilfield_range
5.48,49.4651,5.07,40.449,5.54,17.78617,55.50621,31.42042,3.1208,high_pressure_gas_CO2
46.5,1.7269,5.24,37.882,3.95,10.05778,27.82422,16.72871,2.7664,conventional_oilfield_range
122.43,0.4078,4.2,38.399,12.98,37.07498,159.48813,76.89616,4.3018,conventional_oilfield_range
75.67,12.2115,5.18,16.4,7.28,64.8784,77.69957,71.00017,1.1976,high_pressure_gas_CO2
31.88,11.6178,5.1,1.187,3.5,1.44356,4.67954,2.59907,3.2417,high_pressure_gas_CO2
64.17,9.0155,4.23,4.749,18.28,6.13975,33.36076,14.31177,5.4336,conventional_oilfield_range
63.53,0.2908,4.98,19.997,0.29,4.92457,24.61714,11.01039,4.9988,conventional_oilfield_range
104.43,3.9108,3.71,5.453,0.61,24.10092,139.04886,57.8896,5.7694,conventional_oilfield_range
82.87,0.3318,5.03,3.385,12.19,1.51521,6.58714,3.15926,4.3473,conventional_oilfield_range
52.7,7.9911,4.17,44.354,1.16,41.71972,224.30318,96.73607,5.3764,conventional_oilfield_range
144.21,0.356,4.84,119.717,1.93,151.7036,524.69639,282.13176,3.4587,conventional_oilfield_range
91.07,0.5436,5.82,19.232,14.58,9.79795,25.04795,15.66584,2.5564,conventional_oilfield_range
30.28,2.0702,5.4,59.131,8.29,8.41417,23.77946,14.14512,2.8261,conventional_oilfield_range
67.61,46.5764,5.99,50.099,3.19,372.53723,201.95313,274.2901,1.8447,high_pressure_gas_CO2
61.38,4.5459,3.69,17.924,7.71,19.09114,135.15842,50.79694,7.0796,conventional_oilfield_range
107.04,0.1708,3.95,85.312,0.02,33.29527,289.25063,98.13602,8.6874,conventional_oilfield_range
147.76,39.0768,3.61,16.696,15.15,740.22221,2263.26605,1294.34146,3.0575,high_pressure_gas_CO2
49.6,0.9754,4.06,59.744,10.89,11.87923,79.77707,30.78458,6.7157,conventional_oilfield_range
15.18,60.2566,5.91,1.918,9.04,2.55115,3.35502,2.9256,1.3151,high_pressure_gas_CO2
65.32,18.8031,5.33,25.99,6.64,82.45589,119.07353,99.08741,1.4441,high_pressure_gas_CO2
85.81,37.9697,3.65,6.065,9.49,77.34672,306.74621,154.03186,3.9659,high_pressure_gas_CO2
84.57,8.5753,6.37,8.008,18.63,21.58994,16.56717,18.91254,1.3032,conventional_oilfield_range
112.49,31.5047,4.75,1.536,17.21,31.50227,57.00175,42.37552,1.8094,high_pressure_gas_CO2
74.87,2.786,4.99,13.853,11.26,14.03121,34.26343,21.92618,2.4419,conventional_oilfield_range
54.18,0.5025,3.72,130.993,18.58,8.20245,123.83405,31.87071,15.0972,conventional_oilfield_range
68.77,0.8633,6.13,92.71,3.8,20.81807,30.13525,25.04711,1.4476,conventional_oilfield_range
10.44,0.2464,4.3,1.022,7.03,0.03531,0.37081,0.11443,10.5012,conventional_oilfield_range
14.02,0.2299,4.94,13.339,12.36,0.25228,1.55494,0.62633,6.1635,conventional_oilfield_range
84.25,0.164,4.69,1.722,0.07,0.77613,5.18881,2.00679,6.6855,conventional_oilfield_range
35.21,0.3059,4.38,3.054,15.85,0.27032,1.87031,0.71104,6.9189,conventional_oilfield_range
9.49,0.4381,4.27,22.927,8.74,0.6021,5.77873,1.86531,9.5975,conventional_oilfield_range
6.39,15.6118,4.46,73.851,0.3,11.04766,111.39278,35.08033,10.0829,high_pressure_gas_CO2
94.13,6.0362,6.25,1.016,9.92,5.60723,3.45438,4.40108,1.6232,conventional_oilfield_range
95.57,0.4167,3.74,1.898,6.08,2.04492,18.65235,6.17597,9.1213,conventional_oilfield_range
58.24,0.7461,4.58,1.239,17.75,0.34492,2.43042,0.91559,7.0463,conventional_oilfield_range
57.91,2.6567,5.06,2.896,2.97,2.94297,8.47362,4.99376,2.8793,conventional_oilfield_range
136.46,3.0636,5.74,1.016,6.82,17.25662,13.37425,15.19191,1.2903,conventional_oilfield_range
148.66,2.7323,5.07,22.975,19.13,119.58577,200.70877,154.92551,1.6784,conventional_oilfield_range
63.69,21.6987,5.74,104.628,16.56,113.57756,247.50234,167.6625,2.1791,high_pressure_gas_CO2
102.74,0.1587,4.53,138.045,8.81,25.93688,211.26709,74.02438,8.1454,conventional_oilfield_range
28.86,0.751,4.62,20.298,14.05,1.45577,10.03282,3.82171,6.8918,conventional_oilfield_range
35.87,18.9427,6.19,59.925,17.34,39.67966,35.05828,37.29746,1.1318,high_pressure_gas_CO2
53.2,23.7826,4.29,51.157,7.69,103.79381,465.10365,219.71545,4.481,high_pressure_gas_CO2
31.2,0.1159,4.08,78.62,10.93,1.49332,17.92262,5.17342,12.0018,conventional_oilfield_range
107.14,72.0776,5.27,6.618,1.0,224.52891,164.62857,192.25991,1.3639,high_pressure_gas_CO2
110.25,11.39,5.04,44.57,10.35,307.83854,438.91425,367.57954,1.4258,high_pressure_gas_CO2
97.72,0.3792,6.44,109.767,10.53,41.65367,46.62608,44.0698,1.1194,conventional_oilfield_range
121.29,1.4826,6.22,82.149,17.33,94.87892,80.7424,87.52572,1.1751,conventional_oilfield_range
27.93,16.875,5.32,81.877,12.01,32.47913,70.1083,47.71851,2.1586,high_pressure_gas_CO2
141.84,0.1624,3.99,52.658,5.49,51.39512,259.13549,115.40494,5.042,conventional_oilfield_range
125.55,6.6066,5.29,100.309,9.51,518.1456,837.87574,658.89425,1.6171,conventional_oilfield_range
128.53,18.5074,4.96,110.241,1.15,1248.81559,1575.71731,1402.77594,1.2618,high_pressure_gas_CO2
55.53,38.9543,6.43,9.161,1.47,40.00576,24.17834,31.10101,1.6546,high_pressure_gas_CO2
119.19,0.7152,4.21,11.4,9.67,16.49444,101.24858,40.8661,6.1383,conventional_oilfield_range
57.38,5.4958,5.58,2.748,2.57,5.09419,7.30249,6.0992,1.4335,conventional_oilfield_range
92.21,2.7436,4.9,19.164,9.43,31.27925,101.1958,56.26126,3.2352,conventional_oilfield_range
147.36,26.7407,3.59,20.705,6.69,611.75426,1727.1175,1027.89663,2.8232,high_pressure_gas_CO2
83.02,7.4772,5.56,91.871,4.07,250.5118,245.67776,248.083,1.0197,conventional_oilfield_range
59.67,5.8079,4.71,4.044,2.42,6.3105,19.14531,10.99165,3.0339,conventional_oilfield_range
44.08,4.3421,4.78,12.634,19.8,3.46261,22.12191,8.75212,6.3888,conventional_oilfield_range
80.31,2.7339,4.77,16.949,1.57,28.88358,77.45748,47.29957,2.6817,conventional_oilfield_range
105.44,0.9347,3.61,37.784,12.46,30.94947,242.4424,86.62254,7.8335,conventional_oilfield_range
119.54,0.6043,4.34,9.925,9.05,14.35101,74.83975,32.77234,5.2149,conventional_oilfield_range
110.32,2.7623,4.74,1.357,6.68,5.78162,19.83525,10.70887,3.4307,conventional_oilfield_range
84.69,0.6789,3.66,4.911,1.81,3.65071,33.33492,11.0316,9.1311,conventional_oilfield_range
140.08,1.3979,3.52,9.478,3.37,35.95445,275.51535,99.52891,7.6629,conventional_oilfield_range
38.12,1.7447,6.35,21.18,2.3,6.14299,6.27875,6.2105,1.0221,conventional_oilfield_range
98.78,4.0255,4.94,1.002,14.39,4.12135,9.95785,6.40623,2.4162,conventional_oilfield_range
88.48,10.4002,4.15,55.804,12.56,192.21898,570.96771,331.28663,2.9704,high_pressure_gas_CO2
142.54,32.5515,6.29,149.863,9.56,3575.58567,996.58819,1887.69342,3.5878,high_pressure_gas_CO2
122.44,27.7599,3.78,137.355,15.55,1738.19162,5135.32454,2987.67101,2.9544,high_pressure_gas_CO2
63.92,15.6083,5.7,71.043,8.22,118.02507,171.51355,142.27754,1.4532,high_pressure_gas_CO2
37.84,4.8431,4.12,14.532,4.84,7.59259,44.69519,18.42152,5.8867,conventional_oilfield_range
120.91,0.2452,5.55,21.789,8.43,19.48018,33.41262,25.51243,1.7152,conventional_oilfield_range
62.49,26.7597,4.33,11.447,0.61,47.05694,194.25432,95.60865,4.1281,high_pressure_gas_CO2
44.01,73.5157,4.25,3.619,11.26,14.45303,56.37585,28.54473,3.9006,high_pressure_gas_CO2
20.8,2.4845,4.01,93.214,13.04,8.7529,59.96596,22.91018,6.851,conventional_oilfield_range
130.29,7.0344,6.19,99.405,3.27,814.37256,472.02855,620.00572,1.7253,conventional_oilfield_range
102.75,0.3081,3.56,3.432,7.71,3.65796,29.17489,10.33056,7.9757,conventional_oilfield_range
62.91,1.9009,4.76,1.218,18.55,0.63665,2.59114,1.28439,4.07,conventional_oilfield_range
32.28,22.7459,4.45,56.787,0.29,48.29776,333.59053,126.93178,6.907,high_pressure_gas_CO2
139.54,8.1619,4.48,31.655,13.9,358.79991,789.67574,532.29276,2.2009,conventional_oilfield_range
65.5,34.4206,5.45,2.398,8.98,22.63973,15.44504,18.69951,1.4658,high_pressure_gas_CO2
87.74,35.4864,5.91,3.106,16.58,22.55606,25.87818,24.16009,1.1473,high_pressure_gas_CO2
50.05,0.2911,3.78,3.825,15.93,0.27125,6.2654,1.30363,23.0986,conventional_oilfield_range
17.18,40.4038,5.65,113.667,17.68,50.63495,51.56532,51.09802,1.0184,high_pressure_gas_CO2
116.84,0.1443,4.74,1.387,4.28,1.24221,5.32902,2.57289,4.29,conventional_oilfield_range
99.34,43.1022,4.96,3.425,3.61,59.26922,129.05559,87.4587,2.1774,high_pressure_gas_CO2
35.73,8.0096,4.78,33.554,17.95,10.95998,58.14618,25.24442,5.3053,conventional_oilfield_range
23.48,9.4901,3.68,45.255,10.83,12.21631,101.97846,35.2959,8.3477,conventional_oilfield_range
102.94,2.0267,4.41,1.296,17.45,4.51817,10.98844,7.04611,2.4321,conventional_oilfield_range
94.56,13.0642,5.03,20.378,17.85,72.27028,102.22261,85.95148,1.4144,high_pressure_gas_CO2
147.4,1.0446,5.95,3.719,3.6,16.90042,15.67651,16.27697,1.0781,conventional_oilfield_range
67.32,30.7752,5.1,75.692,16.12,168.54194,270.21455,213.40685,1.6032,high_pressure_gas_CO2
148.51,0.1795,5.78,50.359,19.98,33.20414,68.84309,47.81083,2.0733,conventional_oilfield_range
120.29,34.7088,4.23,46.137,15.49,588.989,1539.82445,952.3338,2.6144,high_pressure_gas_CO2
17.79,40.5816,4.45,6.524,17.54,4.63131,18.06585,9.14705,3.9008,high_pressure_gas_CO2
42.76,18.8207,5.51,4.853,5.39,8.44234,13.36262,10.62129,1.5828,high_pressure_gas_CO2
13.62,7.0871,5.49,25.286,2.17,4.07782,11.83516,6.94706,2.9023,conventional_oilfield_range
55.57,5.965,4.16,9.051,6.56,10.66605,47.65302,22.54483,4.4677,conventional_oilfield_range
50.76,0.6586,4.43,126.454,11.92,13.96147,135.2969,43.46198,9.6907,conventional_oilfield_range
114.98,4.3767,5.56,3.574,0.34,26.45308,32.10894,29.14413,1.2138,conventional_oilfield_range
137.1,18.305,3.82,5.92,18.5,143.94942,337.0697,220.2748,2.3416,high_pressure_gas_CO2
40.23,43.8074,4.53,2.577,0.54,12.44256,31.74509,19.87436,2.5513,high_pressure_gas_CO2
96.93,19.5304,4.13,2.542,12.46,28.64507,76.59956,46.84229,2.6741,high_pressure_gas_CO2
134.57,11.068,5.81,6.311,6.92,196.28832,67.52345,115.1263,2.907,high_pressure_gas_CO2
123.75,46.1678,4.4,12.115,7.69,309.71138,979.37761,550.74894,3.1622,high_pressure_gas_CO2
84.22,0.456,6.45,3.157,4.86,1.90184,2.1833,2.03771,1.148,conventional_oilfield_range
15.39,5.4332,4.55,129.774,10.09,12.3994,100.39997,35.28313,8.0972,conventional_oilfield_range
68.78,57.9952,5.86,14.188,17.11,70.35853,51.22707,60.0355,1.3735,high_pressure_gas_CO2
74.93,15.0705,5.99,3.366,8.91,17.33048,18.23439,17.77669,1.0522,high_pressure_gas_CO2
15.32,6.4199,4.8,6.115,12.87,1.47076,4.96132,2.70128,3.3733,conventional_oilfield_range
47.4,18.519,5.41,39.017,16.65,38.50199,56.58224,46.67472,1.4696,high_pressure_gas_CO2
65.84,10.1846,5.54,6.619,9.36,20.97655,17.64126,19.23676,1.1891,high_pressure_gas_CO2
69.89,65.7478,5.92,12.721,7.13,94.22821,86.01487,90.02792,1.0955,high_pressure_gas_CO2
120.23,4.5342,3.6,1.939,9.71,20.08427,72.53819,38.16905,3.6117,conventional_oilfield_range
23.4,0.5705,5.88,18.79,0.94,1.04126,3.68796,1.95962,3.5418,conventional_oilfield_range
89.25,7.9134,5.98,100.258,5.03,303.9692,242.75561,271.64357,1.2522,conventional_oilfield_range
29.32,0.28,5.39,3.596,17.92,0.15225,0.95056,0.38043,6.2432,conventional_oilfield_range
39.15,0.2012,4.95,95.04,13.05,3.08532,18.90523,7.63732,6.1275,conventional_oilfield_range
14.8,0.1492,4.09,7.331,18.2,0.06483,1.18495,0.27717,18.2777,conventional_oilfield_range
15.44,1.5288,5.92,3.547,2.51,0.2597,1.3387,0.58963,5.1547,conventional_oilfield_range
117.61,1.5029,5.49,3.958,1.33,21.16778,25.14516,23.07091,1.1879,conventional_oilfield_range
36.88,0.3539,4.52,6.279,19.77,0.34585,2.35116,0.90174,6.7983,conventional_oilfield_range
20.43,11.326,6.19,43.101,0.23,20.6298,21.83259,21.22268,1.0583,high_pressure_gas_CO2
16.61,39.5712,4.16,1.574,3.17,1.87232,11.02527,4.54344,5.8886,high_pressure_gas_CO2
126.67,2.9983,3.71,40.43,17.53,124.55792,561.27891,264.40827,4.5062,conventional_oilfield_range
142.66,4.4619,3.57,4.424,11.12,49.66568,230.05776,106.89235,4.6321,conventional_oilfield_range
76.16,0.4333,6.05,4.512,16.74,1.50889,2.78555,2.05014,1.8461,conventional_oilfield_range
